Core SET-V2-FINAL,DNA no.,ÀÚ¿ø¸í,Area,Perim,Width,Height,Tickness,Major,Minor,TicknessM,Angle,Circ,AR,Round,Solidity,Seedweight
cc2-001,DD-0260,°ËÀºÄá,66.36778,31.0463,8.07879,10.4689,9.64213,10.48937,8.04578,9.50255,90.68696,0.86459,1.30517,0.76829,0.98889,47
cc2-002,DD-1066,°æºÏ°æ»ê-1997-54,20.86242,19.17706,3.50682,7.58348,5.13165,7.69504,3.43813,5.00914,92.25351,0.70943,2.24473,0.44703,0.97867,7.9
cc2-003,DD-1141,Àü³²ÇØ³²-1998-16,48.42955,26.56625,6.73502,9.14359,7.96576,9.18845,6.70469,7.78998,91.9106,0.86074,1.37347,0.73175,0.98696,27.6
cc2-004,DD-0703,PI82278,33.67974,22.77366,4.9937,8.42305,6.2351,8.53597,5.00874,6.16744,91.45709,0.81374,1.70878,0.58961,0.98308,15.78
cc2-005,DD-1257,PI 399122,33.9958,22.25402,5.62414,7.79152,6.44596,7.77167,5.55858,6.28721,91.30849,0.86036,1.40076,0.71657,0.98623,18.1
cc2-006,EE-1252,Wu tong shu huang dou,34.79816,23.22225,5.10575,8.68482,5.68734,8.76051,5.04706,5.66835,87.22346,0.8084,1.74243,0.57752,0.98337,13.93
cc2-007,EE-0712,SLS &quot;90-101,45.55477,25.84731,6.3104,9.20496,7.53373,9.20755,6.29239,7.39879,89.31277,0.85549,1.46518,0.685,0.98474,22.99
cc2-008,DD-0461,KLS86083,28.94997,20.69069,4.96487,7.49538,5.98699,7.47049,4.92033,5.9069,90.44178,0.84665,1.5225,0.66073,0.98293,13.73
cc2-009,DD-1396,Tong xu xiao zi huang,35.10912,22.72172,5.51942,8.07832,6.68127,8.13384,5.48536,6.5668,89.02704,0.85235,1.48532,0.67645,0.98368,18.41
cc2-010,DD-0840,PI339736,19.7319,17.72856,3.76233,6.72485,5.24996,6.76911,3.70666,5.15868,92.15485,0.78717,1.83371,0.54886,0.98158,8
cc2-011,DD-0791,KLS88035,67.40504,31.65751,7.63292,11.18167,9.2943,11.23111,7.63385,9.13001,92.60126,0.84399,1.47357,0.68092,0.98882,43.2
cc2-012,CD-1259,È£¼­Äá,22.87216,17.9478,4.83718,6.01643,5.23632,6.0349,4.81124,5.11519,90.44395,0.88922,1.2563,0.79749,0.98184,9.37
cc2-013,DD-1153,Nan zhao cao huang dou,34.82961,22.78411,5.30174,8.27619,5.61186,8.34069,5.30059,5.53158,89.37569,0.8403,1.57463,0.63787,0.98368,14.13
cc2-015,DD-1306,Baekjung #42,43.5391,25.01569,6.33924,8.61995,7.01213,8.68763,6.36013,6.86137,89.5725,0.87108,1.36723,0.73383,0.98593,23.84
cc2-016,EE-0583,PI90763,28.65711,22.25912,4.06778,8.87332,5.703,8.98976,4.05144,5.63666,90.34078,0.72514,2.22997,0.4525,0.98136,12.95
cc2-017,DD-1077,KAS 160-5,39.68666,23.77635,6.30416,8.14494,6.4732,8.07408,6.24534,6.34077,91.59056,0.87954,1.29529,0.77529,0.98446,18.22
cc2-018,DD-0686,PI86490,22.19724,17.94778,4.57616,6.2207,5.54595,6.22316,4.53137,5.40882,93.1087,0.86363,1.37622,0.72904,0.98313,8.7
cc2-019,DD-0700,PI82183,38.63005,23.66276,6.24614,7.93762,7.08575,7.9228,6.20145,6.93076,91.04808,0.86561,1.28108,0.78391,0.98532,19.5
cc2-020,CD-1262,¼ÒÈ²Äá,24.95466,18.8217,5.13251,6.22729,5.626,6.23739,5.07839,5.5185,90.11506,0.88188,1.22962,0.81665,0.98344,9.8
cc2-021,DD-1399,Cai dou,43.73652,26.09911,5.71097,9.77934,6.9213,9.84666,5.64542,6.84612,86.96491,0.80503,1.74878,0.5756,0.98448,21.37
cc2-022,EE-0272,KAS331-13,47.27673,26.35658,6.44711,9.35819,7.44099,9.40334,6.38564,7.35488,94.348,0.85251,1.47463,0.68287,0.98511,25.97
cc2-024,EE-1052,VIR 2977,36.28519,22.9861,5.68962,8.0667,6.42789,8.11724,5.68198,6.29341,92.45566,0.86081,1.4316,0.70339,0.98483,18.64
cc2-025,DD-0715,PI84611,29.02651163,22.12475581,4.272127907,8.621686047,5.924069767,8.768186047,4.203930233,5.762918605,93.54697674,0.742627907,2.092127907,0.480011628,0.983034884,11.4
cc2-026,EE-0211,¸ÞÁÖÄá,41.72506,24.66758,6.50271,8.22721,7.61956,8.23364,6.43916,7.475,91.71455,0.85988,1.28018,0.78412,0.98498,24.4
cc2-027,EE-1238,You huang dou,35.23386,22.58559,5.94955,7.67269,7.04482,7.65784,5.83713,6.90325,93.06183,0.86391,1.31468,0.76447,0.98497,18.2
cc2-028,EE-0206,Èæ»öÀ¯¿ùµÎ,50.48879,27.03565,6.89831,9.3686,7.38848,9.36862,6.83747,7.33702,91.61624,0.86429,1.37302,0.73218,0.98517,26.6
cc2-029,EE-0783,°ËÁ¤Äá-3,28.12916,21.43997,4.27086,8.35403,5.47905,8.40745,4.24751,5.47062,88.4084,0.76587,1.98902,0.50658,0.98093,10.75
cc2-030,EE-0911,KAS361-2,39.29813,23.7418,6.10757,8.19961,7.06626,8.21062,6.08083,6.94472,87.40126,0.8738,1.35215,0.74166,0.98522,21.52
cc2-031,DD-1391,Niu mao huang,32.40453,21.72373,5.40879,7.65616,6.11139,7.6602,5.37155,6.03499,88.85782,0.8598,1.42923,0.70297,0.98302,15.42
cc2-032,CD-1346,¹ÝÃ»µÎ,52.19406,28.13382,6.412,10.22054,8.11498,10.30682,6.42606,8.06908,90.00735,0.82558,1.60888,0.62599,0.98547,32.4
cc2-033,DD-1152,Long zhou dong feng dou,27.4506,19.71116,5.22076,6.68732,6.03759,6.68333,5.21068,5.93151,89.22898,0.88331,1.28891,0.78026,0.98324,13.13
cc2-034,EE-1248,Ryumuo,47.28065,26.00802,6.79845,8.87301,7.63129,8.87489,6.77414,7.53942,89.53883,0.8767,1.31146,0.76544,0.98633,26.9
cc2-035,DD-1404,Mote,31.27396,21.99571,4.84268,8.29205,6.41675,8.28429,4.80234,6.25941,90.26203,0.81084,1.73037,0.58111,0.98325,14.93
cc2-036,KwangkyoV2,KwangkyoV2,44.31004,25.24793,6.48712,8.67663,7.91998,8.70179,6.46852,7.75209,88.60335,0.87085,1.34711,0.74596,0.98551,25.96
cc2-037,EE-0520,KAS640-46,27.3726,19.60874,5.31307,6.58255,6.04363,6.56382,5.27586,5.95356,89.48285,0.88833,1.24623,0.80431,0.98222,12.85
cc2-038,DD-0120,¼ö¿ø98È£,46.04434,25.82278,6.50331,8.956,7.38089,9.00203,6.50842,7.29415,92.40507,0.86528,1.39064,0.72749,0.98571,24.19
cc2-039,EE-0407,KLS85109,36.11517,22.61229,6.17599,7.53789,7.2979,7.50548,6.10081,7.15214,89.96137,0.88308,1.23225,0.81581,0.98386,24.04
cc2-040,DD-0643,°­¿ø¼öÁý2-33,25.96901,20.19508,4.29441,7.62199,6.17087,7.68811,4.27319,6.00513,91.25065,0.79415,1.8068,0.55728,0.98385,11.4
cc2-041,EE-1251,KLG 16001,22.41633,18.45751,4.21895,6.79596,5.71005,6.82398,4.17611,5.58607,92.30893,0.82488,1.63871,0.61351,0.98379,9.7
cc2-042,CD-1234,±¤¾ÈÄá,36.51214,23.07834,5.72974,8.08579,6.04577,8.13218,5.71133,6.02864,89.45268,0.85977,1.42692,0.70623,0.98428,16.13
cc2-043,EE-0540,KLS87277,30.79702,21.10977,5.34398,7.39077,6.57462,7.37573,5.30504,6.43534,91.25715,0.86597,1.3934,0.72054,0.9835,15.98
cc2-044,EE-1126,CS 02005,72.59962,32.66659,8.10805,11.41054,9.59433,11.42854,8.08237,9.41318,93.25162,0.8536,1.41834,0.70993,0.98963,47
cc2-045,DD-0381,SLSB397-1,43.41915306,25.17313265,6.475204082,8.654061224,7.756193878,8.649153061,6.383397959,7.556918367,92.38037755,0.859336735,1.357846939,0.739408163,0.986295918,24.8
cc2-046,CD-1253,º¸¼®Äá,27.2275,19.60457,5.28214,6.58647,5.65274,6.58438,5.2489,5.55063,90.73094,0.88709,1.25461,0.79964,0.98261,11.46
cc2-047,DD-0166,PI407736,46.65775,25.70951,6.91087,8.58964,7.5031,8.61885,6.87932,7.43127,90.39078,0.88458,1.25463,0.80058,0.98625,25.27
cc2-049,EE-0035,KLS72O-1,32.49836,21.53349,5.54176,7.45447,5.94105,7.46055,5.50533,5.82545,88.78595,0.87265,1.36341,0.73705,0.98361,14.97
cc2-050,EE-0909,KAS302-19,29.03454,20.36333,5.28323,6.96913,5.91321,7.00186,5.27205,5.80548,90.80945,0.87769,1.33045,0.75601,0.9831,13.54
cc2-052,DD-0353,Äá³ª¹°Äá,30.92174,21.08126,5.40982,7.33014,6.0412,7.32423,5.36632,6.01283,88.6424,0.87217,1.36712,0.73401,0.98396,15.32
cc2-053,EE-0304,RAIKO,39.54374,24.25614,5.80284,8.68821,6.80668,8.72819,5.75935,6.73322,90.4762,0.84262,1.52007,0.66209,0.98412,20.94
cc2-054,EE-1244,Fen dou 16,35.52616,23.80498,4.97827,9.08302,5.82039,9.15511,4.92752,5.68885,89.52712,0.78527,1.86343,0.53997,0.98239,14.54
cc2-055,DD-0760,PI95853,35.68893,22.41456,6.08149,7.48052,6.65083,7.47556,6.06209,6.48177,88.74055,0.88969,1.23513,0.81183,0.98509,18.94
cc2-056,CD-1175,´ë¾çÄá,51.38768,27.12594,7.11835,9.14365,7.70493,9.17681,7.1178,7.60337,89.9401,0.87555,1.29145,0.77779,0.98626,31.1
cc2-057,DD-1389,Hua huang dou,40.80779,24.41864,6.02856,8.62147,6.58741,8.64551,5.99413,6.46312,91.0665,0.85721,1.44511,0.69518,0.98505,20.04
cc2-058,DD-0647,°­¿ø¼öÁý5-26,45.43287,25.65041,6.57271,8.87368,7.78331,8.86547,6.51549,7.57902,91.36162,0.86598,1.36273,0.73576,0.98775,26
cc2-059,DD-0303,KAS351-20,49.06798,26.80917,6.54049,9.47717,7.50551,9.54453,6.51152,7.49909,93.93719,0.85281,1.46682,0.68934,0.98582,28.07
cc2-060,DD-0739,PI87574,45.25206,26.53729,5.82299,9.82163,6.97354,9.93525,5.78829,6.82299,91.70169,0.80535,1.72116,0.58608,0.98636,20.6
cc2-061,DD-0603,KAS638-10,56.71791,28.55238,7.46108,9.66153,7.95036,9.69308,7.44117,8.00507,89.41019,0.87343,1.30487,0.76877,0.98693,36.8
cc2-062,EE-1253,Qi si wa,37.27843,23.73781,5.47157,8.58984,7.12725,8.68425,5.46189,6.99482,88.78059,0.83021,1.59454,0.63072,0.98617,17
cc2-063,DD-0092,YN213-2,33.28921,22.30561,5.26124,7.98899,6.4182,8.07479,5.24448,6.32721,86.15109,0.83984,1.54139,0.65115,0.98617,17
cc2-064,EE-1241,Pei xian xiao bai jian ke,24.22732,19.11411,4.40322,6.93008,5.62333,7.0087,4.39189,5.55508,88.08147,0.83111,1.59815,0.62762,0.98334,9.3
cc2-065,DD-0851,ÈòÄá,49.95944,26.88319,6.86205,9.36878,7.65959,9.32308,6.8022,7.58642,91.84784,0.86557,1.37304,0.73123,0.98615,28.05
cc2-066,DD-0734,PI86904-1,45.68439,25.60658,6.74894,8.63032,8.01585,8.63836,6.73239,7.79577,89.0913,0.87488,1.28516,0.78107,0.9874,27.3
cc2-067,EE-1120,¼ÓÃ»,69.58602,31.66182,8.16994,10.82393,8.96372,10.84299,8.15826,8.90442,92.605,0.87009,1.33205,0.75485,0.98792,46.79
cc2-068,EE-0089,YJ174-2,51.53835,27.13218,7.18884,9.20156,7.08609,9.18651,7.12852,7.04581,89.9112,0.87696,1.29366,0.77683,0.98586,25.54
cc2-069,DD-1334,Suigen Ao,49.74239,26.5544,7.18379,8.81491,8.11547,8.84058,7.15208,7.99427,89.07304,0.88425,1.23857,0.81125,0.98677,30.79
cc2-070,DD-1226,Cin,31.04186,21.90967,4.89709,8.10831,6.54008,8.13652,4.85212,6.42227,86.88264,0.81157,1.68012,0.59743,0.98502,15.7
cc2-072,DD-1398,Huang pi feng zi wo,21.09416,17.49635,4.38213,6.18779,5.23919,6.18112,4.33164,5.21709,88.20278,0.86177,1.43497,0.70097,0.98078,8.89
cc2-073,DD-0011,KLS117,35.52706,24.66976,4.60792,9.63751,6.16561,9.85644,4.57165,6.28689,87.60382,0.7305,2.16919,0.46547,0.98202,14.79
cc2-074,DD-0676,PI88820,39.75129,24.21401,5.93316,8.56167,6.82364,8.58018,5.89158,6.78781,89.64434,0.85041,1.45933,0.69229,0.98373,20.08
cc2-075,DD-1385,CS 02038,51.9648,27.77065,6.70325,10.00593,7.99348,9.97547,6.61688,7.95795,89.34403,0.84374,1.51286,0.66511,0.98551,29.4
cc2-076,CD-1246,»õº°Äá,29.9421,20.66844,5.39883,7.09995,6.03539,7.0871,5.36472,5.86697,88.70293,0.87762,1.32374,0.75865,0.98332,13.84
cc2-077,EE-1076,PI 399062,30.09603,20.75491,5.37402,7.18424,5.56261,7.16103,5.34052,5.49816,89.27101,0.87549,1.34386,0.74759,0.98219,11.8
cc2-078,EE-0168,YB156,50.38009,27.81525,6.24004,10.40754,7.96168,10.35945,6.18065,7.88576,91.95193,0.81616,1.68034,0.59794,0.98555,30.19
cc2-080,CD-1312,L62-667,45.78849,25.63361,6.65316,8.71214,7.21429,8.75831,6.64255,7.11286,88.37506,0.87327,1.32029,0.76135,0.98557,12.65
cc2-081,PI556949,PI556949,27.3977,21.60432,4.07543,8.54285,5.77401,8.65709,4.02423,5.73043,92.67448,0.73546,2.16599,0.46576,0.98042,11.06
cc2-082,EE-1053,VIR 2980,37.65219,23.22137,5.98041,7.97645,6.64233,8.005,5.97358,6.46236,87.91292,0.87378,1.34655,0.74787,0.98511,18.9
cc2-083,EE-0209,IT103189,55.7494,28.28888,7.33285,9.69669,7.78121,9.70279,7.30638,7.71636,88.97673,0.8734,1.33158,0.75458,0.98688,32.2
cc2-084,DD-0937,Àü³²ÁøÈï¿ø NO.11,58.78406,29.1159,7.50668,10.10061,8.06951,10.06799,7.42489,8.00749,94.41913,0.86951,1.35932,0.73872,0.98611,33.21
cc2-085,EE-0975,Baec-moc-sa-ryu,46.90302,25.90999,6.75224,8.86661,7.86059,8.85956,6.72789,7.83384,86.70331,0.87579,1.31815,0.76138,0.98604,28.03
cc2-086,DD-0009,KLS101-2,38.49902,23.43041,6.13927,7.9732,7.10018,7.98743,6.09491,6.88343,88.21344,0.8746,1.31319,0.76471,0.98468,22.15
cc2-087,CD-1368,¼ö¿ø116È£,45.9221,26.0345,6.5547,9.04033,7.80435,9.01292,6.47649,7.61316,92.94713,0.84959,1.39602,0.71999,0.98548,25
cc2-088,EE-1054,Back Tac,48.74534,26.58028,6.74145,9.18684,7.90567,9.21664,6.71212,7.74416,91.01238,0.86293,1.3774,0.73223,0.98538,27.72
cc2-089,EE-0817,KAS183-2,41.81707,24.46167,6.39807,8.3303,7.00895,8.33955,6.37408,6.91502,91.6797,0.87615,1.31003,0.76724,0.98529,22.83
cc2-090,EE-1113,PI 458260,25.83385,19.53008,4.85383,6.90616,6.00426,6.87397,4.77634,5.88072,86.05874,0.84928,1.44103,0.69618,0.98287,12.5
cc2-091,DD-0534,KLS087062,46.50898,25.92055,6.60704,8.98547,7.65857,8.98732,6.58189,7.54387,89.62991,0.86787,1.37011,0.73464,0.98517,12.91
cc2-092,DD-1390,Bai hua chi,28.44228,20.85874,4.66322,7.7294,5.67428,7.78414,4.63892,5.53524,88.47344,0.818,1.68488,0.59678,0.98276,6.25
cc2-093,DD-0441,KAS611-1,36.41067,23.27223,5.51555,8.50985,6.78631,8.44477,5.47649,6.57735,90.32258,0.84188,1.54632,0.65029,0.98447,18.92
cc2-094,Somyung,Somyung,27.64347,19.72118,5.34709,6.6029,5.671,6.59048,5.32631,5.57446,88.9277,0.89028,1.23889,0.80948,0.98314,12.3
cc2-095,DD-0258,¸ÞÁÖÄá,44.97859,25.31899,6.63101,8.62286,7.47835,8.63014,6.61227,7.36943,90.89133,0.87801,1.30556,0.77056,0.98571,25.15
cc2-096,DD-0694,PI60269-2,34.73139,22.59039,5.49299,8.06389,6.58609,8.08326,5.46147,6.49882,91.21223,0.85327,1.48241,0.67648,0.98446,17.92
cc2-097,CD-1292,½Å·ÏÄá,48.10965,26.26042,7.28212,8.4967,8.05347,8.48626,7.20657,7.83327,88.68611,0.87501,1.18105,0.85014,0.98443,27.88
cc2-098,DD-0672,PI85089,36.43317,22.75181,6.05805,7.75577,6.68836,7.70059,5.99878,6.50869,89.76062,0.88,1.28755,0.77922,0.98464,18.67
cc2-099,EE-0946,Áã´«ÀÌÄá,28.79823,20.70692,4.85955,7.56535,5.57367,7.57002,4.81681,5.46349,89.1068,0.8386,1.57597,0.63792,0.98198,11.33
cc2-101,EE-1078,PI 399089,55.98335,28.53946,7.18109,9.99721,8.60007,9.98179,7.13171,8.54943,91.35156,0.86162,1.40331,0.7172,0.9863,36.71
cc2-102,EE-1037,PI 458209,20.46731,17.43595,4.16049,6.35842,5.43583,6.3441,4.0972,5.41838,89.67619,0.84269,1.55399,0.64816,0.97991,9.33
cc2-103,DD-1234,White-soybean,40.43905,24.13798,6.13137,8.38656,6.69652,8.40333,6.09404,6.63007,87.61547,0.86516,1.39071,0.72571,0.98515,20.5
cc2-104,Daepoong,Daepoong,39.43449,23.72639,6.20813,8.14207,6.82287,8.12094,6.14732,6.65641,88.19969,0.87431,1.32615,0.75704,0.98504,20.04
cc2-105,DD-1218,GL 2624 /96,35.48671,22.92823,5.42802,8.23227,6.17793,8.30295,5.43057,6.05663,88.97834,0.84602,1.5319,0.65573,0.98444,16.92
cc2-106,EE-0897,KAS544-2,38.45418,23.63939,5.90015,8.296,6.82208,8.34469,5.85652,6.7056,85.3017,0.86221,1.42913,0.7034,0.98524,20.29
cc2-108,CD-1244,µµ·¹¹ÌÄá,30.01237,20.82788,5.37657,7.13862,6.48532,7.14315,5.33963,6.29898,90.39773,0.8671,1.34011,0.74936,0.98447,14.2
cc2-109,DD-1388,No. 39 Green,27.48153,20.37428,4.6533,7.55086,5.89366,7.55514,4.60928,5.80744,91.2762,0.82752,1.64229,0.61121,0.98296,13.17
cc2-111,EE-1030,PI 458156,42.70512,25.45283,6.15441,8.87428,7.67529,8.89686,6.10772,7.54849,91.96114,0.82822,1.4597,0.6882,0.98518,27.2
cc2-112,Josaengsuri,Josaengsuri,45.77687,26.25087,6.15187,9.54779,7.62731,9.51032,6.09008,7.57956,88.32871,0.82953,1.56617,0.64305,0.98388,25.19
cc2-113,EE-0443,KLS087019,27.29483,20.21507,4.70424,7.40362,5.77252,7.40048,4.68525,5.65995,89.08862,0.83701,1.58265,0.63546,0.98245,12.65
cc2-114,DD-0583,KAS622-8,47.35492,26.16828,6.76879,8.90125,7.79598,8.93148,6.74609,7.65997,91.16195,0.86811,1.32521,0.75683,0.98774,26.7
cc2-115,EE-0653,PI87632,42.54625,24.71892,6.39092,8.54463,6.97123,8.51965,6.34267,6.80421,89.23148,0.87203,1.34606,0.74647,0.98491,20.9
cc2-116,DD-1232,Ryong song,45.68235,26.13154,6.20189,9.34441,7.40828,9.40678,6.17264,7.26669,90.89211,0.83874,1.52623,0.65812,0.98739,25
cc2-118,DD-1037,WIR2987,31.10541,21.09385,5.47558,7.24784,6.11034,7.25198,5.44549,5.95377,88.56931,0.87526,1.33393,0.75366,0.98385,15.18
cc2-119,DD-1428,CNS,35.06411,22.53966,5.66415,7.87803,6.60778,7.90464,5.64269,6.49674,86.92813,0.8658,1.40339,0.71631,0.9847,17.8
cc2-120,EE-0003,È£¶ûÀÌÄá,37.82349,23.38309,5.94923,8.19173,7.15859,8.14529,5.8806,7.01489,91.51664,0.86378,1.3894,0.72331,0.98425,20.94
cc2-121,DD-0682,PI196168,50.0508,27.06689,6.66583,9.5748,7.8228,9.58387,6.63345,7.63594,86.71834,0.85595,1.44745,0.69424,0.98627,30.03
cc2-122,DD-0342,KAS660-21,28.88368,20.37941,5.21944,7.10528,5.44859,7.10249,5.16566,5.36687,89.0452,0.87132,1.37771,0.72813,0.98252,11.4
cc2-123,DD-0123,YB316-3,47.81363,26.58608,6.46397,9.40593,7.4117,9.45553,6.42448,7.33816,93.09183,0.8481,1.47402,0.68302,0.98551,27.4
cc2-124,EE-0052,PI72227,31.26944,21.58624,5.03522,7.82566,5.96568,7.88474,5.02678,5.94334,87.67114,0.8391,1.57152,0.64416,0.98346,7.65
cc2-125,DD-0639,¼ÒÈï2È£,46.07874,26.6854,5.81537,9.91004,7.17959,10.04111,5.83592,7.16622,87.76287,0.81207,1.72288,0.58221,0.98531,25.08
cc2-126,DD-1045,°ËÁ¤Äá,24.00175,18.32937,5.01986,6.08715,5.14822,6.08031,4.99479,5.05243,89.99429,0.89156,1.21995,0.82343,0.98134,9.12
cc2-127,EE-0732,PI475814,33.96502,22.51909,5.60015,7.79937,6.55006,7.80889,5.53042,6.43948,93.26486,0.84087,1.41335,0.71193,0.9842,17.7
cc2-128,CD-1235,Çª¸¥Äá,28.47686,20.08878,5.32281,6.82062,5.87912,6.82427,5.29335,5.75817,88.98675,0.88289,1.29127,0.77665,0.98351,13.33
cc2-129,DD-0127,YN197-1,32.32853,21.53997,5.6089,7.44227,6.40487,7.42007,5.52775,6.30614,94.10354,0.87159,1.34651,0.74558,0.98348,15.64
cc2-130,DD-0690,PI84642,33.27082,21.92025,5.53848,7.67226,6.28033,7.68722,5.50354,6.18601,89.38681,0.86843,1.39925,0.71674,0.98297,15
cc2-131,EE-1082,PI 399113,45.91696,25.6364,6.78164,8.74851,6.95622,8.72673,6.68443,6.84389,87.35847,0.87558,1.30717,0.76779,0.98497,21.99
cc2-132,CD-1242,ÆÈµµ³ª¹°Äá,34.54684,22.32906,5.62817,7.818,6.69356,7.83138,5.60193,6.56606,88.26042,0.86794,1.39947,0.71653,0.98446,17.17
cc2-133,DD-0947,Beijing da qing don,37.93332,24.22446,5.31636,9.02404,6.3071,9.14064,5.28115,6.36739,88.86283,0.81144,1.73448,0.57998,0.98492,19.73
cc2-134,DD-0718,PI84644,40.78903,24.2352,6.13522,8.42107,6.87319,8.44318,6.12003,6.77539,89.53345,0.86694,1.38472,0.72715,0.98563,22.28
cc2-135,EE-0670,PI96549,43.34977,25.13684,6.13656,8.868,7.28079,8.91887,6.14625,7.18908,91.66955,0.85538,1.45268,0.69601,0.98512,23.87
cc2-136,DD-0684,PI227159,43.66532,24.93971,6.62747,8.44299,7.28102,8.42736,6.58336,7.15065,91.06977,0.87944,1.28323,0.78336,0.98566,26.21
cc2-137,EE-0754,°ËÁ¤Äá-3,49.61425,26.6696,6.9307,9.17818,7.55378,9.15875,6.88384,7.42666,90.10046,0.87404,1.333,0.75511,0.98594,24.92
cc2-138,DD-0880,°ËÁ¤Äá-1,61.57159,30.1396,7.3088,10.76301,8.35783,10.7507,7.26699,8.16052,91.02393,0.84766,1.48565,0.679,0.98665,35.54
cc2-139,EE-0655,PI89138,34.94954,23.37708,5.03056,8.7987,6.0745,8.88074,5.00352,5.95257,90.11008,0.80129,1.78556,0.5686,0.98356,16.01
cc2-140,EE-0743,Ã»ÅÂ,50.96753,27.55186,6.48182,10.00534,8.08831,10.00124,6.46397,7.99135,90.28528,0.83983,1.55071,0.64844,0.98649,31.54
cc2-141,DD-1348,Baekmo #9,51.46405,27.36247,6.94101,9.47293,7.90143,9.48109,6.90079,7.82454,89.54098,0.86218,1.37738,0.72922,0.98519,30.79
cc2-142,EE-1068,Yu tae,26.71325,19.4138,5.28296,6.46954,5.5663,6.47826,5.24046,5.44394,89.04154,0.88851,1.23774,0.8099,0.98237,11.93
cc2-143,EE-0591,PI96786,41.51785,24.4216,6.26972,8.45647,6.92626,8.4537,6.23107,6.81219,89.80819,0.87118,1.35857,0.73839,0.98496,21.5
cc2-144,DD-0331,KAS625-19,23.87049,18.32585,5.12091,5.97235,6.00866,5.98564,5.06524,5.87486,94.17082,0.89062,1.18325,0.84699,0.98407,11.6
cc2-145,EE-0598,PI96354,33.1103,22.07428,5.33402,7.86483,6.26817,7.89516,5.34082,6.19481,90.88623,0.85291,1.48392,0.68076,0.98408,17.11
cc2-147,EE-0660,PI 91073,52.26307,27.46018,6.96973,9.50206,8.02901,9.51857,6.97562,7.9366,91.8537,0.86788,1.36908,0.73597,0.98645,30.97
cc2-148,DD-0657,SLS B229-1,40.11633,24.07673,6.15449,8.38105,6.87026,8.36482,6.08792,6.69635,93.38506,0.86641,1.37721,0.72878,0.98489,20.97
cc2-149,DD-0961,KAS304-12,33.03618,21.87855,5.546,7.6924,6.57407,7.67011,5.47503,6.48598,86.77273,0.86513,1.4044,0.71441,0.98446,17.04
cc2-150,EE-1074,KLS 808-1,34.59383,22.27724,5.76237,7.67296,6.73483,7.66511,5.72658,6.63155,89.69614,0.87257,1.33995,0.74827,0.98368,17.5
cc2-151,DD-0766,Oialkong,43.55876,25.27733,6.22751,8.93401,7.35834,8.95193,6.18597,7.14207,92.42368,0.85487,1.44933,0.69394,0.98495,23.88
cc2-152,DD-1395,Si li da dou,37.05389,23.60461,5.43122,8.61848,5.98053,8.68845,5.4136,5.93277,88.02621,0.83309,1.60665,0.62476,0.98361,16.65
cc2-153,CD-1299,Fiskeby,39.04446,24.23037,5.67318,8.70154,6.48809,8.78931,5.64263,6.45891,90.81865,0.83243,1.56558,0.64405,0.98317,18.08
cc2-154,DD-0681,PI96089-5,40.73066,24.04019,6.45404,8.07765,6.78496,8.08249,6.4078,6.67376,89.74125,0.88398,1.26262,0.79443,0.98447,20.66
cc2-155,EE-0058,¼ö°è30È£,34.3526,22.3147,5.56952,7.80202,6.60192,7.83226,5.55668,6.4566,89.69496,0.86096,1.41918,0.71168,0.98402,8.88
cc2-156,DD-0403,KAS210-22,47.48593,26.52457,6.55941,9.29163,7.84052,9.28638,6.50485,7.71483,91.19285,0.84717,1.431,0.70417,0.98408,29.1
cc2-157,DD-1371,PI 87002,34.82445,22.75927,5.61238,8.07681,7.23842,8.03872,5.50695,7.03114,93.55241,0.84266,1.46537,0.68788,0.98447,18.6
cc2-158,DD-1393,Ji li huang dou,40.59394,24.61306,5.83438,8.85785,6.82574,8.89296,5.80239,6.72576,91.24303,0.84013,1.53607,0.65456,0.98519,22.96
cc2-159,EE-0782,°ËÁ¤Äá-1,28.481,21.83034,4.17553,8.58738,5.60456,8.69387,4.16243,5.63228,89.19254,0.74894,2.09946,0.4811,0.98193,13.02
cc2-160,EE-1265,GL 2687 A,24.36288,19.52406,4.22169,7.38759,5.52611,7.42052,4.17126,5.4604,89.78623,0.80062,1.78693,0.56413,0.98149,10.89
cc2-161,EE-0289,KAS629-10,51.74207,27.31244,6.99052,9.54421,7.30936,9.48479,6.91836,7.19293,90.76497,0.8677,1.37271,0.73107,0.98595,27.08
cc2-162,CD-1248,¾ÈÆòÄá,31.98852,21.26834,5.62014,7.19801,6.38363,7.21255,5.61767,6.22652,89.74859,0.88266,1.2901,0.77984,0.98444,15.76
cc2-163,EE-0080,YN213-1,28.73072,20.5413,5.0207,7.34744,6.00157,7.34947,4.96864,5.92432,87.46068,0.85363,1.48113,0.678,0.98256,13.84
cc2-164,DD-1161,Heihokuta),56.74038,28.94725,7.04072,10.41069,7.81509,10.33308,6.97611,7.74985,90.82401,0.84824,1.4847,0.67786,0.98642,31.11
cc2-166,DD-1392,Xiao tie jiao,34.97598,23.14886,5.18502,8.56965,5.83683,8.61165,5.15281,5.74288,88.55851,0.81699,1.67505,0.5996,0.98348,15.24
cc2-167,DD-1323,VIR 2962,33.78317,22.29254,5.52894,7.87233,6.26207,7.8731,5.45165,6.11605,91.28844,0.85159,1.44871,0.6945,0.98186,15.69
cc2-168,EE-1235,KAERI 590-6,30.20132,21.19232,5.24551,7.45351,6.66388,7.41942,5.17455,6.55222,93.99035,0.84334,1.43732,0.69921,0.98357,16
cc2-169,EE-1056,GL 2684 /95,29.15714,21.02086,4.79384,7.71789,5.93206,7.77717,4.75716,5.87053,91.50906,0.82555,1.64011,0.61287,0.98302,14.21
cc2-170,DD-1252,PI 399100,31.69928,21.70015,5.18768,7.80759,6.37103,7.81125,5.13574,6.23597,88.69224,0.84127,1.52527,0.66098,0.98287,15.85
cc2-171,EE-1092,ORD 8139,29.20813,20.49342,5.25119,7.15428,5.78925,7.12849,5.20456,5.74591,91.32112,0.8712,1.3726,0.73085,0.98343,13.77
cc2-173,DD-0935,°ËÀº¹ÚÄá,75.99813,33.18285,8.60601,11.39059,10.02701,11.33169,8.52894,9.85893,92.10955,0.8659,1.32977,0.75445,0.98977,52.2
cc2-174,DD-1394,Xi hai zhuang da dou,38.78098,23.77215,5.92929,8.34175,6.52757,8.38482,5.87932,6.47205,87.98304,0.86033,1.42901,0.70226,0.98499,19.7
cc2-175,EE-0717,SLS &quot;90-146,42.06476,25.09261,5.94897,9.04562,6.99148,9.08033,5.87569,6.95631,85.25478,0.83524,1.5536,0.65038,0.98403,20.85
cc2-176,poolnkong2,poolnkong2,27.72645,19.88642,5.22422,6.80746,5.81672,6.79765,5.18577,5.73597,90.37405,0.87937,1.31257,0.76396,0.98336,13.33
cc2-177,EE-0499,KAS575-1,42.02168,24.39514,6.65822,8.12185,7.71871,8.09772,6.59736,7.58245,94.23883,0.88557,1.22913,0.81505,0.98761,25
cc2-178,CD-1201,È£ÀåÄá,52.33868,27.21769,7.27076,9.07389,7.8838,9.10413,7.26754,7.75416,90.73554,0.88086,1.25616,0.79923,0.98619,31.61
cc2-179,DD-1308,Çª¸¥µ¶»õ±âÄá,57.22173,28.49503,7.65819,9.54257,8.69985,9.53583,7.62673,8.5999,89.76436,0.88331,1.25291,0.80148,0.98696,38.94
cc2-180,PI417329,PI417329,45.86824,25.96666,6.45189,9.1496,7.06506,9.13524,6.37621,6.9467,88.10772,0.85196,1.43764,0.69925,0.98493,23.96
cc2-181,EE-0301,KAS663-8,38.21836,23.389,6.13301,7.96299,6.88555,7.97373,6.09239,6.85113,91.74103,0.87559,1.31141,0.7669,0.98479,21.17
cc2-182,DD-1140,¼±ºñÄá,62.21756,30.25481,7.45537,10.59011,8.32936,10.64192,7.43442,8.29167,89.08172,0.85256,1.43405,0.70126,0.98647,38.97
cc2-183,DD-1061,KAS 100-8-2,30.34309,20.74995,5.50045,7.086,5.71329,7.07108,5.43938,5.5957,90.87795,0.88068,1.30361,0.77091,0.98195,12.3
cc2-184,DD-0710,PI83893,44.48092,25.32287,6.42267,8.70888,7.19413,8.76482,6.45131,6.97736,90.20984,0.86896,1.36147,0.74313,0.98532,21.44
cc2-185,CD-1171,³²Ç³Äá,37.80089,23.09162,6.29199,7.66788,6.92356,7.66865,6.25687,6.75184,89.21317,0.88725,1.22888,0.81752,0.98502,20.24
cc2-186,EE-0056,PI171434,43.09215,25.38957,5.96147,9.22976,7.36125,9.2434,5.93085,7.21434,91.22649,0.83815,1.5647,0.64444,0.98563,25.02
cc2-187,EE-0553,°­¿ø¼öÁý3-24,43.27724,25.31606,6.06882,9.07366,7.17618,9.09706,6.01141,7.09121,87.96582,0.84198,1.51572,0.66372,0.98449,23.48
cc2-188,DD-0663,KLS88066,51.07897,26.80615,7.55377,8.66128,7.94809,8.64034,7.49895,7.84559,87.98441,0.88922,1.15511,0.86918,0.98628,33.28
cc2-189,DD-0706,PI82544,50.45316,27.172,6.7111,9.59153,7.49035,9.61916,6.67428,7.48109,87.87208,0.85749,1.44376,0.69689,0.98629,27.18
cc2-190,EE-0705,PI475812B,29.78337,20.68464,5.26928,7.1819,6.18605,7.19392,5.25956,6.04894,88.59296,0.87211,1.37098,0.73182,0.98426,15.44
cc2-191,EE-1058,Cin,27.27753,20.38181,4.58608,7.57934,5.43382,7.60264,4.55266,5.28712,90.71085,0.82123,1.6772,0.60021,0.98144,10.44
cc2-192,DD-0719,PI84646-2,37.01561,23.21103,5.768,8.2168,6.69468,8.21699,5.71338,6.63788,90.64303,0.85904,1.44298,0.69719,0.98364,19.36
cc2-193,DD-0630,IT155162,29.22902,20.48156,5.43552,6.97153,6.66265,6.94077,5.35549,6.47396,94.32401,0.8742,1.29794,0.77194,0.98437,15.1
cc2-195,EE-0615,PI83853,40.56236,24.1037,6.25122,8.23046,7.0323,8.26406,6.23872,6.87491,90.06683,0.87483,1.32778,0.75775,0.9851,21.78
cc2-196,DD-0309,KAS505-1,37.03215,23.06455,5.94949,7.9986,6.39975,7.98619,5.89533,6.32037,91.10559,0.87234,1.35892,0.7408,0.98338,16.7
cc2-197,DD-0900,°ËÁ¤Äá-2,26.13302,19.68679,4.67259,7.15711,5.61309,7.15912,4.63135,5.57207,91.92573,0.84336,1.55025,0.65013,0.98183,12.18
cc2-198,DD-1154,Fu yang (30),32.38597,22.08429,5.10174,8.0611,5.51118,8.13654,5.05873,5.52907,87.21714,0.83224,1.61244,0.62281,0.98352,13.86
cc2-199,CD-1249,¼­³²Äá,24.79997,18.84708,4.8517,6.5489,5.74783,6.54314,4.80371,5.66819,87.83105,0.87291,1.36367,0.73562,0.98233,11.32
cc2-200,EE-0331,³ó¸²73È£,54.33552,28.10385,7.46092,9.37818,8.87379,9.33575,7.3947,8.73356,90.52591,0.86226,1.26401,0.79353,0.98627,34.5
cc2-201,EE-0590,PI89154-S,42.78264,24.73799,6.5203,8.45026,7.18919,8.42928,6.45334,7.0915,89.74677,0.87664,1.3085,0.76731,0.98465,22.58
cc2-202,DD-0220,KLS77170,29.93524,20.76861,5.31906,7.23163,6.13686,7.21554,5.26827,6.05827,88.20458,0.86918,1.37327,0.73077,0.98244,13.81
cc2-203,shin1,shin1,44.10121,25.19229,6.44826,8.62734,6.91474,8.70731,6.43787,6.80069,90.15143,0.87112,1.35492,0.74081,0.98612,23.38
cc2-204,DD-0633,KLS87005,54.8477,28.10144,7.29762,9.60921,8.04014,9.60844,7.24436,7.99151,89.39805,0.86965,1.32806,0.75543,0.98548,31.32
cc2-205,EE-1081,PI 399108,38.40597,24.19011,5.41475,8.9416,6.46781,9.02601,5.40609,6.36039,88.16454,0.82275,1.67174,0.60046,0.98331,17.19
cc2-206,Ogden,Ogden,48.70388,26.31383,6.91067,8.90772,7.31239,8.95663,6.9005,7.23072,87.56216,0.88012,1.30167,0.7707,0.98629,25.62
cc2-207,EE-0205,Äá³ª¹°Äá,25.03818,18.91886,4.92651,6.50597,5.41498,6.52683,4.87429,5.33234,89.28766,0.87651,1.34249,0.74758,0.98239,10.61
cc2-208,DD-0695,PI64698,34.78095,22.18691,6.01933,7.46268,6.72974,7.45114,5.92035,6.66224,98.25087,0.88341,1.26179,0.7969,0.98457,19.76
cc2-209,Saedanbaek,Saedanbaek,43.24043,24.87332,6.5048,8.50271,7.48605,8.50411,6.47037,7.33217,90.67235,0.8769,1.31761,0.76229,0.98572,24.96
cc2-210,EE-0955,Savoy,48.32682,26.46086,6.70224,9.08608,7.32892,9.1512,6.70636,7.24932,90.52668,0.86504,1.36586,0.73606,0.98564,12.87
cc2-211,EE-0608,PI82295,36.17659,23.11323,5.50708,8.33189,6.42549,8.35487,5.49232,6.30422,91.30951,0.84659,1.52731,0.65843,0.98464,17.87
cc2-212,DD-1129,Ã»¼Û¼öÁý-1,27.18058,19.89507,4.91858,7.09069,6.12003,7.07705,4.87362,5.98558,91.33134,0.85965,1.45373,0.69079,0.98299,13.67
cc2-213,DD-0377,SLSB322-3,45.92678,25.69626,6.55984,8.85132,7.24901,8.90865,6.54926,7.20835,92.67868,0.87046,1.36749,0.7369,0.98585,24.57
cc2-214,DD-1224,PI 603174 A,23.73869,19.53795,4.05968,7.36282,5.37413,7.45673,4.03691,5.31111,91.42548,0.77782,1.85546,0.54356,0.97968,11.22
cc2-215,DD-0624,KAS660-12,44.44255,25.59269,6.18503,9.16487,7.41645,9.16702,6.13782,7.29203,92.30978,0.84749,1.49632,0.67337,0.98498,24.32
cc2-216,PI507238,PI507238,38.76528,23.60604,6.14935,8.03235,6.62533,8.08585,6.10254,6.547,84.72504,0.87254,1.32804,0.76039,0.98467,9.82
cc2-218,DD-1305,Suwongaetong #2,41.92745,24.67085,6.21695,8.53037,7.36345,8.61347,6.19835,7.263,86.00111,0.86475,1.393,0.72375,0.98472,23.93
cc2-219,EE-0593,PI81037,41.72652,24.80847,6.01077,8.83655,7.22835,8.84136,6.00115,7.1666,88.65409,0.85056,1.47526,0.68066,0.98491,23.75
cc2-220,DD-0701,PI82218,57.45962,29.12698,7.09042,10.22688,7.96011,10.29273,7.09485,7.88266,89.2393,0.849,1.45343,0.69202,0.98506,32.9
cc2-221,DD-0893,°ËÁ¤Äá-5,27.36422,19.82437,5.10233,6.79282,5.73914,6.82899,5.09518,5.61485,91.82399,0.87276,1.34334,0.75142,0.98291,13.19
cc2-222,EE-0219,¿ÃÄá,44.08157,25.38793,6.25636,8.96218,7.16924,9.01924,6.20623,7.11635,87.27532,0.85544,1.46033,0.69104,0.98467,20.08
cc2-223,DD-1209,PI 458269,26.37941,19.59334,4.83256,6.92778,5.61314,6.95997,4.80467,5.53885,91.21051,0.85839,1.45418,0.69302,0.98263,12.33
cc2-224,EE-0556,°­¿ø¼öÁý3-31,54.36716,27.89838,7.30381,9.43075,7.97338,9.49277,7.2731,7.878,93.04783,0.87466,1.30938,0.7668,0.98659,34.12
cc2-225,DD-0755,PI91083,44.87764,26.34317,5.80578,9.80913,7.2933,9.86464,5.77928,7.14323,88.97821,0.8101,1.71257,0.58862,0.98454,23.78
cc2-226,DD-1200,PI 458175 C,47.28324,26.07724,6.75108,9.0521,7.52211,8.99156,6.67569,7.41017,88.90278,0.87074,1.3484,0.74403,0.98573,26.69
cc2-227,DD-0023,KLS419,50.61359,26.82536,7.09808,9.05396,7.15974,9.08834,7.07299,7.05547,87.90623,0.88086,1.28819,0.77912,0.98607,25.89
cc2-228,DD-0721,PI84680,57.48461,28.66188,7.57239,9.59361,7.47788,9.6712,7.53665,7.46367,92.51257,0.87376,1.28649,0.79,0.98578,14.19
cc2-229,Sochung2,Sochung2,35.19289,23.05215,5.27516,8.4687,6.48266,8.50361,5.25533,6.36711,89.84199,0.8289,1.62574,0.62077,0.98407,17.72
cc2-230,DD-0047,Lindarin #63,39.94293,24.15192,5.96352,8.46515,6.68477,8.5325,5.94882,6.60072,92.5766,0.85817,1.43765,0.70075,0.98538,8.4
cc2-231,DD-0699,PI80470,42.5204,24.87512,6.42755,8.47429,7.60281,8.46463,6.38206,7.47088,89.80974,0.86097,1.32963,0.7574,0.98607,25
cc2-232,X1000A,X1000A,30.7307,20.81021,5.70376,6.8579,6.26242,6.90066,5.66434,6.16133,97.29362,0.89018,1.22006,0.8228,0.9838,16.4
cc2-233,CD-1307,OT94-51,38.45182,23.44638,6.17809,7.99039,6.91073,7.973,6.11964,6.80698,90.89564,0.87483,1.30613,0.77158,0.98465,20.56
cc2-234,DD-1036,WIR2962,33.59145,22.78696,5.06429,8.46407,5.94298,8.52418,5.01338,5.84738,92.84298,0.81118,1.70886,0.59036,0.98271,15.28
cc2-236,DD-0547,KLS87113,25.75924,19.40615,4.77003,6.95713,5.73387,6.9283,4.72042,5.64745,91.45352,0.85703,1.46844,0.68268,0.9821,13.12
cc2-237,DD-1294,L-B,65.26639,31.20701,7.87516,10.46323,9.24949,10.53604,7.88394,9.12677,92.25323,0.84156,1.33839,0.75001,0.98692,44.1
cc2-238,DD-0385,SLSB-B-15,40.27545,24.63737,6.0775,8.61396,7.64041,8.55622,5.98303,7.49689,93.14921,0.83213,1.43328,0.70078,0.9844,24.3
cc2-239,CD-1261,°¥Ã¤Äá,21.73879,17.60028,4.87623,5.72782,5.41163,5.71932,4.83007,5.30055,93.05403,0.88006,1.18551,0.84549,0.9826,10
cc2-241,DD-0636,KLS87323,48.13426,26.57263,6.43495,9.50117,7.94694,9.50021,6.42937,7.94657,90.70304,0.85315,1.47874,0.68054,0.98617,29.77
cc2-242,96983-k,PI96983-k,39.24932,23.81787,5.99482,8.28621,6.62041,8.33003,5.98142,6.49632,89.93768,0.8658,1.39729,0.71933,0.98523,20.25
cc2-243,DD-1397,Tong shan huang da dou jia,44.1601,25.26509,6.38877,8.75843,7.2891,8.80072,6.38191,7.209,90.11118,0.86776,1.38207,0.72612,0.9852,24.21
cc2-244,EE-0183,KLS77013,54.67996,27.89519,7.5023,9.28696,7.7192,9.31572,7.44484,7.70748,91.34392,0.87936,1.25225,0.80145,0.98633,32.81
cc2-245,DD-0656,SLS B30-2,47.46413,26.40362,6.41297,9.41139,7.44473,9.43849,6.38091,7.35053,94.53725,0.85203,1.48113,0.67855,0.98535,27.66
cc2-246,DD-0675,PI86982,44.98934,25.22606,6.84767,8.33413,7.33246,8.37037,6.83592,7.24596,89.77152,0.88684,1.22601,0.81828,0.9849,22.96
cc2-247,PI548533-1,PI548533-1,46.06465,25.62881,6.79877,8.64685,6.81038,8.667,6.73829,6.72441,86.51647,0.87641,1.29104,0.77886,0.98467,21.15
cc2-248,EE-0628,PI84669N,40.2936,24.24451,6.04229,8.42809,6.76601,8.47198,6.03028,6.66511,91.03318,0.85574,1.41176,0.72005,0.98424,20.6
cc2-249,York,York,42.39243,25.11581,5.92687,9.08161,6.88705,9.1169,5.9016,6.7934,88.67435,0.84127,1.54977,0.64845,0.98519,21.73
cc2-250,DD-0894,°ËÁ¤Äá-5,24.2758,19.04399,4.46661,6.96724,5.68442,6.96477,4.41817,5.63042,92.29111,0.83629,1.58258,0.63578,0.98156,11.41
cc2-251,DD-0620,KAS651-37,53.58625,27.77543,7.23877,9.40166,7.72623,9.45392,7.2011,7.6154,87.10008,0.87011,1.31567,0.76434,0.98565,28.62
cc2-253,DD-1304,Sugae #43(A),47.14174,26.13193,6.60169,9.07404,7.18605,9.13549,6.56471,7.10387,87.8241,0.86605,1.39432,0.72064,0.98576,25.23
cc2-254,DD-0270,°ËÁ¤Äá,66.85429,31.68024,7.33368,11.53037,9.32289,11.59282,7.32691,9.2966,93.26727,0.83428,1.58485,0.63547,0.98708,45.16
cc2-255,EE-1123,CS 01964,52.27627,27.10107,7.53513,8.891,8.00575,8.85844,7.48751,7.87899,91.8963,0.89079,1.18508,0.84674,0.9868,30.58
cc2-256,DD-0213,KLS77131-2,41.02269,24.72311,5.84085,8.93653,6.9077,8.98146,5.80735,6.81058,89.16888,0.84119,1.55188,0.64812,0.98445,20.08
cc2-257,EE-0448,KLS087160,49.30944,26.49982,7.03354,8.93275,7.82105,8.94303,7.01119,7.64742,88.66207,0.88031,1.27847,0.78653,0.98619,28.75
cc2-258,Hannam,Hannam,26.28648,19.46445,4.91398,6.82616,5.7216,6.82596,4.89255,5.56089,89.3752,0.86944,1.39695,0.71841,0.98298,12.04
cc2-259,DD-1113,KAS 100-12,36.2502,23.36994,5.29745,8.62825,6.20853,8.68467,5.27832,6.16799,89.64034,0.82714,1.65267,0.60787,0.98466,18.1
cc2-260,DD-0742,PI87630,30.39534,20.7117,5.64984,6.87055,6.52429,6.87077,5.62449,6.3874,91.81815,0.88824,1.22429,0.82041,0.98355,15.85
cc2-261,CD-1400,À°¿ì16È£,60.58057,29.34215,7.82205,9.79013,8.32954,9.84896,7.81619,8.22586,87.81349,0.88154,1.26233,0.79672,0.98704,36.92
cc2-262,Hwanggm,Hwangkeum,54.33246,27.7388,7.55224,9.16382,8.0131,9.19334,7.51392,7.89204,93.81582,0.88524,1.22584,0.8201,0.98694,16.19
cc2-263,DD-0763,PI96280,39.72275,24.44758,5.63151,8.93851,7.19416,8.98128,5.61249,7.07446,91.34674,0.83141,1.60633,0.62734,0.98518,22.69
cc2-264,EE-0239,³íµÎ··Äá,49.86662,26.52296,7.23019,8.80008,7.93074,8.78996,7.17889,7.82698,91.11304,0.88394,1.23083,0.81748,0.9861,31.16
cc2-265,EE-0957,´ëÃßÄá,57.39747,29.325,7.01974,10.34112,8.40907,10.40895,7.002,8.3904,92.1286,0.83572,1.49302,0.6784,0.98553,17.56
cc2-267,EE-0098,YJ87,46.68102,26.21382,6.44664,9.29239,7.56304,9.28931,6.38496,7.365,90.97091,0.85163,1.45665,0.68939,0.98463,25.8
cc2-269,CD-1213,¸¸Ç³Äá,40.77591,24.18724,6.28522,8.34396,7.11001,8.30254,6.23344,6.98717,90.88768,0.87221,1.33462,0.75512,0.98578,23.6
cc2-270,CD-1310,Blackhawk,41.10971,24.46555,6.13301,8.50927,6.75381,8.55412,6.11154,6.63213,88.68387,0.86054,1.40542,0.71781,0.98446,19.46
cc2-271,DD-0578,KAS524-4,46.48415,26.11153,6.44818,9.20534,7.48064,9.2327,6.40612,7.40586,88.35647,0.85551,1.44446,0.69599,0.98501,24.75
cc2-272,CD-1233,ºÎ±¤Äá,34.51205,22.07496,5.9711,7.41728,6.60566,7.39602,5.91371,6.45636,89.44825,0.88529,1.25334,0.79982,0.98421,17.01
cc2-273,EE-0169,YB186-1,44.01556,24.99676,6.74023,8.3727,7.39364,8.3568,6.67948,7.22254,90.68949,0.8812,1.25278,0.8022,0.98518,23.94
cc2-274,DD-0035,KLS714-2,35.35444,22.67155,5.60334,7.97115,6.61974,8.03029,5.59704,6.56126,87.8599,0.8626,1.43624,0.69833,0.9842,18.55
cc2-275,DD-0664,KLS88068-2,43.48949,25.12161,6.28357,8.81708,6.89206,8.82886,6.25932,6.8458,91.44557,0.86359,1.4134,0.7103,0.98495,22.9
cc2-276,EE-0434,KLS86037,42.92835,24.77495,6.43751,8.49296,7.46609,8.48969,6.41973,7.41191,91.68217,0.87546,1.32594,0.75788,0.98577,24.04
cc2-277,DD-0078,YN154,30.30727,21.09951,5.20295,7.54858,5.88572,7.52057,5.12461,5.81345,90.99882,0.85357,1.47221,0.68223,0.98188,12.88
cc2-278,EE-0015,KLS137-1,47.40952,25.92891,6.9408,8.61864,7.08702,8.68874,6.92462,7.06529,89.42569,0.8822,1.25588,0.8012,0.98595,26.12
cc2-279,EE-0386,KLS86097,68.8562,31.63504,8.01851,10.86951,8.72597,10.93147,8.00152,8.74764,90.59904,0.86205,1.36823,0.73492,0.98698,43.95
cc2-280,DD-0129,¼ö¿ø103È£,39.37759,23.71866,6.23557,8.13938,7.17678,8.0791,6.17915,7.00817,90.9824,0.87541,1.30974,0.76653,0.98466,21.03
cc2-281,DD-0319,KAS531-5,55.8576,28.65343,7.35827,9.74088,9.04364,9.71484,7.31342,8.84476,90.32571,0.85407,1.33063,0.75355,0.9866,36.4
cc2-282,DD-1329,Nezumi Meta,26.83073,19.51734,5.18649,6.64471,5.90353,6.63883,5.12524,5.83641,91.13705,0.88057,1.29892,0.77482,0.98233,13.18
cc2-283,DD-0842,PI407795A,29.23898,20.49758,5.25892,7.10635,5.86133,7.11215,5.21786,5.69701,90.58602,0.87124,1.36467,0.73533,0.98295,13.05
cc2-284,DD-0008,Kantou #44,50.87106,26.81841,7.3906,8.82109,8.00211,8.8093,7.34056,7.84094,87.49835,0.88652,1.20284,0.83499,0.98575,31.36
cc2-285,DD-1358,Chonggok,45.40276,25.56882,6.55399,8.81584,7.34031,8.83142,6.53999,7.27709,88.47001,0.87069,1.35311,0.74532,0.9855,24.79
cc2-286,EE-0199,KLS77196-1,35.86323,22.86444,5.724,8.06922,6.63392,8.05456,5.65956,6.55593,91.81085,0.85986,1.4269,0.70482,0.98377,19.42
cc2-287,DD-0341,IT115870,31.25106,21.3409,5.33532,7.57212,5.98024,7.53277,5.2714,5.87779,90.49836,0.86001,1.43191,0.70044,0.98207,13.77
cc2-288,EE-1063,Giant,46.37438,26.63882,5.90833,9.834,6.98926,9.95643,5.91926,6.98429,88.54419,0.81914,1.68595,0.59697,0.98538,25.53
cc2-289,EE-1064,I chu tau chow,48.30192,26.4472,6.74691,9.16998,7.54068,9.17792,6.69029,7.46513,87.01577,0.86597,1.37334,0.73166,0.98518,28.13
cc2-290,EE-0203,IT102595,28.05222,19.95401,5.32787,6.73143,5.76729,6.73481,5.2957,5.63672,88.93811,0.88316,1.27532,0.78747,0.98298,12.66
cc2-291,DD-0747,PI89128,34.84507,22.55773,5.5829,7.92694,6.272,7.95571,5.56302,6.17685,91.05349,0.85594,1.44188,0.70421,0.98359,16.76
cc2-292,DD-0378,SLSB406-2,32.09739,21.52624,5.50708,7.45433,6.59744,7.47978,5.45727,6.48308,93.25418,0.86848,1.37373,0.73206,0.98342,17.34
cc2-293,DD-0203,KLS77048,39.54307,23.75712,6.19979,8.10207,7.33811,8.11219,6.19133,7.20093,90.0487,0.87723,1.31394,0.76568,0.98539,21.39
cc2-294,EE-0560,KLS87345,41.44755,24.46998,6.34237,8.37962,7.27035,8.3683,6.26985,7.06891,89.35759,0.86435,1.33537,0.75343,0.98277,20.46
cc2-295,EE-0664,PI92568,34.68593,22.09728,5.99543,7.37467,6.34942,7.36976,5.97631,6.19669,88.74055,0.88969,1.23513,0.81183,0.98509,16.19
cc2-296,DD-0697,PI68484-4,35.90256,22.734,5.925,7.81822,6.4156,7.8162,5.84392,6.30912,92.6297,0.87096,1.34286,0.74936,0.98372,8.37
cc2-297,DD-0915,°ËÁ¤Äá-5,26.84751,19.63517,5.03141,6.84768,5.72124,6.82529,4.99764,5.58956,90.46156,0.87195,1.37127,0.73451,0.98227,11.5
cc2-298,DD-0870,°ËÁ¤Äá-4,45.45275,26.16833,6.03203,9.55301,7.06218,9.61142,6.01092,6.97323,91.61008,0.8323,1.60123,0.62892,0.98557,23.79
cc2-299,DD-0967,KAS590-6,36.29389,22.70467,6.07794,7.64945,6.72121,7.644,6.03877,6.61188,90.28696,0.88323,1.26821,0.79102,0.98473,18.69
cc2-300,DD-0853,¹ä¹ØÄá,64.19676,30.75779,8.03132,10.22165,9.41963,10.23239,7.97416,9.21712,91.57568,0.85138,1.28655,0.78087,0.98654,45.7
cc2-301,EE-0428,KLS85250,64.47314,31.22902,7.15774,11.31279,9.31788,11.43332,7.1701,9.24635,90.1827,0.82912,1.598,0.62854,0.98637,45.46
cc2-302,DD-0744,PI88306-1,35.42315,23.23751,5.21471,8.61394,6.41712,8.67161,5.18314,6.26177,87.06781,0.82139,1.67499,0.59972,0.98421,17.36
cc2-303,DD-1377,¹Ð¾ç206È£,42.73306,24.71675,6.79766,8.08643,7.45689,8.07048,6.73246,7.32321,89.14925,0.8774,1.20052,0.83557,0.98639,25.8
cc2-304,DD-0301,KAS331-12,39.16571,23.8494,5.97277,8.39936,6.94704,8.40459,5.90276,6.85395,94.43451,0.86014,1.4247,0.70776,0.98454,20.05
cc2-306,DD-0645,°­¿ø¼öÁý3-25,51.43947,27.77641,6.70299,9.86781,8.69098,9.87594,6.61986,8.56105,87.54555,0.83651,1.49323,0.67185,0.98751,34.8
cc2-307,DD-0906,°ËÁ¤Äá-5,20.40995,17.73571,4.16581,6.4126,5.47074,6.35971,4.07431,5.28991,90.46135,0.81185,1.56915,0.64163,0.9791,9.7
cc2-308,EE-0700,Kershaw,40.38568,24.10461,6.2345,8.27827,6.86169,8.29143,6.19494,6.76835,87.07358,0.87174,1.34077,0.74964,0.98518,20.69
cc2-309,EE-1088,PI 399126,57.30927,28.92171,7.21557,10.09667,8.32886,10.13833,7.17727,8.20478,91.82814,0.85737,1.41811,0.70956,0.98537,34.09
cc2-310,DD-0725,PI84928,35.86307,22.84666,5.69202,8.13148,7.02905,8.06655,5.64853,6.84428,87.77884,0.86094,1.43005,0.70294,0.98446,19.81
cc2-311,EE-0989,PI 399079,28.87941,20.34271,5.20878,7.05368,5.82243,7.06431,5.18406,5.74667,89.73715,0.87311,1.36287,0.73725,0.983,12.85
cc2-312,EE-0613,PI82555,49.65402,26.77247,6.83941,9.20667,7.85268,9.26007,6.80904,7.7206,88.36449,0.86719,1.36417,0.73785,0.98599,31.45
cc2-313,YoenPoong,YoenPoong,53.06954,27.47425,7.37052,9.26771,8.20835,9.21505,7.30137,8.07988,90.94464,0.87921,1.26481,0.79318,0.98619,32.15
cc2-315,EE-0947,GL2689,29.10253,20.72046,5.01317,7.47017,5.69989,7.46174,4.95274,5.62949,92.81699,0.84906,1.50928,0.66546,0.98241,12.7
cc2-317,Galmi_A,Galmi,65.76022,31.16111,8.02626,10.38333,8.76976,10.4632,7.98252,8.65113,91.09204,0.84889,1.31152,0.76502,0.98463,20.88
cc2-318,DD-0668,PI62203-8,30.43679,21.02627,5.24588,7.38288,5.45479,7.43092,5.20539,5.44964,87.86435,0.86318,1.42933,0.70106,0.98291,11.62
cc2-319,DD-0651,¹Ð¾ç26È£,45.69922,25.95457,6.27269,9.18845,7.09457,9.24874,6.28321,6.98947,89.22594,0.85001,1.47813,0.6856,0.98551,24.68
cc2-320,Sowon,Sowon,30.94346,20.85741,5.7735,6.91052,6.34344,6.87606,5.71488,6.21711,88.4429,0.89041,1.20695,0.83295,0.98426,16.38
cc2-321,DD-0013,KLS123-1,61.37464,30.33794,7.39808,10.59014,9.10579,10.62172,7.33601,9.01939,91.95173,0.83546,1.44939,0.6934,0.98654,38.7
cc2-323,EE-1069,PI 339982,42.64632,25.09214,6.09166,8.97145,7.2034,8.97599,6.04039,7.10245,91.6198,0.84959,1.48792,0.67445,0.98437,23.47
cc2-324,DD-0879,°ËÁ¤Äá-4,59.84544,29.75063,7.16797,10.57716,8.26822,10.63273,7.15732,8.12373,91.64842,0.84801,1.48813,0.67511,0.98689,37.94
cc2-325,DD-0688,PI97150,40.28521,23.87048,6.55281,7.92663,7.19589,7.87937,6.49807,7.11947,87.24509,0.88629,1.21353,0.82726,0.98521,22.01
cc2-326,DD-1238,PI 340003,47.16447,26.80972,6.04501,9.9038,7.08055,9.9649,6.00562,7.04239,87.64743,0.82149,1.66156,0.60398,0.98512,24.9
cc2-327,DD-0580,KAS574-11,42.86864,24.76971,6.41707,8.54466,7.10966,8.52214,6.38819,6.95074,89.16365,0.87542,1.33492,0.75132,0.98535,21.52
cc2-328,EE-0066,±¤±³,46.35438,25.96666,6.5747,9.0009,7.57692,9.00688,6.5476,7.43466,90.89508,0.86307,1.37877,0.7291,0.9854,26.46
cc2-329,DD-1374,Kongnamul Kong,32.9814,22.38113,5.0942,8.24387,6.47199,8.29712,5.05212,6.42184,92.40958,0.82541,1.64546,0.61254,0.98389,17.39
cc2-330,EE-0090,YJ217-2,37.88855,23.18485,6.18287,7.88953,6.4878,7.84778,6.1335,6.38825,89.40754,0.8833,1.28087,0.78304,0.98538,20.08
cc2-331,EE-0085,YJ90,54.70104,27.93253,7.32789,9.48047,8.06405,9.49992,7.32186,7.97884,89.64896,0.87915,1.29938,0.7728,0.98686,31.53
cc2-332,CD-1349,Boone,37.08905,23.16657,5.88731,8.03271,6.56341,8.0594,5.85626,6.49494,87.75774,0.86731,1.37835,0.72999,0.98488,19.91
cc2-333,DD-0355,°ËÁ¤Äá,48.76356,26.42376,7.14489,8.73889,7.58283,8.73887,7.0798,7.51102,91.20306,0.87297,1.23956,0.81428,0.98371,26.69
cc2-334,DD-0599,KAS636-21,36.81861,22.9567,5.93116,7.83014,6.6491,7.89594,5.92494,6.59845,91.05348,0.87561,1.33414,0.75226,0.98441,17.57
cc2-335,DD-0327,KAS571-23,34.96789,22.64346,5.53738,8.07616,6.20451,8.08582,5.49768,6.09185,88.50504,0.8549,1.47437,0.68221,0.98435,17.24
cc2-336,EE-0316,SLSJ190-2,49.88372,26.64868,7.02733,8.97528,7.73657,9.00827,7.02778,7.60352,88.90281,0.8794,1.2832,0.78189,0.98617,29.34
cc2-337,DD-0368,¹éºÀ,52.29898,27.56586,6.98999,9.67298,8.12285,9.60662,6.92214,8.00519,88.07732,0.86296,1.39068,0.72295,0.98555,32.38
cc2-338,DD-0931,³ª¹°Äá,32.73878,21.58669,5.66609,7.39503,6.00528,7.4007,5.60942,5.90193,91.85597,0.87874,1.32101,0.75934,0.98366,14.23
cc2-339,EE-0994,PI 407810,24.95076,19.27676,4.57893,7.06263,5.95852,7.01704,4.51044,5.85287,90.70366,0.83918,1.56409,0.64304,0.98175,12.26
cc2-340,EE-0865,Pu Ru Ragi,53.06242,27.77366,6.86468,9.72964,7.5327,9.79849,6.86471,7.46151,88.61629,0.85995,1.43059,0.70269,0.9868,29.75
cc2-341,EE-1045,PI 458277,36.31994,22.74647,5.94716,7.71832,6.16344,7.76033,5.94006,6.08491,88.2021,0.87851,1.30864,0.76882,0.98402,16.42
cc2-342,EE-0595,PI88816-S,36.62378,23.02073,6.24135,7.55769,7.20251,7.54667,6.17816,7.05201,89.44265,0.86739,1.22637,0.82016,0.98425,20.7
cc2-343,CD-1301,OT89-06,40.69897,24.13246,6.36332,8.25172,6.97454,8.21712,6.28948,6.82169,88.88406,0.87472,1.31064,0.76905,0.98495,21.61
cc2-344,EE-1150,PI 603176 A,41.6734,25.14907,5.71465,9.28413,6.76231,9.31929,5.6732,6.70194,91.51801,0.82438,1.6473,0.61018,0.98533,21.72
cc2-345,DD-0626,µ¿»ê133È£,56.06339,28.28632,7.4816,9.59963,8.09066,9.58356,7.4309,7.92995,89.12445,0.87821,1.29089,0.77719,0.98694,34.37
cc2-346,DD-0466,KLS86094,34.32474,22.34245,5.51273,7.88393,6.72172,7.91306,5.4976,6.57176,90.3573,0.8596,1.44274,0.69608,0.98437,17.96
cc2-347,DD-0811,SLS &quot;90-102,30.898,21.56412,5.09952,7.84448,6.86449,7.79314,5.03795,6.71998,91.99866,0.83278,1.54994,0.64756,0.98484,16.1
cc2-348,EE-0397,KLS85044,43.54376,25.22249,6.57009,8.56782,7.54336,8.54838,6.47269,7.42593,88.18914,0.85809,1.32257,0.75984,0.98254,25.39
cc2-349,EE-1240,Gong xian huang dou,23.83129,19.18425,4.25461,7.16424,5.53291,7.20602,4.19782,5.4364,90.89392,0.8096,1.7276,0.58263,0.98077,10.55
cc2-350,DD-0113,YJ229-3,44.18247,25.18644,6.4663,8.73027,7.40197,8.69584,6.45872,7.26399,89.96001,0.87233,1.35234,0.74454,0.98581,23.16
cc2-351,EE-0634,PI84946-2,45.11505,25.81481,6.2737,9.09928,7.17132,9.18787,6.24727,6.99527,88.68717,0.84884,1.47639,0.68315,0.98474,24.52
cc2-352,Marshall,Marshall,48.82719,26.40629,6.95708,8.88596,7.47547,8.9333,6.93835,7.26132,90.60922,0.87614,1.29299,0.77851,0.9861,26.72
cc2-353,EE-0623,PI84646,46.81588,26.3115,6.29322,9.48239,7.36485,9.47532,6.27123,7.27786,91.01672,0.84632,1.51428,0.66476,0.98533,25.26
cc2-354,DD-0282,KAS150-22,43.10463,25.44595,5.90106,9.33845,7.3451,9.33588,5.86148,7.27349,87.66429,0.83338,1.59685,0.62922,0.98479,23.58
cc2-355,DD-0704,PI82291,27.70064,19.92681,5.19497,6.82869,6.04127,6.83086,5.15564,5.94236,90.82055,0.87486,1.32703,0.75633,0.98207,13.05
cc2-356,CD-1237,¸íÁÖ³ª¹°Äá,31.57702,21.35332,5.3877,7.46948,6.5592,7.46838,5.36378,6.42785,91.20947,0.86627,1.39565,0.71997,0.98431,16.93
cc2-357,DD-1355,Sugae #42,38.66362,23.60836,5.9915,8.1974,7.15157,8.22019,5.98311,6.99761,89.28805,0.86997,1.37768,0.73023,0.98526,21.19
cc2-358,EE-0026,KLS606-2,36.42382,22.78608,5.95575,7.7715,6.4637,7.79359,5.94069,6.36389,88.67108,0.8795,1.31311,0.76498,0.98455,19.05
cc2-359,EE-1040,PI 458232,60.26949,29.53079,7.65869,10.04541,8.14649,10.08146,7.60737,8.02489,86.76453,0.86733,1.32717,0.75916,0.98513,33.32
cc2-360,DD-0332,KAS640-12,24.58424,18.59254,5.05847,6.22958,5.72348,6.21701,5.02299,5.6323,89.26937,0.89074,1.24099,0.80888,0.9828,11.58
cc2-361,DD-0641,°­¿ø¼öÁý2-4,51.94503,27.66047,7.02541,9.52096,8.1915,9.48526,6.95367,8.0877,92.19752,0.85069,1.36557,0.73407,0.98681,31.7
cc2-362,DD-0544,KLS87096,35.27607,22.70434,5.60741,8.04207,6.90063,8.0492,5.57114,6.73752,89.48724,0.85791,1.44769,0.69409,0.98354,18.77
cc2-363,DD-0407,KAS241-4,48.46107,26.57104,6.60163,9.31808,7.52255,9.35219,6.58449,7.39338,92.33245,0.86032,1.42213,0.70642,0.98567,26.95
cc2-364,DD-1310,KAS 102-2,59.98216,29.46547,7.53343,10.23461,8.48933,10.1974,7.47704,8.29756,91.20092,0.86642,1.36533,0.73479,0.98706,36.8
cc2-365,Suritaejung,Suritaejung,64.50894,30.64671,7.53783,10.67007,8.53703,10.77464,7.60443,8.50685,90.60691,0.86016,1.41919,0.70907,0.98804,43.55
cc2-366,DD-0087,YN188-3,36.62865,22.90278,5.94379,7.84647,6.80731,7.85256,5.92686,6.74603,89.39758,0.87508,1.32646,0.75725,0.98468,18.99
cc2-367,CD-1263,¼Ò¿ø2010È£,32.22654,21.31144,5.84215,7.07598,6.25472,7.04938,5.80438,6.12892,90.77235,0.88854,1.21673,0.82486,0.98405,16.13
cc2-368,DD-1219,GL 2626 /96,27.9622,20.19443,5.0382,7.16337,5.95563,7.16271,4.95416,5.89214,94.24283,0.85695,1.45491,0.69415,0.9824,13.38
cc2-369,EE-0938,Saline,33.57351,21.93844,5.72812,7.55726,6.57454,7.53074,5.66387,6.4259,88.33443,0.87396,1.33357,0.75207,0.98423,17.59
cc2-370,CD-1188,´Ü¹éÄá (Danbaek),38.15145,23.21647,6.34295,7.63945,6.49851,7.68245,6.31266,6.40078,88.80798,0.8874,1.21853,0.82379,0.98488,19.08
cc2-371,EE-0274,KAS502-6,58.56608,29.32968,7.23434,10.37938,8.33607,10.35898,7.18639,8.27848,90.55137,0.8536,1.44282,0.69682,0.98695,36.25
cc2-372,DD-0671,PI84734,37.59276,23.31162,5.87274,8.23072,7.0078,8.19052,5.81628,6.90692,87.92438,0.86378,1.41512,0.71124,0.98458,9.41
cc2-373,EE-0558,°­¿ø¼öÁý5-19,27.90712,20.02909,5.05957,7.05051,5.78388,7.04222,5.00898,5.69635,92.20334,0.86731,1.4081,0.71227,0.98171,12.34
cc2-374,DD-1125,¿µÇ³°ËÁ¤Äá,39.43086,24.31161,5.67939,8.89985,6.47528,8.89144,5.62228,6.35788,90.62343,0.83404,1.58603,0.63432,0.9842,17.63
cc2-375,DD-1064,KAS 205-22,32.53446,21.52875,5.69628,7.35197,5.7368,7.33391,5.63663,5.64969,94.64726,0.87985,1.30282,0.76973,0.98315,13.5
cc2-376,EE-0932,»óÁÖÇª¸¥Äá,44.66223,25.34086,6.50766,8.79212,7.77492,8.78051,6.46527,7.64415,88.28259,0.87192,1.36005,0.73793,0.98549,26.59
cc2-377,DD-0211,KLS77114-1,43.98774,25.70242,5.99773,9.30276,7.13256,9.38723,5.96366,7.11164,93.06066,0.83553,1.57851,0.64127,0.98448,24.01
cc2-378,Wooram,Wooram,51.9007,27.49762,6.85977,9.67722,7.47477,9.66623,6.81865,7.32853,89.70545,0.85937,1.41922,0.71088,0.98615,11.03
cc2-380,DD-0914,°ËÁ¤Äá-5,46.85679,26.40403,6.31771,9.54315,7.7927,9.51644,6.2572,7.61126,92.47393,0.84234,1.52408,0.65955,0.98523,27.24
cc2-381,DD-1221,GL 2631 /96,35.62653,23.92401,4.94927,9.17421,6.13213,9.24769,4.90473,6.18098,90.37071,0.78146,1.89421,0.53367,0.98298,16.89
cc2-383,EE-0698,Dowling,35.0918,22.36223,5.87405,7.55186,6.57314,7.59913,5.87344,6.51255,88.64574,0.87973,1.29807,0.77509,0.98508,19
cc2-384,DD-0679,PI91725,38.79175,23.68023,6.01774,8.19465,6.48028,8.24429,5.98401,6.40173,89.63662,0.86732,1.38136,0.72885,0.98432,18.88
cc2-385,DD-0898,°ËÁ¤Äá-4,27.30591,19.79437,5.07901,6.915,6.21796,6.87219,5.03382,6.04513,92.50215,0.86945,1.37455,0.73407,0.98291,13.75
cc2-386,EE-0134,YN161-3,27.22026,19.66379,5.22556,6.71957,5.91599,6.68473,5.16215,5.83548,89.94735,0.87967,1.30007,0.77297,0.9822,13.59
cc2-387,DD-0683,PI196175,25.83317,19.15132,5.0665,6.54543,5.26557,6.53108,5.02312,5.18019,89.53353,0.88184,1.30334,0.77173,0.98134,10.6
cc2-388,DD-0234,Äá³ª¹°Äá,30.1549,20.88078,5.26662,7.29704,6.12274,7.30481,5.24616,5.99393,92.80641,0.86669,1.39475,0.722,0.98351,15.73
cc2-389,DD-0691,PI87565,44.80093,25.25151,6.71614,8.54823,7.48706,8.54853,6.65673,7.3664,84.96651,0.88023,1.28565,0.7805,0.98591,25.46
cc2-390,EE-0607,PI82235,47.21084,26.19743,6.55932,9.11192,7.38983,9.16473,6.54465,7.22367,91.45615,0.86185,1.40267,0.7171,0.985,25.61
cc2-391,DD-0707,PI83868,56.3345,28.68933,7.0767,10.14007,7.98554,10.15111,7.04235,7.9695,88.7228,0.85626,1.44535,0.6977,0.98652,16.85
cc2-392,EE-0770,°ËÁ¤Äá-5,77.15952,33.50235,8.40129,11.62883,9.19511,11.66345,8.40848,9.31999,91.76435,0.86145,1.39013,0.72373,0.98858,54.23
cc2-393,DD-0638,KLS87352,42.03858,24.409,6.74554,8.06194,7.37228,8.01634,6.63846,7.24126,89.26322,0.88016,1.2129,0.8322,0.9838,11.79
cc2-394,EE-0954,Àü³²¿Ïµµ-2000-57,25.73137,19.30308,4.86983,6.72826,5.51864,6.75539,4.84056,5.40226,91.36943,0.86514,1.39952,0.71967,0.98194,10.95
cc2-395,EE-0934,CS 00829,26.19923,19.75098,4.69517,7.18902,5.55695,7.16976,4.63782,5.50624,90.46327,0.83975,1.55454,0.64885,0.98222,12.1
cc2-396,CD-1245,¼ÒÈ£Äá,32.84473,21.93137,5.36826,7.82297,6.19571,7.82421,5.32997,6.06727,90.22082,0.85522,1.47041,0.68241,0.98396,16.19
cc2-397,DD-0942,IT180313,27.99897,20.0618,5.1465,6.96221,5.76099,6.95663,5.11506,5.58747,89.76839,0.87212,1.3623,0.73584,0.98284,11.9
cc2-399,DD-0702,PI82246,44.24016,25.3743,6.37221,8.90879,7.26791,8.8782,6.32782,7.14822,92.43309,0.8605,1.40508,0.7157,0.98516,23.41
cc2-400,CD-1256,¿øÈ²Äá,31.28233,21.11562,5.51522,7.21779,6.0652,7.22412,5.49807,5.97319,91.07208,0.87828,1.31659,0.76403,0.98389,14.19
cc2-401,EE-0651,PI87619-1,44.96255,25.64648,6.27438,9.06433,7.14061,9.12205,6.25814,6.97487,93.7223,0.85543,1.46295,0.68919,0.98559,23.37
cc2-402,DD-0605,KAS640-49,44.71486,25.48815,6.436,8.89602,6.99311,8.91114,6.37814,6.91682,90.07268,0.86287,1.39851,0.71865,0.98429,22.43
cc2-403,DD-0608,KAS641-8,45.262,25.54092,6.59609,8.83685,7.66273,8.82579,6.51979,7.52299,94.01618,0.86971,1.35791,0.74011,0.98576,27.89
cc2-404,EE-1067,Well-man,34.51341,22.44191,5.53633,7.97243,6.43406,7.97323,5.49418,6.35531,88.5378,0.85782,1.454,0.69079,0.98467,17.8
cc2-405,DD-0873,°ËÁ¤Äá-3,59.86231,29.50511,7.36988,10.30563,8.10714,10.33767,7.34286,8.01057,92.58719,0.85996,1.41007,0.71395,0.98684,35.64
cc2-406,EE-1034,PI 458184,22.77826,17.99574,4.75539,6.15477,5.20087,6.13747,4.71571,5.14672,91.43795,0.88112,1.30497,0.77015,0.98181,10.14
cc2-407,EE-0006,±Ý°­´ë¸³,50.21338,26.90624,6.97612,9.16022,7.92815,9.18745,6.93191,7.78338,90.82354,0.86761,1.32964,0.75645,0.98509,28.27
DD2-001,Bangsa,Bangsa,39.10504,23.67893,6.12058,8.14454,6.71406,8.14215,6.09865,6.55489,88.58684,0.87347,1.33784,0.74967,0.98481,19.84
DD2-002,Danbaek,´Ü¹éÄá(Danbaeg),38.35599,23.28282,6.31177,7.75498,6.67099,7.76481,6.27744,6.5521,92.38584,0.88649,1.23964,0.81094,0.9852,19.17
DD2-003,CD-1358,K.L.S 739-2,42.27417,24.98956,6.03883,9.03076,7.31422,8.98378,5.97877,7.13925,87.80147,0.84843,1.50466,0.66705,0.98563,22.74
DD2-006,DD-0670,PI84669,41.84546,24.53351,6.31715,8.537,7.02102,8.49294,6.25923,6.92912,90.52935,0.8713,1.35794,0.73867,0.98504,21.58
DD2-008,Haman,ÇÔ¾È(Haman),27.46233,19.91486,5.00356,6.98349,6.15454,7.00072,4.97977,6.00995,89.63554,0.86701,1.40764,0.71297,0.98352,14.22
DD2-009,Hekchung,ÈæÃ»Äá(Heugcheong),59.2383,29.78398,7.11847,10.52421,8.46011,10.57699,7.11133,8.43852,89.60616,0.83753,1.48931,0.67549,0.98461,38.18
DD2-010,Poongwon,Ç³¿øÄá(Pungwon),34.48433,22.09226,5.95049,7.4078,6.66564,7.41363,5.91341,6.55345,87.06266,0.88599,1.25506,0.79917,0.9847,17.99
DD2-011,Shinhwa,½ÅÈ­Äá(Shinhwa),30.14671,20.62396,5.62525,6.9417,5.96114,6.88087,5.56718,5.85954,88.70462,0.88812,1.23802,0.81094,0.98357,14.33
DD2-012,Taekwang,ÅÂ±¤Äá(Taekwang),44.96078,25.27051,6.65831,8.57758,7.30208,8.58021,6.65127,7.18414,89.9643,0.88139,1.29234,0.77631,0.98589,23.75
DD2-013,Williams82,Williams 82K,32.94214,21.67217,5.70399,7.41886,6.44065,7.39538,5.65302,6.30521,90.71546,0.87775,1.31147,0.765,0.98406,16.95
DD2-014,Yemsol,Yemsol,46.18217,26.02085,6.33553,9.23273,7.79381,9.26526,6.32596,7.67586,89.82726,0.85355,1.46781,0.68529,0.98579,27.89
DD2-016,CD-1187,½ÅÆÈ´ÞÄá2È£(Sinpaldal2),43.97385,25.14476,6.41943,8.60568,6.91214,8.69033,6.42807,6.84308,89.91076,0.87128,1.35391,0.74275,0.986,23.39
DD2-017,DD-0010,KLS105,34.29186,22.077,5.82569,7.48623,6.67803,7.50104,5.80431,6.55198,89.7668,0.88076,1.29388,0.77827,0.98462,18.4
DD2-018,DD-0145,¹Ð¾ç12È£(Milyang12),45.02263,25.33633,6.73457,8.56829,7.30545,8.56376,6.68404,7.16956,90.95445,0.87976,1.28228,0.78215,0.98566,24.47
DD2-019,DD-0237,IT104334,52.01976,27.3864,6.96048,9.4973,7.64354,9.5054,6.93978,7.51545,89.55216,0.86717,1.37366,0.73136,0.98557,26.15
DD2-020,DD-0307,KAS380-14,29.47794,20.6089,5.24497,7.21306,6.18014,7.20126,5.20769,5.99699,87.93374,0.87097,1.38453,0.72434,0.98359,13.87
DD2-021,DD-0359,SLSJ101-1,44.82921,25.2861,6.66558,8.63504,7.08015,8.60778,6.61402,6.96257,89.36069,0.87837,1.30342,0.76969,0.98587,23.72
DD2-022,DD-0389,SLSB-B-27,43.41788,25.00608,6.35029,8.62472,7.03524,8.67358,6.36323,6.86857,87.67702,0.87065,1.36472,0.735,0.98586,22.54
DD2-023,DD-0897,°ËÁ¤Äá-3 (Geomjeong-3),30.88274,21.55723,4.98301,7.9364,6.36356,7.93168,4.94674,6.27909,91.26381,0.83273,1.60807,0.62614,0.98337,14.65
DD2-024,Peking,Peking,27.70471,21.65538,4.04228,8.5435,5.76394,8.69687,4.05542,5.65285,89.04934,0.74188,2.15094,0.46785,0.98178,11.97
