"ID","missing.snp"
"AX-90424813",2
"AX-90452805",2
"AX-90505481",2
"AX-90345409",2
"AX-90450740",2
"AX-90353279",2
"AX-90374078",2
"AX-90371389",2
"AX-90443120",2
"AX-90360803",2
"AX-90312218",2
"AX-90448590",2
"AX-90315218",2
"AX-90326195",2
"AX-90474872",2
"AX-90474413",2
"AX-90466226",2
"AX-90490718",2
"AX-90424101",2
"AX-90491828",2
"AX-90333781",2
"AX-90457083",2
"AX-90503448",2
"AX-90403816",2
"AX-90509605",2
"AX-90444096",2
"AX-90357316",2
"AX-90367267",2
"AX-90377088",2
"AX-90352338",2
"AX-90336547",2
"AX-90423845",2
"AX-90395809",2
"AX-90457698",2
"AX-90388303",2
"AX-90320904",2
"AX-90371503",2
"AX-90502711",2
"AX-90478079",2
"AX-90308193",2
"AX-90438022",2
"AX-90324515",2
"AX-90449836",2
"AX-90477820",2
"AX-90508293",2
"AX-90525465",2
"AX-90457368",2
"AX-90444995",2
"AX-90327877",2
"AX-90357712",2
"AX-90442948",2
"AX-90393343",2
"AX-90432855",2
"AX-90364155",2
"AX-90362402",2
"AX-90506693",2
"AX-90380834",2
"AX-90498954",2
"AX-90429525",2
"AX-90481665",2
"AX-90332279",2
"AX-90436953",2
"AX-90521613",2
"AX-90316823",2
"AX-90325070",2
"AX-90458626",2
"AX-90375464",2
"AX-90482848",2
"AX-90395283",2
"AX-90506110",2
"AX-90336848",2
"AX-90417435",2
"AX-90407883",2
"AX-90396585",2
"AX-90497342",2
"AX-90523402",2
"AX-90382311",2
"AX-90410541",2
"AX-90450835",2
"AX-90405698",2
"AX-90305156",2
"AX-90410633",2
"AX-90375368",2
"AX-90489970",2
"AX-90460962",2
"AX-90379282",2
"AX-90493269",2
"AX-90453555",2
"AX-90370238",2
"AX-90395365",2
"AX-90504757",2
"AX-90332585",2
"AX-90374556",2
"AX-90472019",2
"AX-90408518",2
"AX-90468359",2
"AX-90392572",2
"AX-90523120",2
"AX-90397900",2
"AX-90459618",2
"AX-90367765",0
"AX-90318376",0
"AX-90394600",0
"AX-90472537",0
"AX-90364827",0
"AX-90391932",0
"AX-90473993",0
"AX-90412239",0
"AX-90396971",0
"AX-90349980",0
"AX-90320091",0
"AX-90475760",0
"AX-90496079",0
"AX-90351231",0
"AX-90316052",0
"AX-90493280",0
"AX-90315320",0
"AX-90355387",0
"AX-90468987",0
"AX-90314122",0
"AX-90386971",0
"AX-90473454",0
"AX-90406384",0
"AX-90367192",0
"AX-90356940",0
"AX-90495318",0
"AX-90385378",0
"AX-90465218",0
"AX-90440521",0
"AX-90415914",0
"AX-90388152",0
"AX-90329054",0
"AX-90374366",0
"AX-90449815",0
"AX-90381229",0
"AX-90325344",0
"AX-90518600",0
"AX-90335013",0
"AX-90341217",0
"AX-90363586",0
"AX-90475156",0
"AX-90447290",0
"AX-90492606",0
"AX-90330808",0
"AX-90308503",0
"AX-90316948",0
"AX-90399696",0
"AX-90386283",0
"AX-90434910",0
"AX-90345874",0
"AX-90356303",0
"AX-90424901",0
"AX-90416240",0
"AX-90462170",0
"AX-90379300",0
"AX-90499454",0
"AX-90445605",0
"AX-90344133",0
"AX-90386686",0
"AX-90421335",0
"AX-90443362",0
"AX-90423828",0
"AX-90484763",0
"AX-90516971",0
"AX-90339144",0
"AX-90419489",0
"AX-90516328",0
"AX-90410858",0
"AX-90347541",0
"AX-90350127",0
"AX-90433562",0
"AX-90398435",0
"AX-90342614",0
"AX-90404564",0
"AX-90342682",0
"AX-90522998",0
"AX-90458328",0
"AX-90445954",0
"AX-90403119",0
"AX-90325300",0
"AX-90442185",0
"AX-90325862",0
"AX-90388957",0
"AX-90305686",0
"AX-90460035",0
"AX-90491679",0
"AX-90469514",0
"AX-90411948",0
"AX-90451554",0
"AX-90493607",0
"AX-90477313",0
"AX-90467112",0
"AX-90418883",0
"AX-90424956",0
"AX-90328332",0
"AX-90464267",0
"AX-90434080",0
"AX-90462151",0
"AX-90476353",0
"AX-90446344",0
"AX-90356987",0
"AX-90374951",0
"AX-90361848",0
"AX-90472455",0
"AX-90313649",0
"AX-90360251",0
"AX-90421613",0
"AX-90394210",0
"AX-90410866",0
"AX-90431050",0
"AX-90492331",0
"AX-90505272",0
"AX-90425475",0
"AX-90387595",0
"AX-90401826",0
"AX-90370124",0
"AX-90394179",0
"AX-90413912",0
"AX-90319559",0
"AX-90308859",0
"AX-90441556",0
"AX-90307264",0
"AX-90351605",0
"AX-90513530",0
"AX-90464051",0
"AX-90360482",0
"AX-90339742",0
"AX-90414948",0
"AX-90378885",0
"AX-90521215",0
"AX-90458243",0
"AX-90416429",0
"AX-90369775",0
"AX-90454762",0
"AX-90515865",0
"AX-90399006",0
"AX-90434728",0
"AX-90465773",0
"AX-90390008",0
"AX-90305380",0
"AX-90438346",0
"AX-90468204",0
"AX-90421414",0
"AX-90394077",0
"AX-90403438",0
"AX-90391304",0
"AX-90389913",0
"AX-90428070",0
"AX-90406111",0
"AX-90377569",0
"AX-90327076",0
"AX-90418583",0
"AX-90469418",0
"AX-90393176",0
"AX-90416582",0
"AX-90400581",0
"AX-90496847",0
"AX-90421004",0
"AX-90351852",0
"AX-90321477",0
"AX-90500380",0
"AX-90473928",0
"AX-90312922",0
"AX-90427647",0
"AX-90419738",0
"AX-90411743",0
"AX-90450478",0
"AX-90413079",0
"AX-90472442",0
"AX-90333910",0
"AX-90443417",0
"AX-90353524",0
"AX-90353205",0
"AX-90402538",0
"AX-90327077",0
"AX-90499750",0
"AX-90323264",0
"AX-90451901",0
"AX-90413021",0
"AX-90476334",0
"AX-90344936",0
"AX-90321368",0
"AX-90339319",0
"AX-90430843",0
"AX-90375778",0
"AX-90422967",0
"AX-90334142",0
"AX-90393783",0
"AX-90472374",0
"AX-90509857",0
"AX-90326651",0
"AX-90511247",0
"AX-90459012",0
"AX-90335575",0
"AX-90346089",0
"AX-90392516",0
"AX-90316827",0
"AX-90311527",0
"AX-90421965",0
"AX-90482742",0
"AX-90367208",0
"AX-90350211",0
"AX-90408314",0
"AX-90355938",0
"AX-90441905",0
"AX-90371606",0
"AX-90404607",0
"AX-90460613",0
"AX-90311451",0
"AX-90396595",0
"AX-90395088",0
"AX-90433184",0
"AX-90506067",0
"AX-90420321",0
"AX-90492914",0
"AX-90309582",0
"AX-90499918",0
"AX-90393255",0
"AX-90474906",0
"AX-90329951",0
"AX-90414462",0
"AX-90333234",0
"AX-90371731",0
"AX-90374011",0
"AX-90508235",0
"AX-90368323",0
"AX-90492356",0
"AX-90352505",0
"AX-90413546",0
"AX-90411362",0
"AX-90418097",0
"AX-90369743",0
"AX-90373467",0
"AX-90419725",0
"AX-90312912",0
"AX-90323648",0
"AX-90369753",0
"AX-90390598",0
"AX-90453167",0
"AX-90341635",0
"AX-90358191",0
"AX-90423632",0
"AX-90342153",0
"AX-90440422",0
"AX-90444503",0
"AX-90388822",0
"AX-90488216",0
"AX-90437998",0
"AX-90360431",0
"AX-90524336",0
"AX-90462882",0
"AX-90406295",0
"AX-90348866",0
"AX-90376215",0
"AX-90438299",0
"AX-90311469",0
"AX-90413917",0
"AX-90451772",0
"AX-90466637",0
"AX-90475234",0
"AX-90525291",0
"AX-90381566",0
"AX-90523967",0
"AX-90320295",0
"AX-90471251",0
"AX-90429164",0
"AX-90476983",0
"AX-90472253",0
"AX-90524908",0
"AX-90321581",0
"AX-90328414",0
"AX-90402391",0
"AX-90376250",0
"AX-90523389",0
"AX-90482061",0
"AX-90352799",0
"AX-90508137",0
"AX-90494988",0
"AX-90516335",0
"AX-90459541",0
"AX-90431187",0
"AX-90409215",0
"AX-90316655",0
"AX-90459544",0
"AX-90318723",0
"AX-90336878",0
"AX-90459224",0
"AX-90324737",0
"AX-90453170",0
"AX-90411637",0
"AX-90455817",0
"AX-90499693",0
"AX-90396378",0
"AX-90479340",0
"AX-90343701",0
"AX-90490932",0
"AX-90486676",0
"AX-90432005",0
"AX-90418196",0
"AX-90401757",0
"AX-90477999",0
"AX-90493538",0
"AX-90349918",0
"AX-90521115",0
"AX-90429033",0
"AX-90338645",0
"AX-90523038",0
"AX-90484266",0
"AX-90381195",0
"AX-90511992",0
"AX-90480220",0
"AX-90339118",0
"AX-90384760",0
"AX-90431091",0
"AX-90320655",0
"AX-90350546",0
"AX-90406637",0
"AX-90378459",0
"AX-90349422",0
"AX-90510886",0
"AX-90434267",0
"AX-90406738",0
"AX-90350752",0
"AX-90482935",0
"AX-90507686",0
"AX-90382820",0
"AX-90379438",0
"AX-90515464",0
"AX-90431898",0
"AX-90446848",0
"AX-90522840",0
"AX-90393610",0
"AX-90510108",0
"AX-90322024",0
"AX-90498907",0
"AX-90503065",0
"AX-90371722",0
"AX-90356324",0
"AX-90322283",0
"AX-90416875",0
"AX-90416532",0
"AX-90510927",0
"AX-90454030",0
"AX-90306283",0
"AX-90415910",0
"AX-90349026",0
"AX-90342957",0
"AX-90500231",0
"AX-90459635",0
"AX-90398356",0
"AX-90494524",0
"AX-90423693",0
"AX-90399360",0
"AX-90326528",0
"AX-90512218",0
"AX-90453763",0
"AX-90378328",0
"AX-90443061",0
"AX-90453965",0
"AX-90333425",0
"AX-90427278",0
"AX-90335140",0
"AX-90368882",0
"AX-90349020",0
"AX-90457355",0
"AX-90371944",0
"AX-90479698",0
"AX-90439799",0
"AX-90391241",0
"AX-90331840",0
"AX-90318552",0
"AX-90472732",0
"AX-90482039",0
"AX-90431267",0
"AX-90438258",0
"AX-90372978",0
"AX-90432422",0
"AX-90308047",0
"AX-90425573",0
"AX-90317760",0
"AX-90482503",0
"AX-90407862",0
"AX-90366238",0
"AX-90440065",0
"AX-90340357",0
"AX-90465063",0
"AX-90378608",0
"AX-90503100",0
"AX-90500898",0
"AX-90508094",0
"AX-90451714",0
"AX-90455382",0
"AX-90403928",0
"AX-90375848",0
"AX-90439370",0
"AX-90318079",0
"AX-90335412",0
"AX-90430167",0
"AX-90321970",0
"AX-90414330",0
"AX-90328461",0
"AX-90305636",0
"AX-90328545",0
"AX-90509481",0
"AX-90311488",0
"AX-90308987",0
"AX-90516391",0
"AX-90505803",0
"AX-90417918",0
"AX-90335107",0
"AX-90368992",0
"AX-90345575",0
"AX-90402294",0
"AX-90338936",0
"AX-90383176",0
"AX-90424151",0
"AX-90479685",0
"AX-90342966",0
"AX-90428843",0
"AX-90376192",0
"AX-90393882",0
"AX-90372979",0
"AX-90404520",0
"AX-90392001",0
"AX-90508833",0
"AX-90411456",0
"AX-90468454",0
"AX-90422106",0
"AX-90474646",0
"AX-90392733",0
"AX-90351352",0
"AX-90431365",0
"AX-90391423",0
"AX-90467402",0
"AX-90360427",0
"AX-90409894",0
"AX-90524570",0
"AX-90431697",0
"AX-90408957",0
"AX-90336873",0
"AX-90308935",0
"AX-90405948",0
"AX-90430758",0
"AX-90367366",0
"AX-90324393",0
"AX-90308042",0
"AX-90374244",0
"AX-90328035",0
"AX-90448414",0
"AX-90430108",0
"AX-90417721",0
"AX-90453413",0
"AX-90397046",0
"AX-90482683",0
"AX-90402040",0
"AX-90463837",0
"AX-90334344",0
"AX-90445429",0
"AX-90523795",0
"AX-90424414",0
"AX-90469445",0
"AX-90441986",0
"AX-90391458",0
"AX-90507051",0
"AX-90443697",0
"AX-90434138",0
"AX-90345102",0
"AX-90500086",0
"AX-90367015",0
"AX-90465664",0
"AX-90454672",0
"AX-90522945",0
"AX-90329679",0
"AX-90487335",0
"AX-90495589",0
"AX-90326734",0
"AX-90423823",0
"AX-90516603",0
"AX-90490247",0
"AX-90465601",0
"AX-90525581",0
"AX-90465291",0
"AX-90392892",0
"AX-90498136",0
"AX-90475153",0
"AX-90515044",0
"AX-90415975",0
"AX-90522539",0
"AX-90393298",0
"AX-90506785",0
"AX-90518481",0
"AX-90470792",0
"AX-90384353",0
"AX-90457007",0
"AX-90523373",0
"AX-90478506",0
"AX-90411519",0
"AX-90322443",0
"AX-90501398",0
"AX-90368197",0
"AX-90307436",0
"AX-90480458",0
"AX-90482122",0
"AX-90342923",0
"AX-90446526",0
"AX-90474379",0
"AX-90461880",0
"AX-90473302",0
"AX-90438629",0
"AX-90479622",0
"AX-90524174",0
"AX-90336139",0
"AX-90318560",0
"AX-90462087",0
"AX-90424067",0
"AX-90525479",0
"AX-90385063",0
"AX-90453410",0
"AX-90432201",0
"AX-90337044",0
"AX-90476049",0
"AX-90522702",0
"AX-90485109",0
"AX-90496290",0
"AX-90450508",0
"AX-90417701",0
"AX-90444463",0
"AX-90360608",0
"AX-90354575",0
"AX-90469749",0
"AX-90373397",0
"AX-90497422",0
"AX-90477660",0
"AX-90458774",0
"AX-90379122",0
"AX-90429969",0
"AX-90344551",0
"AX-90337091",0
"AX-90522811",0
"AX-90443441",0
"AX-90315692",0
"AX-90325504",0
"AX-90501638",0
"AX-90311819",0
"AX-90397730",0
"AX-90327389",0
"AX-90347509",0
"AX-90431037",0
"AX-90466814",0
"AX-90454173",0
"AX-90524399",0
"AX-90311162",0
"AX-90375973",0
"AX-90425562",0
"AX-90375934",0
"AX-90474478",0
"AX-90372192",0
"AX-90322777",0
"AX-90403626",0
"AX-90418870",0
"AX-90508486",0
"AX-90419389",0
"AX-90497135",0
"AX-90502168",0
"AX-90490207",0
"AX-90333435",0
"AX-90316187",0
"AX-90510172",0
"AX-90308162",0
"AX-90344162",0
"AX-90388515",0
"AX-90394780",0
"AX-90392139",0
"AX-90448575",0
"AX-90330785",0
"AX-90380130",0
"AX-90428792",0
"AX-90497262",0
"AX-90322762",0
"AX-90505425",0
"AX-90423874",0
"AX-90426672",0
"AX-90486366",0
"AX-90406253",0
"AX-90317561",0
"AX-90500433",0
"AX-90477652",0
"AX-90422049",0
"AX-90430327",0
"AX-90319459",0
"AX-90369488",0
"AX-90383415",0
"AX-90422572",0
"AX-90344481",0
"AX-90490128",0
"AX-90511377",0
"AX-90444623",0
"AX-90404414",0
"AX-90453747",0
"AX-90455645",0
"AX-90463436",0
"AX-90338970",0
"AX-90308362",0
"AX-90508667",0
"AX-90481011",0
"AX-90311706",0
"AX-90355025",0
"AX-90305279",0
"AX-90521956",0
"AX-90377581",0
"AX-90388904",0
"AX-90314223",0
"AX-90453582",0
"AX-90441377",0
"AX-90324934",0
"AX-90476514",0
"AX-90466848",0
"AX-90329582",0
"AX-90465498",0
"AX-90452997",0
"AX-90472672",0
"AX-90372476",0
"AX-90340406",0
"AX-90349285",0
"AX-90341723",0
"AX-90388626",0
"AX-90466246",0
"AX-90467437",0
"AX-90486656",0
"AX-90457720",0
"AX-90509903",0
"AX-90489173",0
"AX-90498587",0
"AX-90351209",0
"AX-90447275",0
"AX-90433193",0
"AX-90519069",0
"AX-90511759",0
"AX-90306262",0
"AX-90344053",0
"AX-90340066",0
"AX-90489127",0
"AX-90434287",0
"AX-90455937",0
"AX-90432387",0
"AX-90325911",0
"AX-90414830",0
"AX-90496181",0
"AX-90364726",0
"AX-90460425",0
"AX-90379083",0
"AX-90525577",0
"AX-90430581",0
"AX-90347460",0
"AX-90391793",0
"AX-90481861",0
"AX-90482029",0
"AX-90369937",0
"AX-90505371",0
"AX-90489811",0
"AX-90484600",0
"AX-90333250",0
"AX-90490751",0
"AX-90446617",0
"AX-90389342",0
"AX-90458462",0
"AX-90309619",0
"AX-90457467",0
"AX-90362743",0
"AX-90440142",0
"AX-90347510",0
"AX-90454567",0
"AX-90395943",0
"AX-90485229",0
"AX-90359269",0
"AX-90414193",0
"AX-90495838",0
"AX-90501055",0
"AX-90436349",0
"AX-90504302",0
"AX-90519462",0
"AX-90338882",0
"AX-90418348",0
"AX-90403036",0
"AX-90317402",0
"AX-90395152",0
"AX-90410591",0
"AX-90360379",0
"AX-90451673",0
"AX-90421406",0
"AX-90357441",0
"AX-90523774",0
"AX-90357453",0
"AX-90403725",0
"AX-90479435",0
"AX-90521015",0
"AX-90450212",0
"AX-90521281",0
"AX-90454314",0
"AX-90470295",0
"AX-90517831",0
"AX-90518827",0
"AX-90439699",0
"AX-90405491",0
"AX-90384354",0
"AX-90357373",0
"AX-90360416",0
"AX-90471394",0
"AX-90320412",0
"AX-90434210",0
"AX-90469621",0
"AX-90420196",0
"AX-90494428",0
"AX-90311177",0
"AX-90319280",0
"AX-90330081",0
"AX-90476844",0
"AX-90421171",0
"AX-90312263",0
"AX-90493931",0
"AX-90481168",0
"AX-90429715",0
"AX-90312942",0
"AX-90398508",0
"AX-90498681",0
"AX-90317429",0
"AX-90501008",0
"AX-90309241",0
"AX-90490473",0
"AX-90508121",0
"AX-90324313",0
"AX-90351526",0
"AX-90411780",0
"AX-90510218",0
"AX-90325426",0
"AX-90452639",0
"AX-90466166",0
"AX-90320300",0
"AX-90462559",0
"AX-90360648",0
"AX-90420503",0
"AX-90503385",0
"AX-90456438",0
"AX-90403663",0
"AX-90421479",0
"AX-90333825",0
"AX-90494381",0
"AX-90384321",0
"AX-90523883",0
"AX-90504543",0
"AX-90413603",0
"AX-90416765",0
"AX-90524549",0
"AX-90342096",0
"AX-90503148",0
"AX-90477887",0
"AX-90500139",0
"AX-90337077",0
"AX-90372834",0
"AX-90305534",0
"AX-90409017",0
"AX-90514086",0
"AX-90367880",0
"AX-90371149",0
"AX-90319601",0
"AX-90433742",0
"AX-90385823",0
"AX-90387866",0
"AX-90449240",0
"AX-90353370",0
"AX-90468730",0
"AX-90374167",0
"AX-90327786",0
"AX-90321007",0
"AX-90474193",0
"AX-90418640",0
"AX-90446701",0
"AX-90445585",0
"AX-90357986",0
"AX-90413583",0
"AX-90369761",0
"AX-90498948",0
"AX-90524008",0
"AX-90376885",0
"AX-90453455",0
"AX-90343545",0
"AX-90307935",0
"AX-90392335",0
"AX-90500671",0
"AX-90435378",0
"AX-90522749",0
"AX-90364054",0
"AX-90443875",0
"AX-90475536",0
"AX-90491235",0
"AX-90446351",0
"AX-90464056",0
"AX-90372377",0
"AX-90392248",0
"AX-90342333",0
"AX-90305498",0
"AX-90384275",0
"AX-90492849",0
"AX-90465696",0
"AX-90458795",0
"AX-90429694",0
"AX-90496048",0
"AX-90448528",0
"AX-90372264",0
"AX-90487955",0
"AX-90417184",0
"AX-90517206",0
"AX-90430534",0
"AX-90306872",0
"AX-90449019",0
"AX-90427662",0
"AX-90372752",0
"AX-90513092",0
"AX-90369726",0
"AX-90493279",0
"AX-90375221",0
"AX-90505675",0
"AX-90482716",0
"AX-90363676",0
"AX-90342706",0
"AX-90471564",0
"AX-90316044",0
"AX-90477779",0
"AX-90339162",0
"AX-90473766",0
"AX-90460145",0
"AX-90339997",0
"AX-90515494",0
"AX-90438845",0
"AX-90474278",0
"AX-90388391",0
"AX-90433305",0
"AX-90460545",0
"AX-90473166",0
"AX-90306802",0
"AX-90413641",0
"AX-90420312",0
"AX-90450725",0
"AX-90380450",0
"AX-90503744",0
"AX-90447322",0
"AX-90324760",0
"AX-90454536",0
"AX-90416830",0
"AX-90474577",0
"AX-90512333",0
"AX-90373196",0
"AX-90382948",0
"AX-90416301",0
"AX-90383735",0
"AX-90396126",0
"AX-90370157",0
"AX-90429731",0
"AX-90425563",0
"AX-90457886",0
"AX-90476214",0
"AX-90351677",0
"AX-90394636",0
"AX-90445263",0
"AX-90361264",0
"AX-90319650",0
"AX-90434548",0
"AX-90495236",0
"AX-90379859",0
"AX-90319467",0
"AX-90426044",0
"AX-90388408",0
"AX-90382876",0
"AX-90318416",0
"AX-90443393",0
"AX-90490179",0
"AX-90506097",0
"AX-90354112",0
"AX-90424476",0
"AX-90331391",0
"AX-90518596",0
"AX-90364503",0
"AX-90365563",0
"AX-90413775",0
"AX-90435985",0
"AX-90449873",0
"AX-90427612",0
"AX-90345870",0
"AX-90507457",0
"AX-90522184",0
"AX-90457427",0
"AX-90437091",0
"AX-90511055",0
"AX-90513424",0
"AX-90362934",0
"AX-90407230",0
"AX-90469165",0
"AX-90416456",0
"AX-90522145",0
"AX-90512931",0
