"rs","alleles","chrom","pos"
"rs","alleles","chrom","pos"
"AX-90424813","C/A","11","8968994"
"AX-90452805","G/T","5","33824325"
"AX-90505481","T/A","3","44032490"
"AX-90345409","T/C","14","6931964"
"AX-90450740","T/G","17","8602676"
"AX-90353279","A/G","17","12716310"
"AX-90374078","C/T","8","37902760"
"AX-90443120","T/C","19","27394060"
"AX-90360803","C/A","11","1382766"
"AX-90312218","G/A","2","307708"
"AX-90448590","T/C","20","23747890"
"AX-90315218","A/G","10","44235501"
"AX-90326195","C/T","18","18008866"
"AX-90474872","C/T","9","3821477"
"AX-90474413","G/A","15","17604672"
"AX-90466226","T/C","17","10182087"
"AX-90490718","T/G","5","36635753"
"AX-90424101","C/A","12","5575176"
"AX-90491828","A/G","13","33979911"
"AX-90333781","T/C","13","32400326"
"AX-90457083","A/C","8","15787168"
"AX-90503448","A/G","13","29895804"
"AX-90403816","A/G","4","5175547"
"AX-90444096","C/T","14","17125365"
"AX-90357316","T/C","5","39049702"
"AX-90377088","G/A","9","1028445"
"AX-90352338","G/A","5","40357499"
"AX-90336547","T/G","19","26192150"
"AX-90423845","C/A","10","24513436"
"AX-90395809","C/T","16","36083296"
"AX-90388303","C/A","4","44815783"
"AX-90320904","G/A","18","40859540"
"AX-90371503","T/C","20","5861801"
"AX-90502711","A/G","9","34489427"
"AX-90478079","A/G","9","48048474"
"AX-90308193","T/C","15","9923879"
"AX-90438022","A/C","19","36801219"
"AX-90324515","C/T","2","7051967"
"AX-90449836","G/T","10","47235331"
"AX-90477820","A/G","3","44340335"
"AX-90525465","A/C","13","45226286"
"AX-90457368","A/C","1","38027585"
"AX-90327877","C/A","9","49094789"
"AX-90357712","G/C","20","4663612"
"AX-90442948","C/T","6","35340970"
"AX-90393343","T/G","12","39225963"
"AX-90432855","A/G","8","41338091"
"AX-90364155","T/C","9","38859403"
"AX-90362402","G/A","11","1619556"
"AX-90506693","A/G","3","44323144"
"AX-90380834","C/T","15","4245623"
"AX-90498954","G/A","17","31567510"
"AX-90429525","G/A","6","13514763"
"AX-90481665","T/A","8","18292415"
"AX-90332279","C/G","5","38584005"
"AX-90436953","A/T","10","35542050"
"AX-90325070","A/G","7","3078401"
"AX-90458626","A/G","16","3922518"
"AX-90375464","C/T","7","4979222"
"AX-90482848","C/T","13","6170896"
"AX-90395283","A/C","18","685324"
"AX-90506110","A/T","3","44600236"
"AX-90336848","T/C","5","998684"
"AX-90417435","G/A","5","31696483"
"AX-90396585","A/G","3","44095910"
"AX-90497342","G/A","13","32724216"
"AX-90523402","G/T","9","7272819"
"AX-90382311","T/G","13","44666200"
"AX-90410541","G/A","2","6812596"
"AX-90450835","G/T","11","10604827"
"AX-90405698","G/A","16","1302200"
"AX-90410633","A/C","5","924605"
"AX-90489970","T/G","6","11301195"
"AX-90460962","G/A","20","43808682"
"AX-90379282","G/A","13","10682575"
"AX-90453555","C/T","6","15180345"
"AX-90370238","T/G","18","56279910"
"AX-90395365","G/T","1","42836194"
"AX-90504757","T/A","20","41869468"
"AX-90332585","T/G","19","2007500"
"AX-90472019","T/G","16","32080327"
"AX-90468359","T/C","9","41636857"
"AX-90523120","G/T","13","32622050"
"AX-90397900","C/T","5","284500"
"AX-90459618","G/A","10","3854530"
"AX-90367765","C/T","7","18769713"
"AX-90318376","A/G","19","4149841"
"AX-90394600","C/T","11","24986658"
"AX-90472537","T/G","6","16337268"
"AX-90364827","A/G","18","47371517"
"AX-90391932","C/T","6","917490"
"AX-90473993","A/C","5","28037076"
"AX-90412239","A/C","4","38342285"
"AX-90396971","A/G","3","20052999"
"AX-90320091","T/C","11","12096953"
"AX-90475760","C/A","19","45087390"
"AX-90496079","C/A","8","40254626"
"AX-90316052","A/T","5","799232"
"AX-90493280","A/C","18","55643993"
"AX-90315320","C/T","6","14849233"
"AX-90355387","A/T","18","9282053"
"AX-90468987","T/C","5","32383032"
"AX-90314122","T/C","13","10229893"
"AX-90473454","T/C","14","43535411"
"AX-90406384","G/A","10","2171861"
"AX-90495318","A/C","12","8178611"
"AX-90385378","A/T","8","17154987"
"AX-90465218","A/T","13","25625173"
"AX-90440521","T/C","2","934321"
"AX-90415914","A/G","15","24761351"
"AX-90388152","T/C","10","3258810"
"AX-90329054","G/T","6","9213481"
"AX-90374366","T/A","5","28820560"
"AX-90449815","G/T","12","34413990"
"AX-90381229","A/C","13","14725186"
"AX-90325344","G/T","6","4575088"
"AX-90518600","T/G","10","2415825"
"AX-90335013","G/T","4","27038221"
"AX-90341217","T/G","15","35372368"
"AX-90363586","G/C","9","5982415"
"AX-90447290","T/C","3","759447"
"AX-90492606","T/A","11","32685104"
"AX-90308503","T/C","16","7092588"
"AX-90316948","G/A","8","17544379"
"AX-90399696","A/G","2","4714699"
"AX-90386283","C/T","20","42449062"
"AX-90345874","G/A","2","3981278"
"AX-90356303","A/G","7","35743685"
"AX-90424901","A/C","15","25071911"
"AX-90416240","G/T","19","35760196"
"AX-90462170","A/G","13","35534461"
"AX-90379300","C/A","8","15274329"
"AX-90499454","A/G","19","177536"
"AX-90445605","T/C","15","15413940"
"AX-90386686","A/G","11","4764069"
"AX-90421335","C/A","2","46142010"
"AX-90443362","T/C","4","1722657"
"AX-90484763","C/T","13","15399013"
"AX-90339144","G/A","9","25176841"
"AX-90516328","C/T","14","18863817"
"AX-90347541","A/T","13","41590143"
"AX-90350127","A/G","4","11280523"
"AX-90433562","A/G","4","7347579"
"AX-90342614","G/A","4","17703726"
"AX-90404564","C/T","2","5092793"
"AX-90342682","G/A","8","14187170"
"AX-90522998","T/G","13","28974979"
"AX-90458328","G/A","18","1514759"
"AX-90445954","T/C","9","4470659"
"AX-90403119","C/T","13","45582132"
"AX-90325300","A/C","18","29409761"
"AX-90442185","G/T","7","15533920"
"AX-90325862","A/C","14","47651159"
"AX-90388957","A/G","13","18745654"
"AX-90305686","G/A","20","34152457"
"AX-90460035","A/G","14","25309873"
"AX-90491679","A/G","10","23566096"
"AX-90469514","T/C","19","46536642"
"AX-90411948","C/T","7","2319034"
"AX-90451554","G/T","15","24207804"
"AX-90493607","A/C","7","484723"
"AX-90477313","G/A","14","17412980"
"AX-90467112","C/T","3","42909763"
"AX-90418883","G/T","17","2799388"
"AX-90424956","C/A","12","37440758"
"AX-90328332","C/T","2","498706"
"AX-90434080","G/A","16","4128726"
"AX-90462151","A/G","5","1060616"
"AX-90476353","A/C","4","48185986"
"AX-90446344","C/T","15","21784275"
"AX-90374951","C/T","19","50380529"
"AX-90472455","T/G","16","36008895"
"AX-90360251","T/C","1","6635947"
"AX-90431050","G/A","8","19369189"
"AX-90505272","A/G","9","45969516"
"AX-90425475","C/A","17","9370829"
"AX-90387595","G/A","9","9313704"
"AX-90370124","G/A","13","10093603"
"AX-90394179","T/C","14","715689"
"AX-90413912","A/T","20","1387686"
"AX-90319559","G/A","1","26854171"
"AX-90308859","G/T","11","8039117"
"AX-90307264","T/C","6","3914844"
"AX-90513530","T/C","12","38395462"
"AX-90464051","T/A","6","12487816"
"AX-90339742","C/T","19","33720854"
"AX-90414948","C/T","17","9461007"
"AX-90521215","T/G","8","11856321"
"AX-90458243","A/G","17","13170138"
"AX-90416429","T/G","14","46911178"
"AX-90369775","A/G","10","18998564"
"AX-90454762","A/G","20","3846375"
"AX-90515865","C/T","6","46144321"
"AX-90465773","A/T","7","10235553"
"AX-90390008","T/C","8","32448652"
"AX-90305380","G/A","20","27764468"
"AX-90438346","T/C","3","23775391"
"AX-90421414","G/C","11","32790074"
"AX-90394077","A/G","7","37620540"
"AX-90403438","C/T","16","4875686"
"AX-90391304","C/T","2","24627377"
"AX-90389913","G/A","15","48822247"
"AX-90377569","G/A","4","37264276"
"AX-90327076","A/G","9","7321355"
"AX-90418583","C/A","17","14607602"
"AX-90469418","T/C","9","47511149"
"AX-90416582","A/G","18","55011206"
"AX-90400581","A/G","14","2494755"
"AX-90496847","G/A","6","48733172"
"AX-90421004","A/G","14","45503125"
"AX-90351852","A/G","15","6834365"
"AX-90312922","G/A","17","3004456"
"AX-90427647","A/G","2","7397066"
"AX-90411743","T/G","19","39380191"
"AX-90450478","G/T","16","2030127"
"AX-90413079","C/A","18","7236598"
"AX-90333910","C/G","10","722800"
"AX-90353524","C/G","11","7537997"
"AX-90353205","G/A","19","10892466"
"AX-90327077","T/G","8","8719125"
"AX-90499750","G/A","20","11957267"
"AX-90323264","C/T","18","50326303"
"AX-90451901","T/C","14","34285981"
"AX-90344936","C/T","2","38772295"
"AX-90321368","C/T","14","3122441"
"AX-90375778","A/G","20","47455004"
"AX-90422967","G/T","8","46221039"
"AX-90393783","A/T","11","11779812"
"AX-90472374","T/G","3","41033951"
"AX-90326651","C/T","16","18914761"
"AX-90511247","T/C","8","45557404"
"AX-90459012","A/G","18","20979304"
"AX-90335575","C/T","4","6396889"
"AX-90311527","A/G","3","366478"
"AX-90421965","G/A","4","1583812"
"AX-90482742","G/T","13","7824820"
"AX-90367208","G/T","13","30060322"
"AX-90350211","A/C","20","844750"
"AX-90408314","C/T","12","36203222"
"AX-90355938","T/C","20","34382833"
"AX-90371606","C/T","14","45617628"
"AX-90404607","C/G","8","39428408"
"AX-90311451","G/A","1","3038229"
"AX-90396595","A/T","16","29035896"
"AX-90395088","A/G","9","48751100"
"AX-90433184","G/A","19","45656650"
"AX-90506067","T/A","9","39207634"
"AX-90420321","G/C","8","46409454"
"AX-90492914","C/T","4","4195743"
"AX-90309582","G/T","9","15779086"
"AX-90499918","A/G","2","4472179"
"AX-90393255","A/T","20","27598236"
"AX-90474906","T/A","17","10620320"
"AX-90329951","T/C","15","10775121"
"AX-90414462","T/C","6","42475723"
"AX-90371731","A/C","8","42694452"
"AX-90374011","A/G","19","43104938"
"AX-90508235","C/G","9","44266215"
"AX-90368323","G/C","17","8811580"
"AX-90492356","G/A","13","22254409"
"AX-90352505","T/G","4","17904138"
"AX-90413546","A/G","1","656564"
"AX-90418097","C/T","7","28895171"
"AX-90369743","G/T","20","45043650"
"AX-90373467","A/G","4","11005636"
"AX-90419725","C/G","19","48950549"
"AX-90312912","C/T","14","45538676"
"AX-90323648","A/T","2","4523839"
"AX-90369753","G/A","2","9807734"
"AX-90390598","T/G","20","17282272"
"AX-90341635","T/A","19","3214281"
"AX-90358191","G/A","8","15498978"
"AX-90423632","A/C","8","12503572"
"AX-90342153","T/C","20","3187072"
"AX-90444503","T/C","16","9836791"
"AX-90388822","G/A","9","34293342"
"AX-90488216","T/C","18","51149081"
"AX-90437998","C/T","4","31478056"
"AX-90360431","G/A","4","3914873"
"AX-90462882","G/A","11","33877767"
"AX-90348866","G/A","4","19443092"
"AX-90376215","C/T","13","35932514"
"AX-90311469","A/T","12","15727539"
"AX-90413917","T/C","1","56615151"
"AX-90451772","G/T","6","49471877"
"AX-90475234","C/A","2","12440301"
"AX-90381566","T/C","5","4669984"
"AX-90523967","A/T","12","3567791"
"AX-90320295","C/A","10","51100861"
"AX-90471251","C/T","13","36164646"
"AX-90429164","A/G","9","41213717"
"AX-90472253","T/G","1","44390706"
"AX-90321581","C/T","7","38374233"
"AX-90328414","C/T","17","4208795"
"AX-90402391","C/T","19","1609199"
"AX-90376250","A/G","2","35922250"
"AX-90523389","C/T","6","16249266"
"AX-90352799","G/T","12","35290255"
"AX-90508137","C/G","16","28929593"
"AX-90494988","C/A","6","5074382"
"AX-90516335","T/C","3","39933571"
"AX-90459541","A/G","2","3708775"
"AX-90431187","A/G","17","37862374"
"AX-90409215","G/A","15","8559641"
"AX-90459544","A/G","11","10921833"
"AX-90318723","G/A","13","22655164"
"AX-90336878","C/T","13","32167743"
"AX-90459224","A/G","17","9386699"
"AX-90453170","G/T","15","44300460"
"AX-90411637","T/C","6","36474658"
"AX-90455817","A/C","12","11614715"
"AX-90499693","A/G","16","37140052"
"AX-90396378","G/A","19","31922807"
"AX-90479340","G/A","16","36652330"
"AX-90343701","C/T","2","2699044"
"AX-90490932","A/C","5","41525586"
"AX-90432005","G/A","15","1919099"
"AX-90418196","A/G","20","43685004"
"AX-90401757","G/T","8","46611996"
"AX-90493538","A/C","8","20341767"
"AX-90349918","G/A","13","7105914"
"AX-90521115","T/G","2","6876207"
"AX-90429033","A/G","2","7080073"
"AX-90338645","A/T","16","1130592"
"AX-90523038","G/T","15","10605847"
"AX-90381195","G/A","9","96738"
"AX-90480220","A/G","15","17718109"
"AX-90339118","G/A","3","25359789"
"AX-90384760","C/T","17","10458680"
"AX-90431091","G/A","16","16947252"
"AX-90320655","G/T","4","5264229"
"AX-90350546","G/A","2","35679563"
"AX-90378459","G/A","20","33990684"
"AX-90349422","C/T","11","8741826"
"AX-90510886","C/T","3","40825558"
"AX-90434267","A/G","14","3790490"
"AX-90406738","C/T","16","23558373"
"AX-90350752","T/G","4","3685778"
"AX-90482935","G/C","17","11634507"
"AX-90379438","G/T","19","475129"
"AX-90515464","C/T","20","38512985"
"AX-90431898","A/G","1","8442500"
"AX-90446848","T/C","4","1448267"
"AX-90522840","T/G","11","32234890"
"AX-90393610","A/G","9","42479928"
"AX-90510108","C/T","15","39930385"
"AX-90498907","G/A","15","3367324"
"AX-90503065","A/G","18","10350817"
"AX-90371722","T/G","7","9462514"
"AX-90322283","T/C","17","7394648"
"AX-90416875","C/A","18","57398363"
"AX-90416532","A/G","4","3071289"
"AX-90510927","C/T","7","3395587"
"AX-90454030","T/C","4","51239156"
"AX-90306283","C/T","8","40755497"
"AX-90349026","G/T","18","4204989"
"AX-90500231","G/A","8","30595940"
"AX-90494524","A/C","15","48858190"
"AX-90423693","A/C","19","40579959"
"AX-90399360","C/T","3","27897605"
"AX-90453763","T/C","8","44472234"
"AX-90378328","G/A","13","17290018"
"AX-90443061","T/C","12","39587859"
"AX-90453965","C/T","14","4945358"
"AX-90427278","A/G","15","13761617"
"AX-90335140","C/T","6","751998"
"AX-90368882","G/A","13","24033278"
"AX-90349020","A/G","3","34377175"
"AX-90371944","C/A","20","36867472"
"AX-90479698","A/G","16","21510444"
"AX-90439799","C/T","3","8071485"
"AX-90391241","A/T","19","205913"
"AX-90331840","T/G","12","35085373"
"AX-90318552","C/A","3","380711"
"AX-90472732","T/G","10","5595289"
"AX-90482039","A/T","12","9943662"
"AX-90372978","C/A","19","5027023"
"AX-90308047","G/A","8","33941582"
"AX-90425573","C/A","11","4791342"
"AX-90317760","C/G","4","1962555"
"AX-90482503","T/C","4","47016244"
"AX-90407862","T/C","9","34281929"
"AX-90440065","T/C","15","2845371"
"AX-90340357","A/G","2","26249292"
"AX-90465063","T/A","10","41587896"
"AX-90503100","G/A","20","36695741"
"AX-90500898","G/A","1","54476004"
"AX-90508094","C/G","7","40747940"
"AX-90455382","A/C","2","444126"
"AX-90403928","A/G","13","27914729"
"AX-90375848","T/C","12","38650925"
"AX-90318079","T/C","8","15760927"
"AX-90335412","T/C","6","9135981"
"AX-90321970","T/A","4","51065358"
"AX-90414330","C/T","13","11505008"
"AX-90328461","T/C","14","34753404"
"AX-90305636","A/G","7","1280630"
"AX-90328545","A/G","20","32202511"
"AX-90509481","C/T","19","48389317"
"AX-90311488","A/G","19","19791045"
"AX-90308987","C/T","20","37157243"
"AX-90516391","C/T","15","48026351"
"AX-90505803","T/A","2","41695785"
"AX-90335107","A/C","1","50524528"
"AX-90345575","T/C","2","16823909"
"AX-90338936","T/C","14","3995843"
"AX-90383176","C/T","8","15431863"
"AX-90424151","A/C","19","35015972"
"AX-90479685","G/A","13","44438370"
"AX-90342966","C/T","13","28433621"
"AX-90428843","A/G","16","29550449"
"AX-90376192","G/A","3","3358279"
"AX-90393882","A/G","8","3561586"
"AX-90372979","T/G","17","16619211"
"AX-90508833","C/T","18","55577773"
"AX-90411456","T/G","4","19409791"
"AX-90422106","G/T","19","2326773"
"AX-90351352","G/A","16","433749"
"AX-90431365","A/G","3","35704426"
"AX-90391423","A/G","16","10335623"
"AX-90467402","C/T","10","2436158"
"AX-90409894","T/C","18","53943477"
"AX-90524570","C/T","6","6117931"
"AX-90408957","G/A","11","34118649"
"AX-90336873","C/T","15","21993541"
"AX-90308935","C/T","11","10342221"
"AX-90405948","A/G","8","40321091"
"AX-90367366","T/C","3","19213620"
"AX-90324393","A/G","1","40817906"
"AX-90308042","A/G","16","32343278"
"AX-90374244","G/A","4","48435707"
"AX-90328035","C/A","13","40484282"
"AX-90417721","T/C","1","4301032"
"AX-90453413","C/T","4","47346248"
"AX-90397046","C/T","11","7766626"
"AX-90482683","A/G","7","4198569"
"AX-90402040","A/G","13","32731041"
"AX-90334344","T/C","4","49006889"
"AX-90445429","T/C","9","39006428"
"AX-90523795","A/G","3","35170930"
"AX-90424414","C/A","13","30355440"
"AX-90469445","C/T","10","50930632"
"AX-90441986","C/T","5","4019286"
"AX-90391458","T/C","19","31934834"
"AX-90443697","T/C","19","951101"
"AX-90434138","G/A","13","26081099"
"AX-90345102","G/A","17","33059225"
"AX-90500086","G/A","18","20506937"
"AX-90367015","T/C","8","22440185"
"AX-90465664","G/A","6","16410633"
"AX-90454672","T/C","18","1496725"
"AX-90522945","G/T","17","20472815"
"AX-90329679","C/T","7","11407589"
"AX-90487335","C/T","9","38255509"
"AX-90423823","G/A","14","33058213"
"AX-90516603","C/T","1","43489471"
"AX-90490247","T/G","11","4131794"
"AX-90465601","T/C","18","2678291"
"AX-90525581","G/A","12","5319733"
"AX-90465291","G/A","7","377849"
"AX-90392892","G/A","12","10310143"
"AX-90498136","A/G","10","10130060"
"AX-90475153","A/C","1","2383209"
"AX-90415975","A/T","2","41097611"
"AX-90522539","T/G","10","48557992"
"AX-90470792","T/C","7","8378937"
"AX-90384353","T/C","17","40332475"
"AX-90457007","C/A","2","44405175"
"AX-90523373","A/C","4","8601013"
"AX-90478506","A/G","16","3132502"
"AX-90411519","A/T","15","35278031"
"AX-90322443","C/T","10","44856151"
"AX-90368197","A/G","8","40323586"
"AX-90307436","C/T","12","1654397"
"AX-90480458","G/A","15","50971976"
"AX-90482122","T/C","10","44147719"
"AX-90342923","C/T","11","12141413"
"AX-90446526","T/C","15","26065340"
"AX-90474379","A/T","10","48879242"
"AX-90461880","A/G","9","3299167"
"AX-90473302","T/G","13","44083918"
"AX-90438629","C/G","18","56002112"
"AX-90479622","C/T","15","15188130"
"AX-90524174","G/A","4","9282257"
"AX-90336139","A/G","18","7099716"
"AX-90318560","A/C","6","47778928"
"AX-90424067","C/A","10","3513400"
"AX-90525479","T/C","14","42954254"
"AX-90453410","C/T","17","18665091"
"AX-90432201","G/A","19","39218998"
"AX-90337044","C/A","20","43941844"
"AX-90476049","A/G","17","31737433"
"AX-90522702","G/T","19","47872317"
"AX-90485109","T/C","14","10100518"
"AX-90496290","A/G","6","6856371"
"AX-90450508","G/T","1","7020580"
"AX-90417701","G/T","17","8151127"
"AX-90444463","C/T","6","38207418"
"AX-90360608","A/G","19","24300124"
"AX-90354575","A/T","8","20464413"
"AX-90469749","C/T","8","4126018"
"AX-90373397","G/T","16","1321737"
"AX-90458774","G/A","19","46342578"
"AX-90379122","G/A","18","1108543"
"AX-90429969","A/G","10","50861763"
"AX-90344551","T/C","12","37020556"
"AX-90337091","G/T","13","20561599"
"AX-90443441","C/T","19","46684920"
"AX-90325504","G/T","18","20547044"
"AX-90501638","G/A","9","39156124"
"AX-90397730","A/C","7","8588758"
"AX-90327389","A/G","2","43754751"
"AX-90347509","C/T","1","7654201"
"AX-90431037","A/G","13","39717835"
"AX-90466814","G/C","1","519808"
"AX-90454173","G/T","3","617756"
"AX-90311162","A/G","11","34258946"
"AX-90425562","A/C","5","42070067"
"AX-90375934","G/A","9","1528210"
"AX-90474478","T/C","20","38567508"
"AX-90403626","T/A","16","2089673"
"AX-90418870","C/G","8","47126654"
"AX-90508486","C/G","9","46257880"
"AX-90497135","G/A","3","2006176"
"AX-90502168","G/A","13","43878300"
"AX-90490207","G/T","10","3123397"
"AX-90333435","C/T","20","38262334"
"AX-90316187","C/T","9","2711437"
"AX-90510172","C/T","5","39128581"
"AX-90308162","T/C","17","9043967"
"AX-90344162","C/T","16","22911606"
"AX-90448575","T/C","10","26600180"
"AX-90330785","C/T","11","10245925"
"AX-90380130","T/C","5","710054"
"AX-90497262","A/G","17","2736373"
"AX-90322762","A/G","7","19524649"
"AX-90423874","C/A","8","24904355"
"AX-90426672","C/A","16","30369837"
"AX-90486366","C/T","15","591897"
"AX-90406253","A/G","16","6573082"
"AX-90317561","A/G","2","12426429"
"AX-90500433","A/G","9","40735044"
"AX-90422049","G/C","1","7230055"
"AX-90319459","G/T","3","3347757"
"AX-90369488","C/T","14","6935440"
"AX-90383415","G/A","6","48080713"
"AX-90422572","T/G","15","41826216"
"AX-90344481","T/A","15","11994142"
"AX-90490128","G/T","5","38012004"
"AX-90511377","C/T","15","4479676"
"AX-90444623","T/C","17","7022146"
"AX-90404414","C/T","1","36555122"
"AX-90453747","C/T","6","49651663"
"AX-90455645","A/G","7","37751638"
"AX-90463436","A/G","9","6745315"
"AX-90308362","A/G","20","25862782"
"AX-90508667","C/G","6","15978561"
"AX-90481011","G/A","12","2669722"
"AX-90311706","T/C","10","40157483"
"AX-90305279","T/C","17","2612795"
"AX-90521956","G/T","7","8146785"
"AX-90377581","C/T","10","12472674"
"AX-90314223","T/G","6","47342977"
"AX-90453582","T/A","15","16597249"
"AX-90324934","T/C","19","9764650"
"AX-90476514","C/A","17","3516774"
"AX-90466848","C/T","3","40449660"
"AX-90329582","T/C","6","9684122"
"AX-90465498","A/G","12","8245015"
"AX-90472672","G/T","9","39938460"
"AX-90372476","T/C","16","30593739"
"AX-90340406","A/G","15","11439321"
"AX-90349285","G/A","9","19305719"
"AX-90341723","G/A","19","47116629"
"AX-90388626","C/G","6","3834980"
"AX-90466246","A/C","11","4822712"
"AX-90467437","T/C","17","38937126"
"AX-90486656","C/T","16","35844332"
"AX-90509903","C/T","8","17230825"
"AX-90489173","C/T","17","20745932"
"AX-90498587","A/G","17","27926312"
"AX-90351209","T/G","10","30274201"
"AX-90447275","C/T","16","33136433"
"AX-90433193","A/G","15","23231143"
"AX-90519069","G/T","20","11623845"
"AX-90511759","C/T","16","646525"
"AX-90306262","T/A","16","35206543"
"AX-90344053","C/T","19","38058083"
"AX-90340066","C/A","19","43780041"
"AX-90434287","G/A","10","48215707"
"AX-90455937","G/A","6","3439084"
"AX-90325911","A/T","10","16686848"
"AX-90414830","G/A","6","6093002"
"AX-90364726","T/C","4","45948271"
"AX-90379083","G/A","4","51156874"
"AX-90525577","T/C","1","43593201"
"AX-90430581","A/G","19","30864089"
"AX-90347460","A/G","12","36936862"
"AX-90481861","T/C","16","15107251"
"AX-90369937","T/A","10","48068887"
"AX-90489811","G/T","11","693825"
"AX-90484600","C/T","4","23268661"
"AX-90333250","T/G","15","51195473"
"AX-90446617","T/C","2","21583931"
"AX-90389342","A/G","20","43973977"
"AX-90458462","G/A","16","9576273"
"AX-90309619","C/G","13","28647332"
"AX-90457467","A/C","2","22202775"
"AX-90362743","A/G","12","39062711"
"AX-90440142","T/C","19","41936498"
"AX-90347510","C/T","16","36751127"
"AX-90454567","A/T","13","23501073"
"AX-90395943","G/A","16","543052"
"AX-90485229","C/T","19","27213768"
"AX-90359269","T/C","1","56448243"
"AX-90414193","G/T","2","39010420"
"AX-90495838","A/C","6","1338971"
"AX-90501055","A/G","1","28524442"
"AX-90436349","A/T","11","7392732"
"AX-90519462","G/T","12","18478944"
"AX-90338882","T/C","6","6960291"
"AX-90418348","T/C","19","36030218"
"AX-90403036","G/A","13","13711717"
"AX-90317402","C/G","1","49011199"
"AX-90395152","C/T","10","1492552"
"AX-90410591","T/C","3","18031373"
"AX-90360379","A/G","17","3312986"
"AX-90451673","G/T","6","9213105"
"AX-90357441","C/G","6","50053137"
"AX-90523774","A/G","8","41337512"
"AX-90403725","T/C","3","43846008"
"AX-90479435","A/G","15","10540203"
"AX-90521015","G/T","6","49621825"
"AX-90450212","T/G","5","2242029"
"AX-90521281","G/T","6","41672853"
"AX-90454314","T/A","9","3056195"
"AX-90470295","C/T","2","39452890"
"AX-90517831","C/G","6","2212050"
"AX-90518827","G/T","17","13528315"
"AX-90360416","T/C","19","44704817"
"AX-90320412","A/T","12","4132071"
"AX-90434210","A/G","17","39113518"
"AX-90469621","T/C","6","10897198"
"AX-90420196","C/G","10","10449354"
"AX-90311177","A/C","13","18889382"
"AX-90330081","G/A","2","45059095"
"AX-90421171","G/A","17","18585211"
"AX-90312263","T/G","12","20739241"
"AX-90481168","G/A","6","2931200"
"AX-90429715","A/G","6","7981121"
"AX-90312942","G/C","5","3434682"
"AX-90398508","G/T","4","10014514"
"AX-90498681","A/G","1","49364929"
"AX-90317429","A/C","7","2692293"
"AX-90309241","A/G","17","15316929"
"AX-90490473","T/G","1","48459141"
"AX-90508121","C/G","11","2438239"
"AX-90324313","A/C","19","37296252"
"AX-90351526","C/A","20","38438295"
"AX-90411780","A/G","3","28211639"
"AX-90325426","T/G","12","37848286"
"AX-90452639","T/G","6","43492490"
"AX-90466166","G/C","12","38562587"
"AX-90320300","G/A","12","34165128"
"AX-90360648","A/C","17","7846052"
"AX-90420503","C/T","4","5264510"
"AX-90503385","A/G","13","42566233"
"AX-90456438","A/C","2","5597435"
"AX-90403663","A/G","9","40639586"
"AX-90333825","G/A","8","9319265"
"AX-90494381","A/C","9","2952003"
"AX-90384321","A/G","12","33978936"
"AX-90523883","G/C","18","571313"
"AX-90504543","T/A","10","49119800"
"AX-90413603","A/T","4","9962531"
"AX-90416765","G/A","13","41351917"
"AX-90524549","G/A","16","4344120"
"AX-90342096","C/T","4","3309261"
"AX-90503148","G/A","7","1077644"
"AX-90477887","G/A","11","1098621"
"AX-90337077","C/T","8","12148408"
"AX-90372834","A/G","15","13281026"
"AX-90305534","G/A","9","42280799"
"AX-90409017","C/A","10","2042661"
"AX-90514086","T/C","2","3969150"
"AX-90367880","G/T","7","44387000"
"AX-90371149","C/T","8","15415245"
"AX-90433742","G/A","20","6130042"
"AX-90385823","A/G","4","38549468"
"AX-90387866","G/T","19","3985566"
"AX-90449240","A/C","9","1290432"
"AX-90353370","C/A","20","36484208"
"AX-90468730","C/T","4","17760613"
"AX-90374167","C/A","1","40966577"
"AX-90327786","T/C","14","41355841"
"AX-90321007","G/A","10","42036022"
"AX-90474193","T/C","2","2173379"
"AX-90418640","T/C","3","33733657"
"AX-90446701","T/C","13","20796941"
"AX-90445585","C/T","1","51967750"
"AX-90357986","C/T","7","6529680"
"AX-90413583","T/G","18","4623949"
"AX-90524008","C/T","4","47160692"
"AX-90376885","C/T","13","21450796"
"AX-90453455","G/A","18","52919565"
"AX-90343545","G/A","14","23052348"
"AX-90307935","T/C","20","45204661"
"AX-90392335","A/T","17","41505656"
"AX-90435378","A/G","11","34344664"
"AX-90522749","G/T","3","40107190"
"AX-90364054","A/G","19","37765579"
"AX-90443875","T/C","9","6958735"
"AX-90475536","A/C","11","7671846"
"AX-90491235","T/G","2","6180885"
"AX-90446351","T/C","3","5897766"
"AX-90464056","G/A","5","1609887"
"AX-90392248","T/C","16","34119776"
"AX-90305498","G/T","7","36445404"
"AX-90384275","G/A","15","5587992"
"AX-90492849","G/A","3","36792667"
"AX-90465696","T/A","10","47171383"
"AX-90458795","G/A","15","33219470"
"AX-90429694","A/G","13","44094014"
"AX-90496048","C/A","2","42791954"
"AX-90448528","T/C","19","1306659"
"AX-90372264","T/G","13","8092554"
"AX-90487955","T/C","1","30493829"
"AX-90417184","T/C","16","30793848"
"AX-90517206","C/T","16","6034873"
"AX-90430534","G/A","3","1005911"
"AX-90306872","T/C","17","2137181"
"AX-90427662","G/A","12","3617319"
"AX-90372752","G/T","6","17278736"
"AX-90513092","T/C","20","42555904"
"AX-90369726","C/T","7","18745370"
"AX-90493279","C/A","7","485334"
"AX-90375221","T/C","12","38913166"
"AX-90505675","T/A","14","1439682"
"AX-90482716","G/A","13","36880852"
"AX-90363676","T/C","11","6710865"
"AX-90471564","T/C","3","13124696"
"AX-90316044","G/A","14","2214497"
"AX-90477779","A/G","16","6215610"
"AX-90339162","T/C","10","2901083"
"AX-90473766","G/A","10","39671178"
"AX-90460145","G/A","18","50186817"
"AX-90339997","G/T","9","33356342"
"AX-90515494","T/C","19","46375724"
"AX-90388391","C/A","19","38714259"
"AX-90306802","A/G","3","36573437"
"AX-90413641","T/A","6","5085422"
"AX-90420312","G/A","20","23546035"
"AX-90450725","G/T","14","6824862"
"AX-90380450","G/A","7","17833139"
"AX-90503744","G/A","20","36461483"
"AX-90447322","C/T","20","41793498"
"AX-90324760","A/G","10","24193211"
"AX-90454536","A/G","9","7925617"
"AX-90416830","G/A","18","48344034"
"AX-90474577","T/C","15","19818871"
"AX-90512333","T/C","4","12232227"
"AX-90382948","C/T","18","12060496"
"AX-90416301","G/T","14","39869667"
"AX-90383735","C/G","13","45651551"
"AX-90396126","G/T","14","22631271"
"AX-90370157","A/G","17","36096843"
"AX-90425563","C/A","16","27792825"
"AX-90457886","G/A","1","3037893"
"AX-90351677","A/G","5","37477721"
"AX-90394636","A/G","15","38167605"
"AX-90445263","T/C","20","35151893"
"AX-90361264","C/T","13","31247098"
"AX-90319650","C/G","20","22638196"
"AX-90434548","G/A","11","13878227"
"AX-90495236","C/A","9","5493440"
"AX-90319467","A/G","20","17857277"
"AX-90426044","C/A","19","6159079"
"AX-90318416","T/C","4","22894207"
"AX-90490179","G/A","19","169610"
"AX-90506097","T/A","20","2049591"
"AX-90354112","G/A","5","3627782"
"AX-90424476","A/C","2","45587501"
"AX-90364503","T/C","14","43663998"
"AX-90413775","C/T","17","29376535"
"AX-90435985","T/A","12","32386342"
"AX-90449873","G/T","17","15358665"
"AX-90427612","A/G","19","49190746"
"AX-90507457","T/C","13","38321507"
"AX-90457427","A/C","17","40757108"
"AX-90511055","C/T","7","4966257"
"AX-90513424","C/T","11","8665535"
"AX-90362934","G/A","17","7333733"
"AX-90407230","G/A","1","52848657"
"AX-90522145","T/G","3","39436293"
"AX-90512931","T/C","6","35125946"
