"rs","alleles","chrom","pos","CallRate","MAF","pvalue_HWE","heterozygosity"
"AX-90424813","C/A","11","8968994",0.98,0.397959183673469,3.32015203486528e-20,0.06
"AX-90452805","G/T","5","33824325",0.98,0.102040816326531,1.32741046955812e-14,0
"AX-90505481","T/A","3","44032490",0.98,0.0612244897959184,2.21168904576945e-10,0
"AX-90345409","T/C","14","6931964",0.98,0.102040816326531,1.32741046955812e-14,0
"AX-90450740","T/G","17","8602676",0.98,0.0255102040816327,0.000398565165404544,0.01
"AX-90353279","A/G","17","12716310",0.98,0.122448979591837,2.11771843698289e-16,0
"AX-90374078","C/T","8","37902760",0.98,0.0612244897959184,2.21168904576945e-10,0
"AX-90371389","A/C","11","33558610",0.98,0,1,0
"AX-90443120","T/C","19","27394060",0.98,0.178571428571429,1.03793275659688e-15,0.03
"AX-90360803","C/A","11","1382766",0.98,0.214285714285714,1.78302567630089e-16,0.04
"AX-90312218","G/A","2","307708",0.98,0.464285714285714,8.77867962028439e-25,0.03
"AX-90448590","T/C","20","23747890",0.98,0.0459183673469388,6.95576204894491e-07,0.01
"AX-90315218","A/G","10","44235501",0.98,0.102040816326531,1.32741046955812e-14,0
"AX-90326195","C/T","18","18008866",0.98,0.178571428571429,1.03793275659688e-15,0.03
"AX-90474872","C/T","9","3821477",0.98,0.0102040816326531,0.00512820512820513,0
"AX-90474413","G/A","15","17604672",0.98,0.0612244897959184,2.21168904576945e-10,0
"AX-90466226","T/C","17","10182087",0.98,0.178571428571429,1.03793275659688e-15,0.03
"AX-90490718","T/G","5","36635753",0.98,0.0408163265306122,7.72862449882768e-08,0
"AX-90424101","C/A","12","5575176",0.98,0.127551020408163,5.29429609245723e-15,0.01
"AX-90491828","A/G","13","33979911",0.98,0.459183673469388,1.05797155599376e-18,0.08
"AX-90333781","T/C","13","32400326",0.98,0.0969387755102041,2.34951653111787e-12,0.01
"AX-90457083","A/C","8","15787168",0.98,0.122448979591837,4.37308857236967e-13,0.02
"AX-90503448","A/G","13","29895804",0.98,0.489795918367347,1.68514012696879e-23,0.04
"AX-90403816","A/G","4","5175547",0.98,0.0102040816326531,0.00512820512820513,0
"AX-90509605","C/T","6","45034472",0.98,0,1,0
"AX-90444096","C/T","14","17125365",0.98,0.188775510204082,2.49393363291671e-16,0.03
"AX-90357316","T/C","5","39049702",0.98,0.198979591836735,6.37503324619962e-17,0.03
"AX-90367267","T/C","5","4927854",0.98,0,1,0
"AX-90377088","G/A","9","1028445",0.98,0.0663265306122449,2.87519575950028e-09,0.01
"AX-90352338","G/A","5","40357499",0.98,0.112244897959184,8.77038680983622e-10,0.04
"AX-90336547","T/G","19","26192150",0.98,0.086734693877551,2.21349188984262e-11,0.01
"AX-90423845","C/A","10","24513436",0.98,0.147959183673469,1.0943708323507e-07,0.09
"AX-90395809","C/T","16","36083296",0.98,0.0306122448979592,0.00119152203898426,0.02
"AX-90457698","G/A","6","29331063",0.98,0,1,0
"AX-90388303","C/A","4","44815783",0.98,0.270408163265306,7.7013737001414e-18,0.05
"AX-90320904","G/A","18","40859540",0.98,0.0408163265306122,7.72862449882768e-08,0
"AX-90371503","T/C","20","5861801",0.98,0.0102040816326531,0.00512820512820513,0
"AX-90502711","A/G","9","34489427",0.98,0.0102040816326531,0.00512820512820513,0
"AX-90478079","A/G","9","48048474",0.98,0.0408163265306122,7.72862449882768e-08,0
"AX-90308193","T/C","15","9923879",0.98,0.326530612244898,7.76658975584845e-24,0.02
"AX-90438022","A/C","19","36801219",0.98,0.321428571428571,2.44486730775821e-25,0.01
"AX-90324515","C/T","2","7051967",0.98,0.0816326530612245,1.3020540528486e-12,0
"AX-90449836","G/T","10","47235331",0.98,0.102040816326531,1.32741046955812e-14,0
"AX-90477820","A/G","3","44340335",0.98,0.178571428571429,1.14351754307405e-18,0.01
"AX-90508293","G/C","10","50808213",0.98,0,1,0
"AX-90525465","A/C","13","45226286",0.98,0.0102040816326531,0.00512820512820513,0
"AX-90457368","A/C","1","38027585",0.98,0.0918367346938776,1.23658764795677e-13,0
"AX-90444995","C/T","19","20011205",0.98,0,1,0
"AX-90327877","C/A","9","49094789",0.98,0.0918367346938776,1.23658764795677e-13,0
"AX-90357712","G/C","20","4663612",0.98,0.362244897959184,2.64547157107314e-23,0.03
"AX-90442948","C/T","6","35340970",0.98,0.0204081632653061,7.97130330809087e-05,0
"AX-90393343","T/G","12","39225963",0.98,0.372448979591837,1.5634535970624e-23,0.03
"AX-90432855","A/G","8","41338091",0.98,0.0102040816326531,0.00512820512820513,0
"AX-90364155","T/C","9","38859403",0.98,0.158163265306122,2.66276227887243e-17,0.01
"AX-90362402","G/A","11","1619556",0.98,0.102040816326531,1.32741046955812e-14,0
"AX-90506693","A/G","3","44323144",0.98,0.346938775510204,2.0621462980358e-24,0.02
"AX-90380834","C/T","15","4245623",0.98,0.0255102040816327,1,0.05
"AX-90498954","G/A","17","31567510",0.98,0.188775510204082,7.81846485745669e-12,0.07
"AX-90429525","G/A","6","13514763",0.98,0.0102040816326531,0.00512820512820513,0
"AX-90481665","T/A","8","18292415",0.98,0.158163265306122,2.66276227887243e-17,0.01
"AX-90332279","C/G","5","38584005",0.98,0.0102040816326531,0.00512820512820513,0
"AX-90436953","A/T","10","35542050",0.98,0.0255102040816327,1,0.05
"AX-90521613","C/T","19","342010",0.98,0,1,0
"AX-90316823","C/A","19","42811081",0.98,0,1,0
"AX-90325070","A/G","7","3078401",0.98,0.336734693877551,9.31122264637767e-17,0.08
"AX-90458626","A/G","16","3922518",0.98,0.5,1.65895388011319e-23,0.04
"AX-90375464","C/T","7","4979222",0.98,0.295918367346939,5.07333950670184e-20,0.04
"AX-90482848","C/T","13","6170896",0.98,0.086734693877551,2.21349188984262e-11,0.01
"AX-90395283","A/C","18","685324",0.98,0.341836734693878,3.47792524593862e-20,0.05
"AX-90506110","A/T","3","44600236",0.98,0.321428571428571,2.44486730775821e-25,0.01
"AX-90336848","T/C","5","998684",0.98,0.0408163265306122,7.72862449882768e-08,0
"AX-90417435","G/A","5","31696483",0.98,0.285714285714286,2.80263933322253e-17,0.06
"AX-90407883","G/A","3","36586564",0.98,0,1,0
"AX-90396585","A/G","3","44095910",0.98,0.413265306122449,1.90321637284168e-27,0.01
"AX-90497342","G/A","13","32724216",0.98,0.0204081632653061,7.97130330809087e-05,0
"AX-90523402","G/T","9","7272819",0.98,0.102040816326531,1.32741046955812e-14,0
"AX-90382311","T/G","13","44666200",0.98,0.142857142857143,4.94639933895101e-18,0
"AX-90410541","G/A","2","6812596",0.98,0.112244897959184,3.05038925904455e-12,0.02
"AX-90450835","G/T","11","10604827",0.98,0.102040816326531,1.32741046955812e-14,0
"AX-90405698","G/A","16","1302200",0.98,0.331632653061224,1.18999565168534e-17,0.07
"AX-90305156","A/T","5","41222623",0.98,0,1,0
"AX-90410633","A/C","5","924605",0.98,0.00510204081632653,1,0.01
"AX-90375368","T/A","18","2090293",0.98,0,1,0
"AX-90489970","T/G","6","11301195",0.98,0.0204081632653061,7.97130330809087e-05,0
"AX-90460962","G/A","20","43808682",0.98,0.0204081632653061,7.97130330809087e-05,0
"AX-90379282","G/A","13","10682575",0.98,0.112244897959184,3.05038925904455e-12,0.02
"AX-90493269","C/A","19","35469209",0.98,0,1,0
"AX-90453555","C/T","6","15180345",0.98,0.346938775510204,1.43080123600925e-21,0.04
"AX-90370238","T/G","18","56279910",0.98,0.0510204081632653,3.71965884970316e-09,0
"AX-90395365","G/T","1","42836194",0.98,0.239795918367347,4.8551203139221e-19,0.03
"AX-90504757","T/A","20","41869468",0.98,0.0561224489795918,4.09162473467348e-08,0.01
"AX-90332585","T/G","19","2007500",0.98,0.403061224489796,1.8000345122368e-21,0.05
"AX-90374556","G/T","3","1782946",0.98,0,1,0
"AX-90472019","T/G","16","32080327",0.98,0.454081632653061,4.60763898801125e-22,0.05
"AX-90408518","C/T","6","7706448",0.98,0,1,0
"AX-90468359","T/C","9","41636857",0.98,0.0969387755102041,2.34951653111787e-12,0.01
"AX-90392572","A/G","4","45687122",0.98,0,1,0
"AX-90523120","G/T","13","32622050",0.98,0.122448979591837,4.37308857236967e-13,0.02
"AX-90397900","C/T","5","284500",0.98,0.0510204081632653,3.71965884970316e-09,0
"AX-90459618","G/A","10","3854530",0.98,0.102040816326531,1.32741046955812e-14,0
"AX-90367765","C/T","7","18769713",1,0.005,1,0.01
"AX-90318376","A/G","19","4149841",1,0.32,2.54039278178694e-21,0.04
"AX-90394600","C/T","11","24986658",1,0.015,0.0150753768844221,0.01
"AX-90472537","T/G","6","16337268",1,0.165,8.18557627535157e-13,0.05
"AX-90364827","A/G","18","47371517",1,0.01,0.0050251256281407,0
"AX-90391932","C/T","6","917490",1,0.01,0.0050251256281407,0
"AX-90473993","A/C","5","28037076",1,0.265,1.22753451250188e-20,0.03
"AX-90412239","A/C","4","38342285",1,0.045,6.40502140664904e-07,0.01
"AX-90396971","A/G","3","20052999",1,0.195,4.20910597315474e-20,0.01
"AX-90349980","C/A","17","17935136",1,0,0,0
"AX-90320091","T/C","11","12096953",1,0.06,1.95172263700212e-10,0
"AX-90475760","C/A","19","45087390",1,0.24,6.00870144613542e-21,0.02
"AX-90496079","C/A","8","40254626",1,0.06,2.20349485717539e-07,0.02
"AX-90351231","G/A","20","27163995",1,0,0,0
"AX-90316052","A/T","5","799232",1,0.01,1,0.02
"AX-90493280","A/C","18","55643993",1,0.18,1.4040241580127e-17,0.02
"AX-90315320","C/T","6","14849233",1,0.16,1.13430426388719e-19,0
"AX-90355387","A/T","18","9282053",1,0.48,6.02678661188067e-27,0.02
"AX-90468987","T/C","5","32383032",1,0.4,9.05901271363072e-21,0.06
"AX-90314122","T/C","13","10229893",1,0.45,2.19744492557702e-21,0.06
"AX-90386971","T/C","3","31931029",1,0,0,0
"AX-90473454","T/C","14","43535411",1,0.1,1.07278386620947e-14,0
"AX-90406384","G/A","10","2171861",1,0.075,2.03521879259579e-10,0.01
"AX-90367192","C/T","8","17725203",1,0,0,0
"AX-90356940","A/G","5","8022759",1,0,0,0
"AX-90495318","A/C","12","8178611",1,0.065,2.53723942810275e-09,0.01
"AX-90385378","A/T","8","17154987",1,0.135,6.30810321859749e-16,0.01
"AX-90465218","A/T","13","25625173",1,0.305,1.38861267297201e-19,0.05
"AX-90440521","T/C","2","934321",1,0.035,1.37352125720363e-05,0.01
"AX-90415914","A/G","15","24761351",1,0.155,1.91697420596936e-17,0.01
"AX-90388152","T/C","10","3258810",1,0.09,1.02196778833639e-13,0
"AX-90329054","G/T","6","9213481",1,0.01,0.0050251256281407,0
"AX-90374366","T/A","5","28820560",1,0.01,0.0050251256281407,0
"AX-90449815","G/T","12","34413990",1,0.17,6.32758388739323e-17,0.02
"AX-90381229","A/C","13","14725186",1,0.35,3.55465787675727e-22,0.04
"AX-90325344","G/T","6","4575088",1,0.02,7.65247557584879e-05,0
"AX-90518600","T/G","10","2415825",1,0.03,1.96217322457661e-06,0
"AX-90335013","G/T","4","27038221",1,0.065,2.53723942810275e-09,0.01
"AX-90341217","T/G","15","35372368",1,0.06,1.95172263700212e-10,0
"AX-90363586","G/C","9","5982415",1,0.41,2.12788748040632e-23,0.04
"AX-90475156","C/A","3","42277810",1,0,0,0
"AX-90447290","T/C","3","759447",1,0.36,5.65552092563361e-20,0.06
"AX-90492606","T/A","11","32685104",1,0.03,1.96217322457661e-06,0
"AX-90330808","C/T","13","21050243",1,0,0,0
"AX-90308503","T/C","16","7092588",1,0.03,1.96217322457661e-06,0
"AX-90316948","G/A","8","17544379",1,0.45,2.19744492557702e-21,0.06
"AX-90399696","A/G","2","4714699",1,0.09,1.67500520508334e-10,0.02
"AX-90386283","C/T","20","42449062",1,0.35,4.89505008409108e-25,0.02
"AX-90434910","A/G","6","12431981",1,0,0,0
"AX-90345874","G/A","2","3981278",1,0.12,3.45567239652872e-13,0.02
"AX-90356303","A/G","7","35743685",1,0.435,4.1622001882501e-25,0.03
"AX-90424901","A/C","15","25071911",1,0.1,1.93208374304325e-11,0.02
"AX-90416240","G/T","19","35760196",1,0.185,5.64562119389408e-12,0.07
"AX-90462170","A/G","13","35534461",1,0.105,2.25284611903989e-13,0.01
"AX-90379300","C/A","8","15274329",1,0.05,3.1890970459284e-06,0.02
"AX-90499454","A/G","19","177536",1,0.24,6.00870144613542e-21,0.02
"AX-90445605","T/C","15","15413940",1,0.365,2.8423889827512e-21,0.05
"AX-90344133","T/G","1","6949992",1,0,0,0
"AX-90386686","A/G","11","4764069",1,0.27,2.60013031506408e-22,0.02
"AX-90421335","C/A","2","46142010",1,0.01,0.0050251256281407,0
"AX-90443362","T/C","4","1722657",1,0.02,7.65247557584879e-05,0
"AX-90423828","A/C","6","9554937",1,0,0,0
"AX-90484763","C/T","13","15399013",1,0.105,1.33894154341604e-10,0.03
"AX-90516971","C/T","18","22252851",1,0,0,0
"AX-90339144","G/A","9","25176841",1,0.065,2.53723942810275e-09,0.01
"AX-90419489","T/C","10","5187199",1,0,0,0
"AX-90516328","C/T","14","18863817",1,0.13,1.82325443661649e-11,0.04
"AX-90410858","G/A","4","49071025",1,0,0,0
"AX-90347541","A/T","13","41590143",1,0.25,5.34350100200972e-25,0
"AX-90350127","A/G","4","11280523",1,0.165,3.74320407082773e-18,0.01
"AX-90433562","A/G","4","7347579",1,0.365,6.53853918439972e-24,0.03
"AX-90398435","C/T","3","33176402",1,0,0,0
"AX-90342614","G/A","4","17703726",1,0.105,2.25284611903989e-13,0.01
"AX-90404564","C/T","2","5092793",1,0.04,7.11669045183227e-08,0
"AX-90342682","G/A","8","14187170",1,0.02,7.65247557584879e-05,0
"AX-90522998","T/G","13","28974979",1,0.11,2.46554499843527e-12,0.02
"AX-90458328","G/A","18","1514759",1,0.09,1.67500520508334e-10,0.02
"AX-90445954","T/C","9","4470659",1,0.095,1.94173879783914e-12,0.01
"AX-90403119","C/T","13","45582132",1,0.05,3.35341434903091e-09,0
"AX-90325300","A/C","18","29409761",1,0.02,7.65247557584879e-05,0
"AX-90442185","G/T","7","15533920",1,0.07,1.35681252839719e-11,0
"AX-90325862","A/C","14","47651159",1,0.195,4.26943649210329e-17,0.03
"AX-90388957","A/G","13","18745654",1,0.425,5.46979181238826e-25,0.03
"AX-90305686","G/A","20","34152457",1,0.065,2.53723942810275e-09,0.01
"AX-90460035","A/G","14","25309873",1,0.07,1.35681252839719e-11,0
"AX-90491679","A/G","10","23566096",1,0.18,1.4040241580127e-17,0.02
"AX-90469514","T/C","19","46536642",1,0.015,0.0150753768844221,0.01
"AX-90411948","C/T","7","2319034",1,0.16,3.05014416559266e-16,0.02
"AX-90451554","G/T","15","24207804",1,0.04,5.47273495745902e-05,0.02
"AX-90493607","A/C","7","484723",1,0.3,4.17190818704726e-27,0
"AX-90477313","G/A","14","17412980",1,0.14,8.78394257433604e-15,0.02
"AX-90467112","C/T","3","42909763",1,0.375,2.5521097409328e-27,0.01
"AX-90418883","G/T","17","2799388",1,0.26,7.03975773955373e-22,0.02
"AX-90424956","C/A","12","37440758",1,0.025,0.0498686325026146,0.03
"AX-90328332","C/T","2","498706",1,0.215,2.89880613722091e-21,0.01
"AX-90464267","A/T","12","36463039",1,0,0,0
"AX-90434080","G/A","16","4128726",1,0.01,0.0050251256281407,0
"AX-90462151","A/G","5","1060616",1,0.145,1.05742770716374e-16,0.01
"AX-90476353","A/C","4","48185986",1,0.055,3.688755783934e-08,0.01
"AX-90446344","C/T","15","21784275",1,0.42,4.58281145601639e-21,0.06
"AX-90356987","A/G","6","958675",1,0,0,0
"AX-90374951","C/T","19","50380529",1,0.28,1.0087678834354e-22,0.02
"AX-90361848","C/T","16","26148072",1,0,0,0
"AX-90472455","T/G","16","36008895",1,0.22,3.42184862216236e-17,0.04
"AX-90313649","G/A","1","49467142",1,0,0,0
"AX-90360251","T/C","1","6635947",1,0.175,7.84503847179465e-19,0.01
"AX-90421613","A/G","8","4855744",1,0,0,0
"AX-90394210","A/G","1","52872046",1,0,0,0
"AX-90410866","T/A","11","25982293",1,0,0,0
"AX-90431050","G/A","8","19369189",1,0.43,3.45292043478211e-21,0.06
"AX-90492331","T/C","19","188950",1,0,0,0
"AX-90505272","A/G","9","45969516",1,0.08,1.100118266268e-12,0
"AX-90425475","C/A","17","9370829",1,0.425,5.46979181238826e-25,0.03
"AX-90387595","G/A","9","9313704",1,0.15,1.57748425787994e-15,0.02
"AX-90401826","A/C","8","6431808",1,0,0,0
"AX-90370124","G/A","13","10093603",1,0.095,1.94173879783914e-12,0.01
"AX-90394179","T/C","14","715689",1,0.005,1,0.01
"AX-90413912","A/T","20","1387686",1,0.105,1.33894154341604e-10,0.03
"AX-90319559","G/A","1","26854171",1,0.035,1.37352125720363e-05,0.01
"AX-90308859","G/T","11","8039117",1,0.015,0.0150753768844221,0.01
"AX-90441556","T/C","8","41447721",1,0,0,0
"AX-90307264","T/C","6","3914844",1,0.075,2.03521879259579e-10,0.01
"AX-90351605","C/T","3","32119713",1,0,0,0
"AX-90513530","T/C","12","38395462",1,0.145,1.05742770716374e-16,0.01
"AX-90464051","T/A","6","12487816",1,0.2,8.36853926712319e-19,0.02
"AX-90360482","T/C","3","43170070",1,0,0,0
"AX-90339742","C/T","19","33720854",1,0.1,1.93208374304325e-11,0.02
"AX-90414948","C/T","17","9461007",1,0.08,1.62047420621276e-09,0.02
"AX-90378885","A/C","5","1875232",1,0,0,0
"AX-90521215","T/G","8","11856321",1,0.005,1,0.01
"AX-90458243","A/G","17","13170138",1,0.025,0.000382623778792439,0.01
"AX-90416429","T/G","14","46911178",1,0.46,6.06995590862416e-24,0.04
"AX-90369775","A/G","10","18998564",1,0.36,5.91996232143316e-29,0
"AX-90454762","A/G","20","3846375",1,0.02,7.65247557584879e-05,0
"AX-90515865","C/T","6","46144321",1,0.32,2.54039278178694e-21,0.04
"AX-90399006","A/G","8","2783542",1,0,0,0
"AX-90434728","A/G","1","46385232",1,0,0,0
"AX-90465773","A/T","7","10235553",1,0.02,7.65247557584879e-05,0
"AX-90390008","T/C","8","32448652",1,0.16,1.13430426388719e-19,0
"AX-90305380","G/A","20","27764468",1,0.005,1,0.01
"AX-90438346","T/C","3","23775391",1,0.04,7.11669045183227e-08,0
"AX-90468204","C/T","12","24112679",1,0,0,0
"AX-90421414","G/C","11","32790074",1,0.06,1.95172263700212e-10,0
"AX-90394077","A/G","7","37620540",1,0.22,1.8463733358095e-23,0
"AX-90403438","C/T","16","4875686",1,0.28,1.0087678834354e-22,0.02
"AX-90391304","C/T","2","24627377",1,0.13,5.28712503099486e-14,0.02
"AX-90389913","G/A","15","48822247",1,0.42,1.53126004814595e-23,0.04
"AX-90428070","G/A","19","41511373",1,0,0,0
"AX-90406111","G/A","5","1974265",1,0,0,0
"AX-90377569","G/A","4","37264276",1,0.165,3.74320407082773e-18,0.01
"AX-90327076","A/G","9","7321355",1,0.305,2.54486399409883e-25,0.01
"AX-90418583","C/A","17","14607602",1,0.12,1.63543416778453e-16,0
"AX-90469418","T/C","9","47511149",1,0.375,3.90557860687417e-24,0.03
"AX-90393176","A/G","13","41270863",1,0,0,0
"AX-90416582","A/G","18","55011206",1,0.12,1.10529346338967e-10,0.04
"AX-90400581","A/G","14","2494755",1,0.445,1.5323215888359e-22,0.05
"AX-90496847","G/A","6","48733172",1,0.46,6.06995590862416e-24,0.04
"AX-90421004","A/G","14","45503125",1,0.445,3.29451940886806e-25,0.03
"AX-90351852","A/G","15","6834365",1,0.36,5.65552092563361e-20,0.06
"AX-90321477","C/A","6","11138339",1,0,0,0
"AX-90500380","T/C","5","41136212",1,0,0,0
"AX-90473928","G/A","20","47768496",1,0,0,0
"AX-90312922","G/A","17","3004456",1,0.11,1.25857325086027e-15,0
"AX-90427647","A/G","2","7397066",1,0.2,8.36853926712319e-19,0.02
"AX-90419738","C/A","15","2218968",1,0,0,0
"AX-90411743","T/G","19","39380191",1,0.395,1.57617683433763e-24,0.03
"AX-90450478","G/T","16","2030127",1,0.035,0.002650896026403,0.03
"AX-90413079","C/A","18","7236598",1,0.07,1.35681252839719e-11,0
"AX-90472442","G/T","13","38977597",1,0,0,0
"AX-90333910","C/G","10","722800",1,0.03,1.96217322457661e-06,0
"AX-90443417","C/T","10","43664516",1,0,0,0
"AX-90353524","C/G","11","7537997",1,0.26,4.28844641763304e-19,0.04
"AX-90353205","G/A","19","10892466",1,0.035,1,0.07
"AX-90402538","A/G","15","4840169",1,0,0,0
"AX-90327077","T/G","8","8719125",1,0.34,9.166891995072e-25,0.02
"AX-90499750","G/A","20","11957267",1,0.06,1.95172263700212e-10,0
"AX-90323264","C/T","18","50326303",1,0.01,0.0050251256281407,0
"AX-90451901","T/C","14","34285981",1,0.3,1.75261862937855e-23,0.02
"AX-90413021","C/T","1","4996456",1,0,0,0
"AX-90476334","G/T","19","7303516",1,0,0,0
"AX-90344936","C/T","2","38772295",1,0.395,7.07881109778931e-22,0.05
"AX-90321368","C/T","14","3122441",1,0.17,6.32758388739323e-17,0.02
"AX-90339319","G/A","5","41356702",1,0,0,0
"AX-90430843","G/A","9","194550",1,0,0,0
"AX-90375778","A/G","20","47455004",1,0.495,1.84629369678829e-25,0.03
"AX-90422967","G/T","8","46221039",1,0.355,4.8969777363856e-21,0.05
"AX-90334142","T/C","18","12775230",1,0,0,0
"AX-90393783","A/T","11","11779812",1,0.025,1,0.05
"AX-90472374","T/G","3","41033951",1,0.03,1.96217322457661e-06,0
"AX-90509857","C/T","9","46649227",1,0,0,0
"AX-90326651","C/T","16","18914761",1,0.14,8.78394257433604e-15,0.02
"AX-90511247","T/C","8","45557404",1,0.06,1.95172263700212e-10,0
"AX-90459012","A/G","18","20979304",1,0.095,1.94173879783914e-12,0.01
"AX-90335575","C/T","4","6396889",1,0.12,1.63543416778453e-16,0
"AX-90346089","T/C","1","25680531",1,0,0,0
"AX-90392516","A/C","5","39185394",1,0,0,0
"AX-90316827","A/G","14","27499651",1,0,0,0
"AX-90311527","A/G","3","366478",1,0.435,2.59111860650556e-28,0.01
"AX-90421965","G/A","4","1583812",1,0.39,1.34988548321342e-20,0.06
"AX-90482742","G/T","13","7824820",1,0.125,4.08858541946134e-15,0.01
"AX-90367208","G/T","13","30060322",1,0.085,1.87020105265559e-11,0.01
"AX-90350211","A/C","20","844750",1,0.25,1.18826156967201e-18,0.04
"AX-90408314","C/T","12","36203222",1,0.045,6.40502140664904e-07,0.01
"AX-90355938","T/C","20","34382833",1,0.24,6.00870144613542e-21,0.02
"AX-90441905","T/C","11","6553595",1,0,0,0
"AX-90371606","C/T","14","45617628",1,0.375,3.90557860687417e-24,0.03
"AX-90404607","C/G","8","39428408",1,0.04,5.47273495745902e-05,0.02
"AX-90460613","G/A","5","19245059",1,0,0,0
"AX-90311451","G/A","1","3038229",1,0.025,0.000382623778792439,0.01
"AX-90396595","A/T","16","29035896",1,0.215,2.89880613722091e-21,0.01
"AX-90395088","A/G","9","48751100",1,0.41,2.12788748040632e-23,0.04
"AX-90433184","G/A","19","45656650",1,0.225,9.39157797259501e-19,0.03
"AX-90506067","T/A","9","39207634",1,0.11,2.46554499843527e-12,0.02
"AX-90420321","G/C","8","46409454",1,0.01,0.0050251256281407,0
"AX-90492914","C/T","4","4195743",1,0.16,3.05014416559266e-16,0.02
"AX-90309582","G/T","9","15779086",1,0.145,1.05742770716374e-16,0.01
"AX-90499918","A/G","2","4472179",1,0.335,2.71596488158738e-26,0.01
"AX-90393255","A/T","20","27598236",1,0.39,4.62790206915904e-23,0.04
"AX-90474906","T/A","17","10620320",1,0.03,1.96217322457661e-06,0
"AX-90329951","T/C","15","10775121",1,0.25,5.34350100200972e-25,0
"AX-90414462","T/C","6","42475723",1,0.285,1.89099580351102e-21,0.03
"AX-90333234","C/T","15","2351946",1,0,0,0
"AX-90371731","A/C","8","42694452",1,0.175,7.29850079159296e-16,0.03
"AX-90374011","A/G","19","43104938",1,0.29,2.68650338123161e-20,0.04
"AX-90508235","C/G","9","44266215",1,0.25,5.34350100200972e-25,0
"AX-90368323","G/C","17","8811580",1,0.185,1.71169230317018e-16,0.03
"AX-90492356","G/A","13","22254409",1,0.23,1.89920343738572e-20,0.02
"AX-90352505","T/G","4","17904138",1,0.185,1.71169230317018e-16,0.03
"AX-90413546","A/G","1","656564",1,0.21,2.23747385335726e-19,0.02
"AX-90411362","A/G","9","845213",1,0,0,0
"AX-90418097","C/T","7","28895171",1,0.135,6.30810321859749e-16,0.01
"AX-90369743","G/T","20","45043650",1,0.27,6.59429448405802e-26,0
"AX-90373467","A/G","4","11005636",1,0.125,4.08858541946134e-15,0.01
"AX-90419725","C/G","19","48950549",1,0.035,1.37352125720363e-05,0.01
"AX-90312912","C/T","14","45538676",1,0.39,6.08261951087245e-26,0.02
"AX-90323648","A/T","2","4523839",1,0.045,6.40502140664904e-07,0.01
"AX-90369753","G/A","2","9807734",1,0.2,4.19411963869919e-16,0.04
"AX-90390598","T/G","20","17282272",1,0.075,2.03521879259579e-10,0.01
"AX-90453167","T/G","12","21762037",1,0,0,0
"AX-90341635","T/A","19","3214281",1,0.05,3.35341434903091e-09,0
"AX-90358191","G/A","8","15498978",1,0.32,3.66486875428067e-24,0.02
"AX-90423632","A/C","8","12503572",1,0.05,3.35341434903091e-09,0
"AX-90342153","T/C","20","3187072",1,0.01,0.0050251256281407,0
"AX-90440422","C/T","5","6403060",1,0,0,0
"AX-90444503","T/C","16","9836791",1,0.245,3.30558755934656e-17,0.05
"AX-90388822","G/A","9","34293342",1,0.075,2.03521879259579e-10,0.01
"AX-90488216","T/C","18","51149081",1,0.095,1.94173879783914e-12,0.01
"AX-90437998","C/T","4","31478056",1,0.01,0.0050251256281407,0
"AX-90360431","G/A","4","3914873",1,0.35,3.55465787675727e-22,0.04
"AX-90524336","C/A","3","13876578",1,0,0,0
"AX-90462882","G/A","11","33877767",1,0.09,1.02196778833639e-13,0
"AX-90406295","A/G","5","36283712",1,0,0,0
"AX-90348866","G/A","4","19443092",1,0.075,2.03521879259579e-10,0.01
"AX-90376215","C/T","13","35932514",1,0.05,3.35341434903091e-09,0
"AX-90438299","A/G","19","44210362",1,0,0,0
"AX-90311469","A/T","12","15727539",1,0.42,1.96355633738024e-26,0.02
"AX-90413917","T/C","1","56615151",1,0.365,2.8423889827512e-21,0.05
"AX-90451772","G/T","6","49471877",1,0.155,1.61217530722023e-14,0.03
"AX-90466637","G/C","9","45905471",1,0,0,0
"AX-90475234","C/A","2","12440301",1,0.47,2.00010648263091e-21,0.06
"AX-90525291","G/A","3","22343254",1,0,0,0
"AX-90381566","T/C","5","4669984",1,0.115,3.26913101385263e-09,0.05
"AX-90523967","A/T","12","3567791",1,0.46,6.06995590862416e-24,0.04
"AX-90320295","C/A","10","51100861",1,0.245,9.69049250215465e-20,0.03
"AX-90471251","C/T","13","36164646",1,0.04,1,0.08
"AX-90429164","A/G","9","41213717",1,0.425,5.46979181238826e-25,0.03
"AX-90476983","G/A","19","43968175",1,0,0,0
"AX-90472253","T/G","1","44390706",1,0.365,2.8423889827512e-21,0.05
"AX-90524908","G/A","6","1831073",1,0,0,0
"AX-90321581","C/T","7","38374233",1,0.03,1.96217322457661e-06,0
"AX-90328414","C/T","17","4208795",1,0.23,5.36043871686628e-24,0
"AX-90402391","C/T","19","1609199",1,0.245,3.30558755934656e-17,0.05
"AX-90376250","A/G","2","35922250",1,0.38,2.0917258276606e-20,0.06
"AX-90523389","C/T","6","16249266",1,0.24,6.00870144613542e-21,0.02
"AX-90482061","T/A","1","54295079",1,0,0,0
"AX-90352799","G/T","12","35290255",1,0.28,1.0087678834354e-22,0.02
"AX-90508137","C/G","16","28929593",1,0.15,6.18378776119147e-19,0
"AX-90494988","C/A","6","5074382",1,0.17,6.32758388739323e-17,0.02
"AX-90516335","T/C","3","39933571",1,0.28,6.4545161334373e-20,0.04
"AX-90459541","A/G","2","3708775",1,0.135,6.30810321859749e-16,0.01
"AX-90431187","A/G","17","37862374",1,0.455,1.26683941134324e-22,0.05
"AX-90409215","G/A","15","8559641",1,0.005,1,0.01
"AX-90316655","T/C","16","22839050",1,0,0,0
"AX-90459544","A/G","11","10921833",1,0.4,9.05901271363072e-21,0.06
"AX-90318723","G/A","13","22655164",1,0.05,3.35341434903091e-09,0
"AX-90336878","C/T","13","32167743",1,0.025,0.000382623778792439,0.01
"AX-90459224","A/G","17","9386699",1,0.03,1.96217322457661e-06,0
"AX-90324737","C/A","5","170422",1,0,0,0
"AX-90453170","G/T","15","44300460",1,0.14,8.78394257433604e-15,0.02
"AX-90411637","T/C","6","36474658",1,0.16,3.05014416559266e-16,0.02
"AX-90455817","A/C","12","11614715",1,0.37,1.18186194442935e-22,0.04
"AX-90499693","A/G","16","37140052",1,0.43,1.14606992727063e-23,0.04
"AX-90396378","G/A","19","31922807",1,0.005,1,0.01
"AX-90479340","G/A","16","36652330",1,0.49,1.13673375998714e-30,0
"AX-90343701","C/T","2","2699044",1,0.05,3.35341434903091e-09,0
"AX-90490932","A/C","5","41525586",1,0.07,1.76792672450154e-08,0.02
"AX-90486676","C/T","10","15691870",1,0,0,0
"AX-90432005","G/A","15","1919099",1,0.27,2.60013031506408e-22,0.02
"AX-90418196","A/G","20","43685004",1,0.12,1.63543416778453e-16,0
"AX-90401757","G/T","8","46611996",1,0.215,3.16839510798246e-18,0.03
"AX-90477999","A/G","5","7075094",1,0,0,0
"AX-90493538","A/C","8","20341767",1,0.035,1.37352125720363e-05,0.01
"AX-90349918","G/A","13","7105914",1,0.095,1.94173879783914e-12,0.01
"AX-90521115","T/G","2","6876207",1,0.27,2.60013031506408e-22,0.02
"AX-90429033","A/G","2","7080073",1,0.125,4.08858541946134e-15,0.01
"AX-90338645","A/T","16","1130592",1,0.105,1.33894154341604e-10,0.03
"AX-90523038","G/T","15","10605847",1,0.01,0.0050251256281407,0
"AX-90484266","C/T","12","2284790",1,0,0,0
"AX-90381195","G/A","9","96738",1,0.18,1.4040241580127e-17,0.02
"AX-90511992","C/T","3","33608790",1,0,0,0
"AX-90480220","A/G","15","17718109",1,0.02,7.65247557584879e-05,0
"AX-90339118","G/A","3","25359789",1,0.25,2.00434722585385e-21,0.02
"AX-90384760","C/T","17","10458680",1,0.01,0.0050251256281407,0
"AX-90431091","G/A","16","16947252",1,0.015,0.0150753768844221,0.01
"AX-90320655","G/T","4","5264229",1,0.23,1.06008983075588e-17,0.04
"AX-90350546","G/A","2","35679563",1,0.395,7.07881109778931e-22,0.05
"AX-90406637","G/A","7","17221262",1,0,0,0
"AX-90378459","G/A","20","33990684",1,0.04,7.11669045183227e-08,0
"AX-90349422","C/T","11","8741826",1,0.16,3.05014416559266e-16,0.02
"AX-90510886","C/T","3","40825558",1,0.02,7.65247557584879e-05,0
"AX-90434267","A/G","14","3790490",1,0.445,7.10695416926904e-18,0.09
"AX-90406738","C/T","16","23558373",1,0.22,3.42184862216236e-17,0.04
"AX-90350752","T/G","4","3685778",1,0.12,3.45567239652872e-13,0.02
"AX-90482935","G/C","17","11634507",1,0.01,0.0050251256281407,0
"AX-90507686","C/G","13","34567071",1,0,0,0
"AX-90382820","T/G","7","42204906",1,0,0,0
"AX-90379438","G/T","19","475129",1,0.265,9.69361289156529e-24,0.01
"AX-90515464","C/T","20","38512985",1,0.02,7.65247557584879e-05,0
"AX-90431898","A/G","1","8442500",1,0.005,1,0.01
"AX-90446848","T/C","4","1448267",1,0.13,1.82325443661649e-11,0.04
"AX-90522840","T/G","11","32234890",1,0.05,3.35341434903091e-09,0
"AX-90393610","A/G","9","42479928",1,0.195,4.20910597315474e-20,0.01
"AX-90510108","C/T","15","39930385",1,0.09,1.02196778833639e-13,0
"AX-90322024","G/A","6","9641864",1,0,0,0
"AX-90498907","G/A","15","3367324",1,0.02,7.65247557584879e-05,0
"AX-90503065","A/G","18","10350817",1,0.01,0.0050251256281407,0
"AX-90371722","T/G","7","9462514",1,0.445,3.29451940886806e-25,0.03
"AX-90356324","C/T","7","25155922",1,0,0,0
"AX-90322283","T/C","17","7394648",1,0.41,2.12788748040632e-23,0.04
"AX-90416875","C/A","18","57398363",1,0.29,4.10670621180529e-23,0.02
"AX-90416532","A/G","4","3071289",1,0.24,3.46006519731176e-18,0.04
"AX-90510927","C/T","7","3395587",1,0.265,1.22753451250188e-20,0.03
"AX-90454030","T/C","4","51239156",1,0.27,2.60013031506408e-22,0.02
"AX-90306283","C/T","8","40755497",1,0.135,6.30810321859749e-16,0.01
"AX-90415910","T/C","1","48620902",1,0,0,0
"AX-90349026","G/T","18","4204989",1,0.005,1,0.01
"AX-90342957","C/T","12","35601652",1,0,0,0
"AX-90500231","G/A","8","30595940",1,0.16,1.13430426388719e-19,0
"AX-90459635","G/A","16","12914457",1,0,0,0
"AX-90398356","T/A","12","12357778",1,0,0,0
"AX-90494524","A/C","15","48858190",1,0.02,0.0300742290130857,0.02
"AX-90423693","A/C","19","40579959",1,0.085,1.87020105265559e-11,0.01
"AX-90399360","C/T","3","27897605",1,0.02,7.65247557584879e-05,0
"AX-90326528","G/A","19","12797125",1,0,0,0
"AX-90512218","T/C","20","41136523",1,0,0,0
"AX-90453763","T/C","8","44472234",1,0.03,1.96217322457661e-06,0
"AX-90378328","G/A","13","17290018",1,0.46,1.53493776594486e-30,0
"AX-90443061","T/C","12","39587859",1,0.285,7.16148482855338e-19,0.05
"AX-90453965","C/T","14","4945358",1,0.135,6.30810321859749e-16,0.01
"AX-90333425","T/C","15","4528945",1,0,0,0
"AX-90427278","A/G","15","13761617",1,0.155,1.91697420596936e-17,0.01
"AX-90335140","C/T","6","751998",1,0.105,2.25284611903989e-13,0.01
"AX-90368882","G/A","13","24033278",1,0.29,4.10670621180529e-23,0.02
"AX-90349020","A/G","3","34377175",1,0.12,1.63543416778453e-16,0
"AX-90457355","A/C","16","5496288",1,0,0,0
"AX-90371944","C/A","20","36867472",1,0.04,7.11669045183227e-08,0
"AX-90479698","A/G","16","21510444",1,0.18,1.4040241580127e-17,0.02
"AX-90439799","C/T","3","8071485",1,0.03,1,0.06
"AX-90391241","A/T","19","205913",1,0.25,2.00434722585385e-21,0.02
"AX-90331840","T/G","12","35085373",1,0.17,6.32758388739323e-17,0.02
"AX-90318552","C/A","3","380711",1,0.42,1.96355633738024e-26,0.02
"AX-90472732","T/G","10","5595289",1,0.39,6.08261951087245e-26,0.02
"AX-90482039","A/T","12","9943662",1,0.16,3.05014416559266e-16,0.02
"AX-90431267","G/A","2","48219280",1,0,0,0
"AX-90438258","G/A","12","34202025",1,0,0,0
"AX-90372978","C/A","19","5027023",1,0.195,4.20910597315474e-20,0.01
"AX-90432422","A/G","13","18432866",1,0,0,0
"AX-90308047","G/A","8","33941582",1,0.08,1.100118266268e-12,0
"AX-90425573","C/A","11","4791342",1,0.465,1.08815202582369e-22,0.05
"AX-90317760","C/G","4","1962555",1,0.055,3.688755783934e-08,0.01
"AX-90482503","T/C","4","47016244",1,0.19,3.32303520290858e-18,0.02
"AX-90407862","T/C","9","34281929",1,0.01,0.0050251256281407,0
"AX-90366238","A/C","20","7912846",1,0,0,0
"AX-90440065","T/C","15","2845371",1,0.02,7.65247557584879e-05,0
"AX-90340357","A/G","2","26249292",1,0.325,7.82745132552411e-23,0.03
"AX-90465063","T/A","10","41587896",1,0.05,3.35341434903091e-09,0
"AX-90378608","C/T","3","32220858",1,0,0,0
"AX-90503100","G/A","20","36695741",1,0.45,7.21696126263018e-24,0.04
"AX-90500898","G/A","1","54476004",1,0.355,1.14118521674035e-23,0.03
"AX-90508094","C/G","7","40747940",1,0.06,1.95172263700212e-10,0
"AX-90451714","C/A","17","9144887",1,0,0,0
"AX-90455382","A/C","2","444126",1,0.01,0.0050251256281407,0
"AX-90403928","A/G","13","27914729",1,0.115,2.89471847697863e-14,0.01
"AX-90375848","T/C","12","38650925",1,0.06,1,0.12
"AX-90439370","C/G","13","26215825",1,0,0,0
"AX-90318079","T/C","8","15760927",1,0.33,4.05367892774236e-28,0
"AX-90335412","T/C","6","9135981",1,0.37,1.58673169626262e-25,0.02
"AX-90430167","G/A","7","21606492",1,0,0,0
"AX-90321970","T/A","4","51065358",1,0.025,1,0.05
"AX-90414330","C/T","13","11505008",1,0.13,5.28712503099486e-14,0.02
"AX-90328461","T/C","14","34753404",1,0.2,4.19411963869919e-16,0.04
"AX-90305636","A/G","7","1280630",1,0.03,1.96217322457661e-06,0
"AX-90328545","A/G","20","32202511",1,0.1,1.93208374304325e-11,0.02
"AX-90509481","C/T","19","48389317",1,0.18,1.4040241580127e-17,0.02
"AX-90311488","A/G","19","19791045",1,0.27,1.62466996293924e-19,0.04
"AX-90308987","C/T","20","37157243",1,0.265,1.22753451250188e-20,0.03
"AX-90516391","C/T","15","48026351",1,0.26,4.28844641763304e-19,0.04
"AX-90505803","T/A","2","41695785",1,0.495,1.12536642238727e-28,0.01
"AX-90417918","G/A","20","37571873",1,0,0,0
"AX-90335107","A/C","1","50524528",1,0.195,1.21730010510751e-14,0.05
"AX-90368992","G/A","17","14571773",1,0,0,0
"AX-90345575","T/C","2","16823909",1,0.1,1.93208374304325e-11,0.02
"AX-90402294","G/T","1","53945717",1,0,0,0
"AX-90338936","T/C","14","3995843",1,0.06,3.43442680710626e-05,0.04
"AX-90383176","C/T","8","15431863",1,0.12,3.45567239652872e-13,0.02
"AX-90424151","A/C","19","35015972",1,0.425,5.46979181238826e-25,0.03
"AX-90479685","G/A","13","44438370",1,0.055,3.688755783934e-08,0.01
"AX-90342966","C/T","13","28433621",1,0.315,1.15342756567069e-25,0.01
"AX-90428843","A/G","16","29550449",1,0.01,1,0.02
"AX-90376192","G/A","3","3358279",1,0.325,3.20858120041673e-20,0.05
"AX-90393882","A/G","8","3561586",1,0.225,8.30868001114274e-22,0.01
"AX-90372979","T/G","17","16619211",1,0.155,1.91697420596936e-17,0.01
"AX-90404520","C/T","15","13640642",1,0,0,0
"AX-90392001","C/A","17","22704417",1,0,0,0
"AX-90508833","C/T","18","55577773",1,0.145,8.39950075390398e-14,0.03
"AX-90411456","T/G","4","19409791",1,0.495,1.84629369678829e-25,0.03
"AX-90468454","C/T","4","49852855",1,0,0,0
"AX-90422106","G/T","19","2326773",1,0.03,1,0.06
"AX-90474646","A/C","5","6063107",1,0,0,0
"AX-90392733","T/C","13","39001279",1,0,0,0
"AX-90351352","G/A","16","433749",1,0.16,1.13430426388719e-19,0
"AX-90431365","A/G","3","35704426",1,0.435,1.92590159036359e-22,0.05
"AX-90391423","A/G","16","10335623",1,0.01,0.0050251256281407,0
"AX-90467402","C/T","10","2436158",1,0.19,3.32303520290858e-18,0.02
"AX-90360427","C/G","3","33267619",1,0,0,0
"AX-90409894","T/C","18","53943477",1,0.055,3.688755783934e-08,0.01
"AX-90524570","C/T","6","6117931",1,0.1,1.07278386620947e-14,0
"AX-90431697","G/A","17","34999114",1,0,0,0
"AX-90408957","G/A","11","34118649",1,0.245,9.69049250215465e-20,0.03
"AX-90336873","C/T","15","21993541",1,0.195,4.20910597315474e-20,0.01
"AX-90308935","C/T","11","10342221",1,0.175,7.29850079159296e-16,0.03
"AX-90405948","A/G","8","40321091",1,0.24,6.00870144613542e-21,0.02
"AX-90430758","G/A","12","13182789",1,0,0,0
"AX-90367366","T/C","3","19213620",1,0.22,6.33859966183401e-20,0.02
"AX-90324393","A/G","1","40817906",1,0.235,2.93846742768271e-19,0.03
"AX-90308042","A/G","16","32343278",1,0.12,1.63543416778453e-16,0
"AX-90374244","G/A","4","48435707",1,0.315,6.53244086293451e-20,0.05
"AX-90328035","C/A","13","40484282",1,0.21,6.74140962144398e-23,0
"AX-90448414","T/C","6","15850477",1,0,0,0
"AX-90430108","A/G","7","43814956",1,0,0,0
"AX-90417721","T/C","1","4301032",1,0.195,4.20910597315474e-20,0.01
"AX-90453413","C/T","4","47346248",1,0.115,2.89471847697863e-14,0.01
"AX-90397046","C/T","11","7766626",1,0.335,3.94629697294647e-23,0.03
"AX-90482683","A/G","7","4198569",1,0.43,1.14606992727063e-23,0.04
"AX-90402040","A/G","13","32731041",1,0.11,1.25857325086027e-15,0
"AX-90463837","G/T","12","24310296",1,0,0,0
"AX-90334344","T/C","4","49006889",1,0.01,0.0050251256281407,0
"AX-90445429","T/C","9","39006428",1,0.02,7.65247557584879e-05,0
"AX-90523795","A/G","3","35170930",1,0.44,8.919491656769e-24,0.04
"AX-90424414","C/A","13","30355440",1,0.25,5.34350100200972e-25,0
"AX-90469445","C/T","10","50930632",1,0.025,0.000382623778792439,0.01
"AX-90441986","C/T","5","4019286",1,0.01,0.0050251256281407,0
"AX-90391458","T/C","19","31934834",1,0.05,1,0.1
"AX-90507051","T/C","8","693445",1,0,0,0
"AX-90443697","T/C","19","951101",1,0.12,3.45567239652872e-13,0.02
"AX-90434138","G/A","13","26081099",1,0.05,3.35341434903091e-09,0
"AX-90345102","G/A","17","33059225",1,0.17,2.77261068107165e-14,0.04
"AX-90500086","G/A","18","20506937",1,0.055,3.688755783934e-08,0.01
"AX-90367015","T/C","8","22440185",1,0.3,1.1704709781488e-20,0.04
"AX-90465664","G/A","6","16410633",1,0.02,7.65247557584879e-05,0
"AX-90454672","T/C","18","1496725",1,0.385,1.08109254464871e-21,0.05
"AX-90522945","G/T","17","20472815",1,0.31,1.38511750366823e-18,0.06
"AX-90329679","C/T","7","11407589",1,0.03,1,0.06
"AX-90487335","C/T","9","38255509",1,0.06,1.95172263700212e-10,0
"AX-90495589","A/C","2","44379704",1,0,0,0
"AX-90326734","T/A","5","5985239",1,0,0,0
"AX-90423823","G/A","14","33058213",1,0.105,1.33894154341604e-10,0.03
"AX-90516603","C/T","1","43489471",1,0.32,3.66486875428067e-24,0.02
"AX-90490247","T/G","11","4131794",1,0.05,3.35341434903091e-09,0
"AX-90465601","T/C","18","2678291",1,0.25,1.18826156967201e-18,0.04
"AX-90525581","G/A","12","5319733",1,0.145,8.39950075390398e-14,0.03
"AX-90465291","G/A","7","377849",1,0.035,1.37352125720363e-05,0.01
"AX-90392892","G/A","12","10310143",1,0.32,3.66486875428067e-24,0.02
"AX-90498136","A/G","10","10130060",1,0.195,4.26943649210329e-17,0.03
"AX-90475153","A/C","1","2383209",1,0.04,7.11669045183227e-08,0
"AX-90515044","C/T","16","16729752",1,0,0,0
"AX-90415975","A/T","2","41097611",1,0.35,4.89505008409108e-25,0.02
"AX-90522539","T/G","10","48557992",1,0.11,2.46554499843527e-12,0.02
"AX-90393298","A/G","8","5966524",1,0,0,0
"AX-90506785","A/G","1","36113651",1,0,0,0
"AX-90518481","A/G","11","15504121",1,0,0,0
"AX-90470792","T/C","7","8378937",1,0.3,1.75261862937855e-23,0.02
"AX-90384353","T/C","17","40332475",1,0.075,2.03521879259579e-10,0.01
"AX-90457007","C/A","2","44405175",1,0.07,1.76792672450154e-08,0.02
"AX-90523373","A/C","4","8601013",1,0.295,7.96671759306731e-22,0.03
"AX-90478506","A/G","16","3132502",1,0.085,1.87020105265559e-11,0.01
"AX-90411519","A/T","15","35278031",1,0.1,1.07278386620947e-14,0
"AX-90322443","C/T","10","44856151",1,0.225,9.39157797259501e-19,0.03
"AX-90501398","G/A","13","38178291",1,0,0,0
"AX-90368197","A/G","8","40323586",1,0.2,4.19411963869919e-16,0.04
"AX-90307436","C/T","12","1654397",1,0.015,0.0150753768844221,0.01
"AX-90480458","G/A","15","50971976",1,0.135,4.70794770214659e-13,0.03
"AX-90482122","T/C","10","44147719",1,0.01,0.0050251256281407,0
"AX-90342923","C/T","11","12141413",1,0.115,2.89471847697863e-14,0.01
"AX-90446526","T/C","15","26065340",1,0.145,1.05742770716374e-16,0.01
"AX-90474379","A/T","10","48879242",1,0.08,1.100118266268e-12,0
"AX-90461880","A/G","9","3299167",1,0.245,8.06868651303468e-23,0.01
"AX-90473302","T/G","13","44083918",1,0.01,0.0050251256281407,0
"AX-90438629","C/G","18","56002112",1,0.15,6.18378776119147e-19,0
"AX-90479622","C/T","15","15188130",1,0.44,2.70275594655742e-21,0.06
"AX-90524174","G/A","4","9282257",1,0.1,1.93208374304325e-11,0.02
"AX-90336139","A/G","18","7099716",1,0.17,2.77261068107165e-14,0.04
"AX-90318560","A/C","6","47778928",1,0.275,2.6900324149754e-14,0.09
"AX-90462087","G/A","3","40770403",1,0,0,0
"AX-90424067","C/A","10","3513400",1,0.135,6.30810321859749e-16,0.01
"AX-90525479","T/C","14","42954254",1,0.325,7.82745132552411e-23,0.03
"AX-90385063","G/A","5","26450781",1,0,0,0
"AX-90453410","C/T","17","18665091",1,0.155,1.91697420596936e-17,0.01
"AX-90432201","G/A","19","39218998",1,0.05,3.35341434903091e-09,0
"AX-90337044","C/A","20","43941844",1,0.08,1.100118266268e-12,0
"AX-90476049","A/G","17","31737433",1,0.01,0.0050251256281407,0
"AX-90522702","G/T","19","47872317",1,0.2,8.36853926712319e-19,0.02
"AX-90485109","T/C","14","10100518",1,0.225,8.30868001114274e-22,0.01
"AX-90496290","A/G","6","6856371",1,0.08,1.100118266268e-12,0
"AX-90450508","G/T","1","7020580",1,0.08,1.100118266268e-12,0
"AX-90417701","G/T","17","8151127",1,0.16,3.05014416559266e-16,0.02
"AX-90444463","C/T","6","38207418",1,0.215,3.16839510798246e-18,0.03
"AX-90360608","A/G","19","24300124",1,0.1,1.07278386620947e-14,0
"AX-90354575","A/T","8","20464413",1,0.13,5.28712503099486e-14,0.02
"AX-90469749","C/T","8","4126018",1,0.01,1,0.02
"AX-90373397","G/T","16","1321737",1,0.465,2.6166558199467e-20,0.07
"AX-90497422","G/A","18","5683392",1,0,0,0
"AX-90477660","G/A","5","40671273",1,0,0,0
"AX-90458774","G/A","19","46342578",1,0.22,6.95631879848936e-15,0.06
"AX-90379122","G/A","18","1108543",1,0.09,1.02196778833639e-13,0
"AX-90429969","A/G","10","50861763",1,0.02,7.65247557584879e-05,0
"AX-90344551","T/C","12","37020556",1,0.2,8.36853926712319e-19,0.02
"AX-90337091","G/T","13","20561599",1,0.01,0.0050251256281407,0
"AX-90522811","G/T","11","3582384",1,0,0,0
"AX-90443441","C/T","19","46684920",1,0.03,1.96217322457661e-06,0
"AX-90315692","A/T","12","35231936",1,0,0,0
"AX-90325504","G/T","18","20547044",1,0.095,1.94173879783914e-12,0.01
"AX-90501638","G/A","9","39156124",1,0.33,1.79294218974045e-24,0.02
"AX-90311819","C/A","1","24231864",1,0,0,0
"AX-90397730","A/C","7","8588758",1,0.09,1.02196778833639e-13,0
"AX-90327389","A/G","2","43754751",1,0.01,0.0050251256281407,0
"AX-90347509","C/T","1","7654201",1,0.1,1.07278386620947e-14,0
"AX-90431037","A/G","13","39717835",1,0.31,5.33381340030504e-21,0.04
"AX-90466814","G/C","1","519808",1,0.315,1.62210363318822e-22,0.03
"AX-90454173","G/T","3","617756",1,0.175,7.84503847179465e-19,0.01
"AX-90524399","C/T","15","8978904",1,0,0,0
"AX-90311162","A/G","11","34258946",1,0.04,5.47273495745902e-05,0.02
"AX-90375973","C/T","12","20083596",1,0,0,0
"AX-90425562","A/C","5","42070067",1,0.26,4.28844641763304e-19,0.04
"AX-90375934","G/A","9","1528210",1,0.43,1.46025914111457e-26,0.02
"AX-90474478","T/C","20","38567508",1,0.05,3.35341434903091e-09,0
"AX-90372192","G/A","1","49585790",1,0,0,0
"AX-90322777","A/G","3","269013",1,0,0,0
"AX-90403626","T/A","16","2089673",1,0.025,0.000382623778792439,0.01
"AX-90418870","C/G","8","47126654",1,0.135,6.30810321859749e-16,0.01
"AX-90508486","C/G","9","46257880",1,0.43,1.46025914111457e-26,0.02
"AX-90419389","G/A","9","2404775",1,0,0,0
"AX-90497135","G/A","3","2006176",1,0.155,1.91697420596936e-17,0.01
"AX-90502168","G/A","13","43878300",1,0.07,1.76792672450154e-08,0.02
"AX-90490207","G/T","10","3123397",1,0.18,1.4040241580127e-17,0.02
"AX-90333435","C/T","20","38262334",1,0.04,7.11669045183227e-08,0
"AX-90316187","C/T","9","2711437",1,0.29,2.68650338123161e-20,0.04
"AX-90510172","C/T","5","39128581",1,0.07,1.35681252839719e-11,0
"AX-90308162","T/C","17","9043967",1,0.06,1.95172263700212e-10,0
"AX-90344162","C/T","16","22911606",1,0.23,1.06008983075588e-17,0.04
"AX-90388515","C/T","11","5546962",1,0,0,0
"AX-90394780","T/C","13","29719923",1,0,0,0
"AX-90392139","A/G","11","5252761",1,0,0,0
"AX-90448575","T/C","10","26600180",1,0.15,6.18378776119147e-19,0
"AX-90330785","C/T","11","10245925",1,0.06,1,0.12
"AX-90380130","T/C","5","710054",1,0.005,1,0.01
"AX-90428792","G/A","19","449579",1,0,0,0
"AX-90497262","A/G","17","2736373",1,0.165,3.74320407082773e-18,0.01
"AX-90322762","A/G","7","19524649",1,0.1,1.07278386620947e-14,0
"AX-90505425","A/T","10","6422859",1,0,0,0
"AX-90423874","C/A","8","24904355",1,0.03,1,0.06
"AX-90426672","C/A","16","30369837",1,0.325,7.82745132552411e-23,0.03
"AX-90486366","C/T","15","591897",1,0.01,0.0050251256281407,0
"AX-90406253","A/G","16","6573082",1,0.055,3.688755783934e-08,0.01
"AX-90317561","A/G","2","12426429",1,0.1,1.07278386620947e-14,0
"AX-90500433","A/G","9","40735044",1,0.435,1.92590159036359e-22,0.05
"AX-90477652","G/A","9","45136798",1,0,0,0
"AX-90422049","G/C","1","7230055",1,0.09,1.02196778833639e-13,0
"AX-90430327","A/G","15","4303625",1,0,0,0
"AX-90319459","G/T","3","3347757",1,0.1,1.93208374304325e-11,0.02
"AX-90369488","C/T","14","6935440",1,0.11,1.25857325086027e-15,0
"AX-90383415","G/A","6","48080713",1,0.24,6.00870144613542e-21,0.02
"AX-90422572","T/G","15","41826216",1,0.33,1.2637388647705e-21,0.04
"AX-90344481","T/A","15","11994142",1,0.02,0.0300742290130857,0.02
"AX-90490128","G/T","5","38012004",1,0.44,8.919491656769e-24,0.04
"AX-90511377","C/T","15","4479676",1,0.27,1.62466996293924e-19,0.04
"AX-90444623","T/C","17","7022146",1,0.015,1,0.03
"AX-90404414","C/T","1","36555122",1,0.07,1.35681252839719e-11,0
"AX-90453747","C/T","6","49651663",1,0.065,2.53723942810275e-09,0.01
"AX-90455645","A/G","7","37751638",1,0.02,7.65247557584879e-05,0
"AX-90463436","A/G","9","6745315",1,0.48,8.84373432238801e-24,0.04
"AX-90338970","G/A","13","36403475",1,0,0,0
"AX-90308362","A/G","20","25862782",1,0.005,1,0.01
"AX-90508667","C/G","6","15978561",1,0.04,7.11669045183227e-08,0
"AX-90481011","G/A","12","2669722",1,0.215,9.78141256076315e-16,0.05
"AX-90311706","T/C","10","40157483",1,0.295,3.08403343984818e-19,0.05
"AX-90355025","G/A","13","40260915",1,0,0,0
"AX-90305279","T/C","17","2612795",1,0.12,1.63543416778453e-16,0
"AX-90521956","G/T","7","8146785",1,0.055,3.688755783934e-08,0.01
"AX-90377581","C/T","10","12472674",1,0.16,3.05014416559266e-16,0.02
"AX-90388904","A/T","5","41904115",1,0,0,0
"AX-90314223","T/G","6","47342977",1,0.09,1.02196778833639e-13,0
"AX-90453582","T/A","15","16597249",1,0.04,7.11669045183227e-08,0
"AX-90441377","C/T","18","12112144",1,0,0,0
"AX-90324934","T/C","19","9764650",1,0.185,1.71169230317018e-16,0.03
"AX-90476514","C/A","17","3516774",1,0.04,7.11669045183227e-08,0
"AX-90466848","C/T","3","40449660",1,0.05,0.000402468965537209,0.04
"AX-90329582","T/C","6","9684122",1,0.21,1.16537332429882e-16,0.04
"AX-90465498","A/G","12","8245015",1,0.255,3.36378731577514e-20,0.03
"AX-90452997","A/G","7","17138493",1,0,0,0
"AX-90472672","G/T","9","39938460",1,0.14,3.64630243849566e-18,0
"AX-90372476","T/C","16","30593739",1,0.01,0.0050251256281407,0
"AX-90340406","A/G","15","11439321",1,0.065,9.46390306682327e-07,0.03
"AX-90349285","G/A","9","19305719",1,0.145,1.05742770716374e-16,0.01
"AX-90341723","G/A","19","47116629",1,0.095,1.94173879783914e-12,0.01
"AX-90388626","C/G","6","3834980",1,0.34,9.166891995072e-25,0.02
"AX-90466246","A/C","11","4822712",1,0.465,1.08815202582369e-22,0.05
"AX-90467437","T/C","17","38937126",1,0.04,7.11669045183227e-08,0
"AX-90486656","C/T","16","35844332",1,0.35,4.89505008409108e-25,0.02
"AX-90457720","A/G","8","4919747",1,0,0,0
"AX-90509903","C/T","8","17230825",1,0.485,1.91197481696076e-25,0.03
"AX-90489173","C/T","17","20745932",1,0.155,1.91697420596936e-17,0.01
"AX-90498587","A/G","17","27926312",1,0.125,4.08858541946134e-15,0.01
"AX-90351209","T/G","10","30274201",1,0.125,4.08858541946134e-15,0.01
"AX-90447275","C/T","16","33136433",1,0.1,5.17512009843314e-09,0.04
"AX-90433193","A/G","15","23231143",1,0.015,0.0150753768844221,0.01
"AX-90519069","G/T","20","11623845",1,0.015,0.0150753768844221,0.01
"AX-90511759","C/T","16","646525",1,0.005,1,0.01
"AX-90306262","T/A","16","35206543",1,0.385,2.43099001544112e-24,0.03
"AX-90344053","C/T","19","38058083",1,0.34,9.166891995072e-25,0.02
"AX-90340066","C/A","19","43780041",1,0.12,3.45567239652872e-13,0.02
"AX-90489127","T/C","15","4241773",1,0,0,0
"AX-90434287","G/A","10","48215707",1,0.4,4.00634525529565e-26,0.02
"AX-90455937","G/A","6","3439084",1,0.315,1.62210363318822e-22,0.03
"AX-90432387","G/A","12","3114909",1,0,0,0
"AX-90325911","A/T","10","16686848",1,0.255,2.72518551102496e-23,0.01
"AX-90414830","G/A","6","6093002",1,0.36,5.65552092563361e-20,0.06
"AX-90496181","G/A","19","7841430",1,0,0,0
"AX-90364726","T/C","4","45948271",1,0.01,0.0050251256281407,0
"AX-90460425","G/A","14","14357547",1,0,0,0
"AX-90379083","G/A","4","51156874",1,0.065,2.53723942810275e-09,0.01
"AX-90525577","T/C","1","43593201",1,0.34,2.04207885833638e-28,0
"AX-90430581","A/G","19","30864089",1,0.13,5.28712503099486e-14,0.02
"AX-90347460","A/G","12","36936862",1,0.44,8.919491656769e-24,0.04
"AX-90391793","C/T","8","8268648",1,0,0,0
"AX-90481861","T/C","16","15107251",1,0.14,8.78394257433604e-15,0.02
"AX-90482029","T/A","13","42299547",1,0,0,0
"AX-90369937","T/A","10","48068887",1,0.15,6.18378776119147e-19,0
"AX-90505371","A/T","5","40459638",1,0,0,0
"AX-90489811","G/T","11","693825",1,0.15,6.19708908866579e-13,0.04
"AX-90484600","C/T","4","23268661",1,0.375,3.90557860687417e-24,0.03
"AX-90333250","T/G","15","51195473",1,0.28,6.4545161334373e-20,0.04
"AX-90490751","A/G","10","46203793",1,0,0,0
"AX-90446617","T/C","2","21583931",1,0.1,1.93208374304325e-11,0.02
"AX-90389342","A/G","20","43973977",1,0.005,1,0.01
"AX-90458462","G/A","16","9576273",1,0.04,7.11669045183227e-08,0
"AX-90309619","C/G","13","28647332",1,0.01,0.0050251256281407,0
"AX-90457467","A/C","2","22202775",1,0.13,5.28712503099486e-14,0.02
"AX-90362743","A/G","12","39062711",1,0.125,2.84974403736455e-12,0.03
"AX-90440142","T/C","19","41936498",1,0.27,3.85514530350661e-17,0.06
"AX-90347510","C/T","16","36751127",1,0.375,2.5521097409328e-27,0.01
"AX-90454567","A/T","13","23501073",1,0.17,6.32758388739323e-17,0.02
"AX-90395943","G/A","16","543052",1,0.01,0.0050251256281407,0
"AX-90485229","C/T","19","27213768",1,0.265,1.22753451250188e-20,0.03
"AX-90359269","T/C","1","56448243",1,0.22,6.33859966183401e-20,0.02
"AX-90414193","G/T","2","39010420",1,0.01,0.0050251256281407,0
"AX-90495838","A/C","6","1338971",1,0.305,3.51445717585048e-22,0.03
"AX-90501055","A/G","1","28524442",1,0.4,3.07623310882465e-23,0.04
"AX-90436349","A/T","11","7392732",1,0.3,1.75261862937855e-23,0.02
"AX-90504302","G/A","3","33424838",1,0,0,0
"AX-90519462","G/T","12","18478944",1,0.435,4.1622001882501e-25,0.03
"AX-90338882","T/C","6","6960291",1,0.39,4.62790206915904e-23,0.04
"AX-90418348","T/C","19","36030218",1,0.08,1.100118266268e-12,0
"AX-90403036","G/A","13","13711717",1,0.04,7.11669045183227e-08,0
"AX-90317402","C/G","1","49011199",1,0.145,1.05742770716374e-16,0.01
"AX-90395152","C/T","10","1492552",1,0.09,1.67500520508334e-10,0.02
"AX-90410591","T/C","3","18031373",1,0.05,3.35341434903091e-09,0
"AX-90360379","A/G","17","3312986",1,0.065,2.53723942810275e-09,0.01
"AX-90451673","G/T","6","9213105",1,0.01,0.0050251256281407,0
"AX-90421406","T/C","6","49757539",1,0,0,0
"AX-90357441","C/G","6","50053137",1,0.16,1.94949626321184e-11,0.06
"AX-90523774","A/G","8","41337512",1,0.01,0.0050251256281407,0
"AX-90357453","G/C","8","4697453",1,0,0,0
"AX-90403725","T/C","3","43846008",1,0.39,6.08261951087245e-26,0.02
"AX-90479435","A/G","15","10540203",1,0.445,3.29451940886806e-25,0.03
"AX-90521015","G/T","6","49621825",1,0.425,2.5156254128499e-22,0.05
"AX-90450212","T/G","5","2242029",1,0.33,3.40306543398135e-19,0.06
"AX-90521281","G/T","6","41672853",1,0.09,4.03430982155885e-08,0.04
"AX-90454314","T/A","9","3056195",1,0.04,7.11669045183227e-08,0
"AX-90470295","C/T","2","39452890",1,0.205,1.07188412980959e-20,0.01
"AX-90517831","C/G","6","2212050",1,0.01,0.0050251256281407,0
"AX-90518827","G/T","17","13528315",1,0.015,0.0150753768844221,0.01
"AX-90439699","T/C","4","6374258",1,0,0,0
"AX-90405491","A/G","10","31184380",1,0,0,0
"AX-90384354","A/C","8","34858457",1,0,0,0
"AX-90357373","C/T","16","32837617",1,0,0,0
"AX-90360416","T/C","19","44704817",1,0.18,1.4040241580127e-17,0.02
"AX-90471394","T/C","3","32396202",1,0,0,0
"AX-90320412","A/T","12","4132071",1,0.02,7.65247557584879e-05,0
"AX-90434210","A/G","17","39113518",1,0.32,3.66486875428067e-24,0.02
"AX-90469621","T/C","6","10897198",1,0.295,5.88239054373663e-25,0.01
"AX-90420196","C/G","10","10449354",1,0.13,5.28712503099486e-14,0.02
"AX-90494428","C/A","13","17561926",1,0,0,0
"AX-90311177","A/C","13","18889382",1,0.055,3.688755783934e-08,0.01
"AX-90319280","C/T","13","24698035",1,0,0,0
"AX-90330081","G/A","2","45059095",1,0.015,1,0.03
"AX-90476844","G/A","7","44384941",1,0,0,0
"AX-90421171","G/A","17","18585211",1,0.3,1.75261862937855e-23,0.02
"AX-90312263","T/G","12","20739241",1,0.005,1,0.01
"AX-90493931","C/A","5","40925359",1,0,0,0
"AX-90481168","G/A","6","2931200",1,0.23,2.23280121567639e-15,0.06
"AX-90429715","A/G","6","7981121",1,0.135,4.70794770214659e-13,0.03
"AX-90312942","G/C","5","3434682",1,0.045,6.40502140664904e-07,0.01
"AX-90398508","G/T","4","10014514",1,0.095,1.50362427288269e-07,0.05
"AX-90498681","A/G","1","49364929",1,0.275,4.70403997020278e-21,0.03
"AX-90317429","A/C","7","2692293",1,0.29,6.68993837456152e-18,0.06
"AX-90501008","A/G","9","2448558",1,0,0,0
"AX-90309241","A/G","17","15316929",1,0.12,3.45567239652872e-13,0.02
"AX-90490473","T/G","1","48459141",1,0.065,9.46390306682327e-07,0.03
"AX-90508121","C/G","11","2438239",1,0.17,6.32758388739323e-17,0.02
"AX-90324313","A/C","19","37296252",1,0.09,1.02196778833639e-13,0
"AX-90351526","C/A","20","38438295",1,0.425,5.46979181238826e-25,0.03
"AX-90411780","A/G","3","28211639",1,0.225,9.39157797259501e-19,0.03
"AX-90510218","C/T","10","38218163",1,0,0,0
"AX-90325426","T/G","12","37848286",1,0.115,2.89471847697863e-14,0.01
"AX-90452639","T/G","6","43492490",1,0.09,1.02196778833639e-13,0
"AX-90466166","G/C","12","38562587",1,0.465,1.08815202582369e-22,0.05
"AX-90320300","G/A","12","34165128",1,0.485,1.91197481696076e-25,0.03
"AX-90462559","A/G","10","9738457",1,0,0,0
"AX-90360648","A/C","17","7846052",1,0.31,5.33381340030504e-21,0.04
"AX-90420503","C/T","4","5264510",1,0.235,9.7180131451799e-17,0.05
"AX-90503385","A/G","13","42566233",1,0.195,4.20910597315474e-20,0.01
"AX-90456438","A/C","2","5597435",1,0.385,1.08109254464871e-21,0.05
"AX-90403663","A/G","9","40639586",1,0.07,1.35681252839719e-11,0
"AX-90421479","C/T","1","52371355",1,0,0,0
"AX-90333825","G/A","8","9319265",1,0.365,6.53853918439972e-24,0.03
"AX-90494381","A/C","9","2952003",1,0.03,1.96217322457661e-06,0
"AX-90384321","A/G","12","33978936",1,0.01,0.0050251256281407,0
"AX-90523883","G/C","18","571313",1,0.11,2.46554499843527e-12,0.02
"AX-90504543","T/A","10","49119800",1,0.12,1.63543416778453e-16,0
"AX-90413603","A/T","4","9962531",1,0.1,1.93208374304325e-11,0.02
"AX-90416765","G/A","13","41351917",1,0.225,8.30868001114274e-22,0.01
"AX-90524549","G/A","16","4344120",1,0.055,3.688755783934e-08,0.01
"AX-90342096","C/T","4","3309261",1,0.36,2.72851063394855e-25,0.02
"AX-90503148","G/A","7","1077644",1,0.36,2.72851063394855e-25,0.02
"AX-90477887","G/A","11","1098621",1,0.425,5.46979181238826e-25,0.03
"AX-90500139","G/A","11","9246569",1,0,0,0
"AX-90337077","C/T","8","12148408",1,0.26,7.03975773955373e-22,0.02
"AX-90372834","A/G","15","13281026",1,0.095,1.05048068963097e-09,0.03
"AX-90305534","G/A","9","42280799",1,0.06,1.95172263700212e-10,0
"AX-90409017","C/A","10","2042661",1,0.11,1.25857325086027e-15,0
"AX-90514086","T/C","2","3969150",1,0.13,5.28712503099486e-14,0.02
"AX-90367880","G/T","7","44387000",1,0.03,1.96217322457661e-06,0
"AX-90371149","C/T","8","15415245",1,0.09,1.02196778833639e-13,0
"AX-90319601","G/A","20","16803275",1,0,0,0
"AX-90433742","G/A","20","6130042",1,0.015,0.0150753768844221,0.01
"AX-90385823","A/G","4","38549468",1,0.165,3.74320407082773e-18,0.01
"AX-90387866","G/T","19","3985566",1,0.33,1.2637388647705e-21,0.04
"AX-90449240","A/C","9","1290432",1,0.155,1.61217530722023e-14,0.03
"AX-90353370","C/A","20","36484208",1,0.35,4.89505008409108e-25,0.02
"AX-90468730","C/T","4","17760613",1,0.335,3.94629697294647e-23,0.03
"AX-90374167","C/A","1","40966577",1,0.255,3.36378731577514e-20,0.03
"AX-90327786","T/C","14","41355841",1,0.23,1.89920343738572e-20,0.02
"AX-90321007","G/A","10","42036022",1,0.05,3.35341434903091e-09,0
"AX-90474193","T/C","2","2173379",1,0.09,1.02196778833639e-13,0
"AX-90418640","T/C","3","33733657",1,0.155,1.61217530722023e-14,0.03
"AX-90446701","T/C","13","20796941",1,0.06,1.95172263700212e-10,0
"AX-90445585","C/T","1","51967750",1,0.045,6.40502140664904e-07,0.01
"AX-90357986","C/T","7","6529680",1,0.08,1.100118266268e-12,0
"AX-90413583","T/G","18","4623949",1,0.185,1.71169230317018e-16,0.03
"AX-90369761","A/C","12","24176415",1,0,0,0
"AX-90498948","G/A","6","10930004",1,0,0,0
"AX-90524008","C/T","4","47160692",1,0.06,1.95172263700212e-10,0
"AX-90376885","C/T","13","21450796",1,0.01,0.0050251256281407,0
"AX-90453455","G/A","18","52919565",1,0.255,2.72518551102496e-23,0.01
"AX-90343545","G/A","14","23052348",1,0.005,1,0.01
"AX-90307935","T/C","20","45204661",1,0.39,6.08261951087245e-26,0.02
"AX-90392335","A/T","17","41505656",1,0.01,0.0050251256281407,0
"AX-90500671","A/G","1","51953726",1,0,0,0
"AX-90435378","A/G","11","34344664",1,0.285,7.16148482855338e-19,0.05
"AX-90522749","G/T","3","40107190",1,0.08,1.100118266268e-12,0
"AX-90364054","A/G","19","37765579",1,0.14,8.78394257433604e-15,0.02
"AX-90443875","T/C","9","6958735",1,0.115,1.87095304228719e-11,0.03
"AX-90475536","A/C","11","7671846",1,0.255,3.36378731577514e-20,0.03
"AX-90491235","T/G","2","6180885",1,0.1,1.07278386620947e-14,0
"AX-90446351","T/C","3","5897766",1,0.26,7.03975773955373e-22,0.02
"AX-90464056","G/A","5","1609887",1,0.03,1.96217322457661e-06,0
"AX-90372377","C/T","14","8542835",1,0,0,0
"AX-90392248","T/C","16","34119776",1,0.015,0.0150753768844221,0.01
"AX-90342333","T/C","19","43916646",1,0,0,0
"AX-90305498","G/T","7","36445404",1,0.01,0.0050251256281407,0
"AX-90384275","G/A","15","5587992",1,0.365,6.53853918439972e-24,0.03
"AX-90492849","G/A","3","36792667",1,0.345,2.07738640179701e-23,0.03
"AX-90465696","T/A","10","47171383",1,0.13,2.28463179280941e-09,0.06
"AX-90458795","G/A","15","33219470",1,0.05,3.1890970459284e-06,0.02
"AX-90429694","A/G","13","44094014",1,0.01,0.0050251256281407,0
"AX-90496048","C/A","2","42791954",1,0.165,3.74320407082773e-18,0.01
"AX-90448528","T/C","19","1306659",1,0.335,3.94629697294647e-23,0.03
"AX-90372264","T/G","13","8092554",1,0.1,1.93208374304325e-11,0.02
"AX-90487955","T/C","1","30493829",1,0.01,1,0.02
"AX-90417184","T/C","16","30793848",1,0.265,1.22753451250188e-20,0.03
"AX-90517206","C/T","16","6034873",1,0.075,2.03521879259579e-10,0.01
"AX-90430534","G/A","3","1005911",1,0.12,1.10529346338967e-10,0.04
"AX-90306872","T/C","17","2137181",1,0.1,1.07278386620947e-14,0
"AX-90449019","A/G","11","3638684",1,0,0,0
"AX-90427662","G/A","12","3617319",1,0.075,2.03521879259579e-10,0.01
"AX-90372752","G/T","6","17278736",1,0.175,7.84503847179465e-19,0.01
"AX-90513092","T/C","20","42555904",1,0.04,7.11669045183227e-08,0
"AX-90369726","C/T","7","18745370",1,0.01,1,0.02
"AX-90493279","C/A","7","485334",1,0.3,1.75261862937855e-23,0.02
"AX-90375221","T/C","12","38913166",1,0.145,1.05742770716374e-16,0.01
"AX-90505675","T/A","14","1439682",1,0.185,1.75919044519032e-19,0.01
"AX-90482716","G/A","13","36880852",1,0.05,3.1890970459284e-06,0.02
"AX-90363676","T/C","11","6710865",1,0.02,0.0300742290130857,0.02
"AX-90342706","C/G","6","10515028",1,0,0,0
"AX-90471564","T/C","3","13124696",1,0.03,1.96217322457661e-06,0
"AX-90316044","G/A","14","2214497",1,0.13,5.28712503099486e-14,0.02
"AX-90477779","A/G","16","6215610",1,0.28,1.57030248778375e-17,0.06
"AX-90339162","T/C","10","2901083",1,0.085,1.87020105265559e-11,0.01
"AX-90473766","G/A","10","39671178",1,0.05,3.35341434903091e-09,0
"AX-90460145","G/A","18","50186817",1,0.01,0.0050251256281407,0
"AX-90339997","G/T","9","33356342",1,0.01,0.0050251256281407,0
"AX-90515494","T/C","19","46375724",1,0.235,1.44363502683883e-14,0.07
"AX-90438845","G/C","12","28469452",1,0,0,0
"AX-90474278","C/G","5","31365816",1,0,0,0
"AX-90388391","C/A","19","38714259",1,0.35,4.89505008409108e-25,0.02
"AX-90433305","A/G","15","5472747",1,0,0,0
"AX-90460545","G/A","19","40215535",1,0,0,0
"AX-90473166","G/A","10","51430601",1,0,0,0
"AX-90306802","A/G","3","36573437",1,0.015,0.0150753768844221,0.01
"AX-90413641","T/A","6","5085422",1,0.14,8.78394257433604e-15,0.02
"AX-90420312","G/A","20","23546035",1,0.01,0.0050251256281407,0
"AX-90450725","G/T","14","6824862",1,0.14,8.78394257433604e-15,0.02
"AX-90380450","G/A","7","17833139",1,0.02,7.65247557584879e-05,0
"AX-90503744","G/A","20","36461483",1,0.085,1.87020105265559e-11,0.01
"AX-90447322","C/T","20","41793498",1,0.24,6.00870144613542e-21,0.02
"AX-90324760","A/G","10","24193211",1,0.21,2.23747385335726e-19,0.02
"AX-90454536","A/G","9","7925617",1,0.26,1.16051448985117e-14,0.08
"AX-90416830","G/A","18","48344034",1,0.3,2.97869105181479e-18,0.06
"AX-90474577","T/C","15","19818871",1,0.35,9.87548913430563e-20,0.06
"AX-90512333","T/C","4","12232227",1,0.175,1.8970364720006e-13,0.05
"AX-90373196","A/G","15","51501890",1,0,0,0
"AX-90382948","C/T","18","12060496",1,0.47,6.64784415473272e-27,0.02
"AX-90416301","G/T","14","39869667",1,0.14,8.78394257433604e-15,0.02
"AX-90383735","C/G","13","45651551",1,0.01,0.0050251256281407,0
"AX-90396126","G/T","14","22631271",1,0.32,3.66486875428067e-24,0.02
"AX-90370157","A/G","17","36096843",1,0.105,2.25284611903989e-13,0.01
"AX-90429731","A/G","8","7594",1,0,0,0
"AX-90425563","C/A","16","27792825",1,0.17,6.32758388739323e-17,0.02
"AX-90457886","G/A","1","3037893",1,0.02,7.65247557584879e-05,0
"AX-90476214","A/C","11","2749700",1,0,0,0
"AX-90351677","A/G","5","37477721",1,0.075,8.75822487080389e-08,0.03
"AX-90394636","A/G","15","38167605",1,0.11,7.25322896385863e-10,0.04
"AX-90445263","T/C","20","35151893",1,0.12,3.45567239652872e-13,0.02
"AX-90361264","C/T","13","31247098",1,0.01,0.0050251256281407,0
"AX-90319650","C/G","20","22638196",1,0.03,1.96217322457661e-06,0
"AX-90434548","G/A","11","13878227",1,0.02,7.65247557584879e-05,0
"AX-90495236","C/A","9","5493440",1,0.045,6.40502140664904e-07,0.01
"AX-90379859","T/C","19","48008257",1,0,0,0
"AX-90319467","A/G","20","17857277",1,0.01,0.0050251256281407,0
"AX-90426044","C/A","19","6159079",1,0.01,0.0050251256281407,0
"AX-90388408","G/T","12","37823083",1,0,0,0
"AX-90382876","A/T","3","37098583",1,0,0,0
"AX-90318416","T/C","4","22894207",1,0.375,3.90557860687417e-24,0.03
"AX-90443393","T/C","7","44267941",1,0,0,0
"AX-90490179","G/A","19","169610",1,0.265,9.69361289156529e-24,0.01
"AX-90506097","T/A","20","2049591",1,0.445,1.5323215888359e-22,0.05
"AX-90354112","G/A","5","3627782",1,0.04,7.11669045183227e-08,0
"AX-90424476","A/C","2","45587501",1,0.435,4.1622001882501e-25,0.03
"AX-90331391","T/C","7","44290472",1,0,0,0
"AX-90518596","G/A","11","8054133",1,0,0,0
"AX-90364503","T/C","14","43663998",1,0.04,7.11669045183227e-08,0
"AX-90365563","G/A","5","2204039",1,0,0,0
"AX-90413775","C/T","17","29376535",1,0.125,4.08858541946134e-15,0.01
"AX-90435985","T/A","12","32386342",1,0.235,2.93846742768271e-19,0.03
"AX-90449873","G/T","17","15358665",1,0.01,0.0050251256281407,0
"AX-90427612","A/G","19","49190746",1,0.465,2.6166558199467e-20,0.07
"AX-90345870","G/A","10","21517577",1,0,0,0
"AX-90507457","T/C","13","38321507",1,0.285,1.89099580351102e-21,0.03
"AX-90522184","G/T","5","1972125",1,0,0,0
"AX-90457427","A/C","17","40757108",1,0.105,2.25284611903989e-13,0.01
"AX-90437091","G/A","18","20881671",1,0,0,0
"AX-90511055","C/T","7","4966257",1,0.215,3.16839510798246e-18,0.03
"AX-90513424","C/T","11","8665535",1,0.245,9.69049250215465e-20,0.03
"AX-90362934","G/A","17","7333733",1,0.135,4.70794770214659e-13,0.03
"AX-90407230","G/A","1","52848657",1,0.31,7.83415325953157e-24,0.02
"AX-90469165","C/T","11","26935350",1,0,0,0
"AX-90416456","G/T","11","2380712",1,0,0,0
"AX-90522145","T/G","3","39436293",1,0.235,1.44363502683883e-14,0.07
"AX-90512931","T/C","6","35125946",1,0.015,0.0150753768844221,0.01
