"rs","chr","pos","Y1","Y2"
"RIL-254","01","607330",0,0
"RIL-255","01","617313",0,0.02
"RIL-98","01","2108346",0,0.02
"RIL-107","01","2177857",0,0
"RIL-108","01","2195462",0.03,0.1
"RIL-109","01","2195775",0.26,0.16
"RIL-110","01","2196924",0.04,0.1
"RIL-111","01","2197357",0.07,0
"RIL-117","01","2229276",0,0
"RIL-119","01","2238730",0.11,0.06
"RIL-138","01","2461660",0.05,0.06
"RIL-187","01","2754421",0,0.09
"RIL-188","01","2779088",0.01,0.01
"RIL-190","01","3105922",0,0.01
"RIL-191","01","3108088",0.02,0.07
"RIL-192","01","3124977",0.05,0.03
"RIL-193","01","3135533",0.07,0
"RIL-194","01","3275971",0.25,0.14
"RIL-195","01","3324199",0,0
"RIL-198","01","3699009",0.06,0.06
"RIL-199","01","3720288",0,0
"RIL-201","01","3777635",0,0.01
"RIL-202","01","3809876",0,0
"RIL-204","01","3853034",0,0
"RIL-206","01","3884520",0.01,0.07
"RIL-207","01","3915488",0,0.01
"RIL-209","01","3972526",0,0.01
"RIL-210","01","3993965",0,0
"RIL-211","01","3994711",0.09,0.13
"RIL-223","01","5039336",0,0.01
"RIL-225","01","5200146",0.43,0.48
"RIL-226","01","5201914",0,0
"RIL-227","01","5209265",0.23,0.11
"RIL-228","01","5210137",0,0
"RIL-229","01","5211697",0.02,0.01
"RIL-231","01","5214913",0,0
"RIL-232","01","5219673",0.03,0.06
"RIL-233","01","5223359",0,0
"RIL-234","01","5412209",0.01,0.04
"RIL-236","01","5596365",0.01,0.02
"RIL-237","01","5597413",0.21,0.01
"RIL-251","01","5928553",0,0
"RIL-276","01","8814161",0.02,0.01
"RIL-277","01","8814381",0,0.02
"RIL-278","01","8878793",0.41,0.05
"RIL-280","01","9424201",0.21,0.28
"RIL-282","01","9551246",0,0
"RIL-283","01","9685643",0.02,0.01
"RIL-284","01","9690102",0.05,0
"RIL-285","01","9711460",0.36,0.02
"RIL-1","01","10061568",0,0
"RIL-3","01","10204078",0.02,0.08
"RIL-6","01","10334071",0,0
"RIL-7","01","10334311",0,0
"RIL-8","01","10346114",0.14,0.03
"RIL-9","01","10354434",0.02,0.01
"RIL-10","01","10682374",0.04,0.11
"RIL-12","01","11129315",0.3,0.03
"RIL-14","01","11483827",0.02,0.01
"RIL-15","01","11493050",0.02,0.02
"RIL-16","01","11573919",0.05,0.07
"RIL-26","01","13643942",0.18,0.21
"RIL-29","01","14282924",0.01,0.02
"RIL-30","01","14711513",0,0
"RIL-31","01","14711769",0.02,0
"RIL-34","01","15007445",0.01,0.02
"RIL-36","01","15116985",0.04,0.09
"RIL-49","01","15904612",0.01,0.03
"RIL-52","01","16062570",0.54,0.68
"RIL-70","01","17662127",0.16,0.05
"RIL-71","01","17662402",0.12,0.1
"RIL-76","01","17838572",0.01,0.01
"RIL-85","01","18841432",0,0.01
"RIL-86","01","18841778",0,0.01
"RIL-87","01","18850499",0.33,0.23
"RIL-132","01","23466665",0.51,0.12
"RIL-135","01","23525301",0.06,0.06
"RIL-140","01","24939824",0,0.01
"RIL-141","01","24952372",0.36,0.36
"RIL-142","01","24973229",0.32,0.23
"RIL-189","01","30912129",0.02,0.01
"RIL-196","01","35176793",0.28,0.28
"RIL-197","01","35245452",0.05,0
"RIL-200","01","37503844",0.07,0.02
"RIL-203","01","38503824",0.1,0.05
"RIL-205","01","38667068",0.05,0
"RIL-208","01","39304678",0.03,0.07
"RIL-212","01","40104750",0.84,0.76
"RIL-213","01","40110040",0.42,0.5
"RIL-214","01","40192726",0.76,0.88
"RIL-215","01","40198934",0.44,0.1
"RIL-216","01","40753704",0.01,0.01
"RIL-217","01","40979599",0.01,0.01
"RIL-218","01","41030802",0,0
"RIL-219","01","41575016",0.02,0.11
"RIL-220","01","41586772",0.01,0.02
"RIL-221","01","42154738",0.02,0.01
"RIL-222","01","47543065",0.91,0.83
"RIL-224","01","50952808",0,0
"RIL-230","01","52125798",0,0.01
"RIL-235","01","54996257",0.05,0.08
"RIL-238","01","56375270",0,0
"RIL-239","01","57272214",0.42,0.58
"RIL-240","01","57301845",0.08,0.06
"RIL-241","01","57302142",0.02,0.04
"RIL-242","01","57488960",0,0.01
"RIL-243","01","57489257",0.02,0.02
"RIL-244","01","57574428",0,0
"RIL-245","01","57631766",0.08,0.01
"RIL-246","01","57745882",0.02,0.01
"RIL-247","01","57824422",0,0
"RIL-248","01","57898749",0,0
"RIL-249","01","58007017",0.01,0
"RIL-250","01","58075400",0.03,0.06
"RIL-252","01","59418353",0.34,0.07
"RIL-253","01","59653486",0.01,0
"RIL-256","01","65317278",0.03,0.03
"RIL-257","01","66249034",0.07,0.08
"RIL-258","01","69511621",0,0
"RIL-259","01","69527269",0,0.02
"RIL-260","01","69536692",0,0
"RIL-261","01","69568773",0.66,0.22
"RIL-262","01","69574447",0.1,0.04
"RIL-263","01","69586185",0.01,0.01
"RIL-264","01","70640092",0.12,0.05
"RIL-265","01","71073509",0,0
"RIL-266","01","71078151",0.02,0.02
"RIL-267","01","71078405",0.22,0.02
"RIL-268","01","71079731",0,0
"RIL-269","01","71423604",0.04,0.11
"RIL-270","01","72105992",0.64,0.66
"RIL-271","01","72725651",0.01,0.03
"RIL-272","01","79849473",0,0
"RIL-273","01","80587458",0,0.02
"RIL-274","01","80589008",0.09,0.05
"RIL-275","01","80589720",0.25,0.41
"RIL-279","01","92155351",0,0
"RIL-281","01","95463536",0.36,0.07
"RIL-286","01","98370537",0.17,0.1
"RIL-2","01","101157913",0,0
"RIL-4","01","103003111",0,0
"RIL-5","01","103038077",0.11,0.06
"RIL-11","01","110526745",0,0
"RIL-13","01","113280656",0.31,0
"RIL-17","01","116033084",0.06,0.21
"RIL-18","01","117795256",0,0
"RIL-19","01","119583695",0.39,0.14
"RIL-20","01","119583912",0.07,0.01
"RIL-21","01","123190964",0,0
"RIL-22","01","130789186",0.04,0.08
"RIL-23","01","130829619",0.37,0.71
"RIL-24","01","130844384",0.02,0
"RIL-25","01","133743504",0,0
"RIL-27","01","137009647",0.53,0.06
"RIL-28","01","138027618",0.3,0.24
"RIL-32","01","148695144",0,0.03
"RIL-33","01","149357336",0.02,0.02
"RIL-35","01","150379020",0.31,0.36
"RIL-37","01","152319689",0,0
"RIL-38","01","156153244",0.07,0.06
"RIL-39","01","156512221",0.01,0
"RIL-40","01","156549500",0.22,0.35
"RIL-41","01","156552086",0.03,0.02
"RIL-42","01","156556796",0,0.01
"RIL-43","01","156561535",0.49,0.77
"RIL-44","01","156573692",0.19,0.01
"RIL-45","01","156602770",0.17,0.06
"RIL-46","01","157607016",0.19,0
"RIL-47","01","157607812",0.01,0
"RIL-48","01","157610818",0.04,0.02
"RIL-50","01","159298998",0.43,0.02
"RIL-51","01","160223075",0.02,0
"RIL-53","01","161699484",0.53,0.51
"RIL-54","01","162183174",0.01,0.01
"RIL-55","01","163656791",0.4,0.57
"RIL-56","01","163783697",0.06,0.08
"RIL-57","01","164816129",0,0
"RIL-58","01","165073766",0.03,0.03
"RIL-59","01","165240268",0,0
"RIL-60","01","165535603",0.06,0.13
"RIL-61","01","166520418",0.01,0.02
"RIL-62","01","166600499",0.12,0.1
"RIL-63","01","167273894",0,0
"RIL-64","01","167495236",0.03,0.03
"RIL-65","01","167498560",0.46,0.61
"RIL-66","01","170244085",0,0
"RIL-67","01","171744742",0.78,0.75
"RIL-68","01","175976905",0,0.01
"RIL-69","01","175984039",0.04,0.04
"RIL-72","01","177028050",0,0
"RIL-73","01","177275141",0.03,0.04
"RIL-74","01","178214038",0.01,0.01
"RIL-75","01","178229607",0.04,0.2
"RIL-77","01","178495648",0.01,0.02
"RIL-78","01","180055121",0,0
"RIL-79","01","180619769",0,0
"RIL-80","01","181351012",0,0
"RIL-81","01","182044475",0.01,0.01
"RIL-82","01","182505939",0.25,0.31
"RIL-83","01","182632397",0.02,0.02
"RIL-84","01","182803473",0,0
"RIL-88","01","192441532",0,0
"RIL-89","01","192746498",0,0
"RIL-90","01","192750045",0.39,0.52
"RIL-91","01","205784356",0,0
"RIL-92","01","206508371",0.01,0.01
"RIL-93","01","206710994",0.51,0.63
"RIL-94","01","208173785",0.07,0.04
"RIL-95","01","208176648",0.02,0.03
"RIL-96","01","208176994",0.02,0.01
"RIL-97","01","210408674",0.01,0
"RIL-99","01","210849403",0.25,0.18
"RIL-100","01","213532800",0,0.02
"RIL-101","01","214340516",0.06,0.13
"RIL-102","01","215208457",0,0.01
"RIL-103","01","215209026",0.07,0
"RIL-104","01","217666905",0.01,0
"RIL-105","01","217738716",0.04,0.07
"RIL-106","01","217739096",0.16,0.28
"RIL-112","01","220188914",0.01,0.02
"RIL-113","01","222156134",0,0
"RIL-114","01","222174717",0.04,0
"RIL-115","01","222328637",0.19,0.07
"RIL-116","01","222553121",0.18,0.05
"RIL-118","01","223705682",0.8,0.88
"RIL-120","01","225494262",0,0
"RIL-121","01","225610647",0.28,0.15
"RIL-122","01","225726870",0.08,0.02
"RIL-123","01","227073865",0.02,0.08
"RIL-124","01","231989697",0.23,0.3
"RIL-125","01","231991249",0.16,0.01
"RIL-126","01","232087511",0.03,0.01
"RIL-127","01","232544008",0.02,0
"RIL-128","01","233066307",0.03,0
"RIL-129","01","233135266",0.05,0
"RIL-130","01","233845797",0.01,0.01
"RIL-131","01","233894014",0.01,0
"RIL-133","01","234832658",0.13,0
"RIL-134","01","234868341",0,0
"RIL-136","01","241468178",0.45,0.43
"RIL-137","01","241766380",0.17,0
"RIL-139","01","248282176",0.01,0.02
"RIL-143","01","249959765",0.73,0.15
"RIL-144","01","251875511",0.74,0.4
"RIL-145","01","252796048",0.01,0.01
"RIL-146","01","253849441",0.66,0.4
"RIL-147","01","254699877",0.02,0.01
"RIL-148","01","255170031",0.07,0.03
"RIL-149","01","262127506",0.18,0.04
"RIL-150","01","262128255",0.03,0.04
"RIL-151","01","264659366",0,0.01
"RIL-152","01","264874243",0.04,0.02
"RIL-153","01","264878626",0.24,0.24
"RIL-154","01","264935422",0,0
"RIL-155","01","265699530",0.34,0.25
"RIL-156","01","265846569",0.15,0.2
"RIL-157","01","266003431",0.08,0.04
"RIL-158","01","267742079",0.06,0.01
"RIL-159","01","269166341",0.88,0.16
"RIL-160","01","269217783",0,0
"RIL-161","01","269295834",0.01,0
"RIL-162","01","269479003",0,0
"RIL-163","01","270240339",0.14,0.22
"RIL-164","01","270380618",0.02,0.05
"RIL-165","01","270698741",0,0
"RIL-166","01","270863304",0,0
"RIL-167","01","270906229",0,0
"RIL-168","01","270912944",0,0
"RIL-169","01","270913797",0,0
"RIL-170","01","270916105",0,0.01
"RIL-171","01","271056634",0,0
"RIL-172","01","271057952",0.01,0
"RIL-173","01","271058222",0.49,0.18
"RIL-174","01","271468922",0.11,0.05
"RIL-175","01","271539792",0.26,0.25
"RIL-176","01","271746966",0,0
"RIL-177","01","271764147",0.13,0.01
"RIL-178","01","271765549",0,0
"RIL-179","01","271786560",0.14,0.14
"RIL-180","01","272200323",0,0.01
"RIL-181","01","272542786",0.15,0.04
"RIL-182","01","272595363",0.22,0.23
"RIL-183","01","272601001",0,0
"RIL-184","01","272603222",0,0.01
"RIL-185","01","272633775",0.21,0.08
"RIL-186","01","272634967",0.03,0.14
"RIL-439","02","195369",0.26,0.12
"RIL-450","02","338797",0.35,0.02
"RIL-451","02","343614",0.23,0.1
"RIL-299","02","1059968",0.22,0.09
"RIL-440","02","2070448",0.21,0.07
"RIL-441","02","2079771",0,0
"RIL-442","02","2082445",0.19,0.09
"RIL-447","02","2674137",0.02,0.02
"RIL-449","02","2802509",0,0
"RIL-452","02","3624938",0.13,0
"RIL-453","02","4324863",0.37,0.47
"RIL-454","02","4617007",0.95,0.41
"RIL-455","02","5122894",0.31,0.19
"RIL-462","02","5730933",0,0
"RIL-463","02","5863632",0,0.01
"RIL-478","02","6930142",0.25,0.16
"RIL-480","02","7453065",0.01,0
"RIL-481","02","8080985",0.06,0.06
"RIL-482","02","8280610",0.1,0
"RIL-486","02","8754684",0.03,0.03
"RIL-487","02","8756758",0.28,0.12
"RIL-323","02","12133506",0.01,0.14
"RIL-385","02","14903918",0.05,0
"RIL-436","02","17388415",0.06,0.08
"RIL-437","02","18847935",0.08,0.08
"RIL-438","02","19088442",0,0.01
"RIL-443","02","21946613",0,0
"RIL-444","02","26030299",0,0
"RIL-445","02","26273354",0,0.01
"RIL-446","02","26273855",0,0
"RIL-448","02","26901255",0.02,0
"RIL-456","02","53374513",0.01,0.02
"RIL-457","02","53469740",0.03,0
"RIL-458","02","53632255",0.07,0.01
"RIL-459","02","53970793",0.01,0.01
"RIL-460","02","53971025",0,0
"RIL-461","02","54603337",0.03,0.1
"RIL-464","02","60298081",0,0.01
"RIL-465","02","60925859",0.04,0.01
"RIL-466","02","63291600",0.06,0.3
"RIL-467","02","63296532",0,0
"RIL-468","02","63349270",0,0
"RIL-469","02","63428159",0.06,0.05
"RIL-470","02","63436471",0,0
"RIL-471","02","63493966",0,0
"RIL-472","02","63497933",0,0.02
"RIL-473","02","63527487",0.04,0.07
"RIL-474","02","63642524",0.1,0.03
"RIL-475","02","63646990",0.07,0.06
"RIL-476","02","63648546",0.57,0.62
"RIL-477","02","68566028",0.02,0
"RIL-479","02","72775608",0.02,0.04
"RIL-483","02","86198774",0,0
"RIL-484","02","86199054",0,0
"RIL-485","02","86203653",0.01,0.01
"RIL-287","02","101288327",0.63,0.67
"RIL-288","02","102787792",0.03,0
"RIL-289","02","102788123",0.11,0.01
"RIL-290","02","102790746",0,0
"RIL-291","02","103298377",0,0
"RIL-292","02","103522544",0.11,0
"RIL-293","02","103533816",0.34,0.46
"RIL-294","02","103888732",0.13,0.06
"RIL-295","02","103961903",0.36,0.61
"RIL-296","02","104047888",0,0.04
"RIL-297","02","104344807",0.43,0.01
"RIL-298","02","105036819",0.01,0.02
"RIL-300","02","106291211",0.12,0.34
"RIL-301","02","107044804",0.02,0.01
"RIL-302","02","107092334",0,0
"RIL-303","02","111824588",0.06,0.11
"RIL-304","02","112027485",0.01,0.03
"RIL-305","02","112322407",0,0.02
"RIL-306","02","112483290",0.01,0.03
"RIL-307","02","112483588",0.02,0.01
"RIL-308","02","113041799",0.01,0.02
"RIL-309","02","115192445",0.04,0.03
"RIL-310","02","115193984",0.03,0.17
"RIL-311","02","115487495",0.62,0.3
"RIL-312","02","117242260",0.73,0.26
"RIL-313","02","118773719",0,0
"RIL-314","02","118774879",0.01,0.01
"RIL-315","02","119297450",0.32,0.3
"RIL-316","02","119699880",0.1,0.01
"RIL-317","02","119700186",0.18,0.03
"RIL-318","02","119825966",0.01,0
"RIL-319","02","119840592",0,0
"RIL-320","02","121077135",0,0
"RIL-321","02","121078304",0.05,0.12
"RIL-322","02","121118679",0.01,0.01
"RIL-324","02","121919873",0.05,0.17
"RIL-325","02","123083302",0.58,0.42
"RIL-326","02","123343932",0.32,0.46
"RIL-327","02","124672225",0.02,0.07
"RIL-328","02","125176278",0.66,0.02
"RIL-329","02","128158102",0.14,0.25
"RIL-330","02","128167632",0.03,0
"RIL-331","02","128202464",0.01,0
"RIL-332","02","128202770",0.25,0.36
"RIL-333","02","128207079",0.04,0.06
"RIL-334","02","130052493",0.9,0.98
"RIL-335","02","130888365",0.03,0.05
"RIL-336","02","130933398",0.02,0.08
"RIL-337","02","130933758",0,0.02
"RIL-338","02","131076526",0.62,0.41
"RIL-339","02","131158876",0.57,0.63
"RIL-340","02","131241416",0.14,0.39
"RIL-341","02","131245448",0.03,0
"RIL-342","02","131245657",0,0
"RIL-343","02","131256846",0,0
"RIL-344","02","131257259",0,0.01
"RIL-345","02","131831374",0.02,0.09
"RIL-346","02","135251409",0.18,0.44
"RIL-347","02","136225269",0.38,0.53
"RIL-348","02","136233043",0.71,0.57
"RIL-349","02","136408316",0,0.01
"RIL-350","02","136410944",0,0
"RIL-351","02","136473280",0.08,0.03
"RIL-352","02","136908443",0.6,0.61
"RIL-353","02","136963183",0.03,0.02
"RIL-354","02","138014366",0.06,0.11
"RIL-355","02","138138889",0.48,0.78
"RIL-356","02","138159354",0,0
"RIL-357","02","139053616",0.05,0.01
"RIL-358","02","139075335",0.01,0.03
"RIL-359","02","139084032",0,0.01
"RIL-360","02","139574869",0.01,0.01
"RIL-361","02","141271643",0.17,0.02
"RIL-362","02","141512054",0,0
"RIL-363","02","141580169",0.03,0.08
"RIL-364","02","141617318",0,0.1
"RIL-365","02","141897958",0.02,0.07
"RIL-366","02","141898312",0,0.02
"RIL-367","02","141907514",0.02,0.01
"RIL-368","02","141923693",0,0.01
"RIL-369","02","141990669",0.07,0.1
"RIL-370","02","143584901",0.03,0.01
"RIL-371","02","145863685",0,0
"RIL-372","02","145881771",0.01,0.01
"RIL-373","02","146054121",0,0
"RIL-374","02","146399660",0,0
"RIL-375","02","146441939",0,0
"RIL-376","02","146444957",0,0.01
"RIL-377","02","146448841",0.43,0.31
"RIL-378","02","146829935",0.01,0
"RIL-379","02","147655894",0.01,0
"RIL-380","02","147707021",0,0
"RIL-381","02","147717207",0.29,0.29
"RIL-382","02","147875998",0.02,0.04
"RIL-383","02","148113432",0.08,0.03
"RIL-384","02","148184757",0.03,0.01
"RIL-386","02","149934994",0.29,0.03
"RIL-387","02","150424086",0.05,0
"RIL-388","02","150451250",0.02,0.03
"RIL-389","02","150451636",0,0
"RIL-390","02","150454579",0.41,0.01
"RIL-391","02","150569877",0.07,0.07
"RIL-392","02","150677901",0,0.02
"RIL-393","02","150685712",0.03,0
"RIL-394","02","153032049",0.04,0.11
"RIL-395","02","163348547",0.23,0.03
"RIL-396","02","164261660",0.32,0.03
"RIL-397","02","164784517",0.05,0.02
"RIL-398","02","164911949",0.02,0.04
"RIL-399","02","165140703",0.01,0.01
"RIL-400","02","165604816",0.49,0.09
"RIL-401","02","165682732",0.01,0.01
"RIL-402","02","165851222",0.08,0.01
"RIL-403","02","165867573",0.2,0.1
"RIL-404","02","165925918",0.59,0.45
"RIL-405","02","166016390",0.02,0.04
"RIL-406","02","166040143",0.02,0.07
"RIL-407","02","166124010",0.15,0.13
"RIL-408","02","166297776",0.7,0.6
"RIL-409","02","166560690",0.47,0.41
"RIL-410","02","167510117",0.03,0
"RIL-411","02","167663496",0.01,0
"RIL-412","02","167683957",0.09,0.2
"RIL-413","02","167699954",0,0
"RIL-414","02","167914399",0.1,0.08
"RIL-415","02","167920857",0,0
"RIL-416","02","167935402",0.28,0.44
"RIL-417","02","168207636",0.02,0.04
"RIL-418","02","168480922",0,0
"RIL-419","02","168497291",0.04,0.08
"RIL-420","02","168976656",0.24,0.38
"RIL-421","02","168980063",0.01,0
"RIL-422","02","169016981",0.14,0.33
"RIL-423","02","169032334",0,0.01
"RIL-424","02","169057452",0.19,0.05
"RIL-425","02","169106573",0.03,0
"RIL-426","02","169642788",0.35,0.36
"RIL-427","02","169833061",0,0
"RIL-428","02","169845199",0.02,0.01
"RIL-429","02","169847871",0.15,0.32
"RIL-430","02","169937438",0.01,0.01
"RIL-431","02","170174481",0.01,0.05
"RIL-432","02","170174778",0.01,0.03
"RIL-433","02","170177145",0.07,0.2
"RIL-434","02","170199039",0,0.01
"RIL-435","02","170954575",0,0
"RIL-802","03","84734",0.06,0.06
"RIL-810","03","90477",0.07,0.07
"RIL-787","03","636192",0.03,0.01
"RIL-793","03","739617",0.01,0.08
"RIL-803","03","852554",0.01,0.01
"RIL-804","03","863832",0.51,0.15
"RIL-805","03","864240",0.03,0
"RIL-807","03","882669",0.55,0.33
"RIL-808","03","883707",0.27,0.06
"RIL-809","03","895139",0.02,0.01
"RIL-502","03","1258821",0.01,0.01
"RIL-503","03","1262160",0.27,0.07
"RIL-530","03","1595594",0.23,0.03
"RIL-532","03","1755391",0.02,0.01
"RIL-546","03","1980737",0,0.04
"RIL-618","03","2266618",0.09,0.18
"RIL-657","03","2404467",0,0
"RIL-673","03","2435762",0,0
"RIL-745","03","2744981",0,0.01
"RIL-746","03","3454511",0.11,0.03
"RIL-747","03","3470524",0,0
"RIL-748","03","3478043",0.01,0.03
"RIL-749","03","3508082",0.01,0
"RIL-751","03","3742928",0,0
"RIL-752","03","3744030",0.01,0.01
"RIL-754","03","3797913",0,0.02
"RIL-755","03","3802047",0.01,0
"RIL-756","03","3805172",0.61,0.36
"RIL-757","03","3823122",0,0
"RIL-758","03","3823409",0,0
"RIL-762","03","3850670",0,0
"RIL-763","03","4016658",0.04,0.03
"RIL-768","03","4871480",0.06,0.05
"RIL-769","03","4952352",0,0.01
"RIL-773","03","5280597",0.09,0.25
"RIL-774","03","5437757",0,0
"RIL-775","03","5591857",0.01,0.01
"RIL-777","03","5701741",0,0.01
"RIL-780","03","5724904",0.03,0.03
"RIL-781","03","5799856",0.01,0.02
"RIL-782","03","5882827",0.01,0.01
"RIL-783","03","5887557",0,0.01
"RIL-784","03","5888032",0.12,0.14
"RIL-785","03","6005164",0.01,0.02
"RIL-788","03","6424661",0.31,0.19
"RIL-789","03","6994073",0.18,0.09
"RIL-790","03","7000504",0.03,0.02
"RIL-791","03","7016621",0,0
"RIL-792","03","7336385",0,0
"RIL-797","03","7890753",0,0
"RIL-798","03","7892978",0.08,0.06
"RIL-799","03","7895663",0.2,0.02
"RIL-800","03","7896303",0,0
"RIL-806","03","8643678",0.53,0.03
"RIL-812","03","9700466",0.28,0.04
"RIL-813","03","9731516",0,0
"RIL-815","03","9954698",0.05,0.16
"RIL-816","03","9955820",0.02,0
"RIL-488","03","10022380",0,0
"RIL-489","03","10096891",0.17,0.16
"RIL-490","03","10366310",0.08,0.09
"RIL-491","03","10368264",0.02,0
"RIL-492","03","10665827",0.07,0
"RIL-493","03","10666173",0.01,0.01
"RIL-494","03","10863265",0,0
"RIL-495","03","10866931",0.01,0
"RIL-496","03","11181606",0.23,0.35
"RIL-497","03","11959624",0,0
"RIL-498","03","12079466",0,0
"RIL-499","03","12129017",0.01,0.03
"RIL-500","03","12271253",0,0
"RIL-501","03","12275592",0.01,0.01
"RIL-504","03","12738282",0.01,0.01
"RIL-509","03","13322841",0,0
"RIL-515","03","14069769",0.03,0.03
"RIL-516","03","14070020",0,0.01
"RIL-519","03","14240816",0.1,0.08
"RIL-520","03","14266504",0.05,0.02
"RIL-523","03","14793491",0.89,0.05
"RIL-525","03","14959732",0.06,0.06
"RIL-526","03","15023831",0.24,0.21
"RIL-527","03","15027389",0.21,0.11
"RIL-528","03","15210074",0.02,0.01
"RIL-529","03","15754322",0.1,0.02
"RIL-533","03","17723368",0.01,0.01
"RIL-535","03","18095383",0,0
"RIL-537","03","18510647",0.2,0.04
"RIL-542","03","19379157",0.02,0
"RIL-543","03","19379448",0.06,0.03
"RIL-547","03","19873485",0,0
"RIL-548","03","19890416",0.05,0
"RIL-549","03","19890906",0.24,0.14
"RIL-559","03","20483303",0.04,0
"RIL-572","03","21060560",0.33,0.22
"RIL-607","03","22515827",0,0.02
"RIL-634","03","23023573",0.32,0.27
"RIL-640","03","23469417",0,0.03
"RIL-653","03","23886276",0.03,0.04
"RIL-687","03","25023541",0.09,0.04
"RIL-688","03","25195199",0.01,0
"RIL-704","03","25388121",0.01,0
"RIL-711","03","25466843",0.01,0
"RIL-750","03","36042079",0.15,0.21
"RIL-753","03","37910227",0,0
"RIL-759","03","38261491",0.01,0.01
"RIL-760","03","38262865",0,0
"RIL-761","03","38457526",0.13,0.08
"RIL-764","03","40475892",0.01,0
"RIL-765","03","40476629",0.03,0
"RIL-766","03","42795329",0,0.01
"RIL-767","03","46928150",0.04,0.03
"RIL-770","03","50335822",0.1,0.01
"RIL-771","03","51135680",0.25,0.34
"RIL-772","03","52344907",0,0
"RIL-776","03","56987242",0.01,0.04
"RIL-778","03","57025396",0,0
"RIL-779","03","57025642",0,0
"RIL-786","03","61207498",0,0
"RIL-794","03","76821039",0.06,0.02
"RIL-795","03","77736780",0.05,0
"RIL-796","03","77830555",0,0.01
"RIL-801","03","84588351",0.11,0.13
"RIL-811","03","96428251",0.02,0
"RIL-814","03","99302699",0.09,0.02
"RIL-505","03","127753221",0.2,0.22
"RIL-506","03","129785814",0.03,0
"RIL-507","03","130334261",0.06,0.05
"RIL-508","03","132673804",0,0.01
"RIL-510","03","133409321",0.99,0.91
"RIL-511","03","134115894",0,0
"RIL-512","03","135432437",0,0
"RIL-513","03","137192875",0,0.01
"RIL-514","03","138079085",0.01,0.02
"RIL-517","03","142059146",0.02,0
"RIL-518","03","142059448",0.68,0.51
"RIL-521","03","145682819",0,0
"RIL-522","03","146257517",0.04,0.01
"RIL-524","03","148677812",0.23,0.07
"RIL-531","03","172930564",0.23,0.65
"RIL-534","03","178257088",0.01,0.08
"RIL-536","03","181764614",0.13,0.04
"RIL-538","03","186825380",0.2,0.2
"RIL-539","03","187437851",0.03,0.01
"RIL-540","03","190509568",0,0.01
"RIL-541","03","190513636",0.01,0
"RIL-544","03","196453807",0,0
"RIL-545","03","196659543",0.02,0.01
"RIL-550","03","199884752",0.01,0
"RIL-551","03","201107420",0.01,0.04
"RIL-552","03","201371416",0.01,0.01
"RIL-553","03","201828644",0,0.01
"RIL-554","03","202287350",0.01,0
"RIL-555","03","202296610",0,0
"RIL-556","03","202298519",0,0
"RIL-557","03","202318245",0.01,0
"RIL-558","03","204607373",0,0
"RIL-560","03","204926970",0,0
"RIL-561","03","204928916",0.03,0.03
"RIL-562","03","204934177",0.01,0.03
"RIL-563","03","205697913",0.03,0.01
"RIL-564","03","205704306",0.03,0
"RIL-565","03","209569966",0.13,0.2
"RIL-566","03","209743297",0.01,0.01
"RIL-567","03","209781541",0.01,0
"RIL-568","03","209849572",0.01,0.05
"RIL-569","03","209851128",0.03,0.01
"RIL-570","03","210356562",0.03,0.05
"RIL-571","03","210403464",0,0
"RIL-573","03","210915444",0.09,0.25
"RIL-574","03","210915783",0,0
"RIL-575","03","214396712",0.01,0
"RIL-576","03","214457514",0,0.02
"RIL-577","03","214459050",0.02,0.01
"RIL-578","03","214629878",0,0
"RIL-579","03","216270973",0.02,0.06
"RIL-580","03","216325553",0.1,0.02
"RIL-581","03","216522735",0.12,0.01
"RIL-582","03","217554906",0.02,0.02
"RIL-583","03","217555678",0.02,0.01
"RIL-584","03","217952759",0,0.01
"RIL-585","03","217967971",1,0.95
"RIL-586","03","218101415",0.02,0.04
"RIL-587","03","218341397",0.03,0.02
"RIL-588","03","218343867",0,0.01
"RIL-589","03","220072046",0,0
"RIL-590","03","221051381",0,0
"RIL-591","03","221243198",0.73,0.32
"RIL-592","03","221474922",0,0
"RIL-593","03","221475783",0.02,0
"RIL-594","03","221618556",0.01,0
"RIL-595","03","221749700",0.57,0.14
"RIL-596","03","222637829",0.03,0
"RIL-597","03","222657086",0.05,0.11
"RIL-598","03","222755713",0.14,0.02
"RIL-599","03","222756025",0.01,0.05
"RIL-600","03","223388090",0.07,0.07
"RIL-601","03","223414921",0,0.14
"RIL-602","03","223419365",0.04,0
"RIL-603","03","223848001",0.01,0.02
"RIL-604","03","224533133",0.17,0.03
"RIL-605","03","224846902",0,0
"RIL-606","03","224890613",0.27,0
"RIL-608","03","225412338",0.08,0.08
"RIL-609","03","225606587",0.13,0.03
"RIL-610","03","225628117",0.02,0.06
"RIL-611","03","225745834",0.03,0.05
"RIL-612","03","226237398",0.21,0.25
"RIL-613","03","226280119",0.11,0.52
"RIL-614","03","226287070",0.31,0.18
"RIL-615","03","226449251",0.43,0.25
"RIL-616","03","226554189",0.31,0.16
"RIL-617","03","226652905",0.03,0.02
"RIL-619","03","227245937",0.04,0.01
"RIL-620","03","227259064",0.02,0.06
"RIL-621","03","227313950",0.13,0.06
"RIL-622","03","227321972",0.05,0.02
"RIL-623","03","229258029",0.53,0.46
"RIL-624","03","229432218",0.02,0.04
"RIL-625","03","229545999",0.46,0.07
"RIL-626","03","229555875",0,0.05
"RIL-627","03","229563638",0,0
"RIL-628","03","229564799",0,0
"RIL-629","03","229572633",0,0.02
"RIL-630","03","229592613",0.1,0.01
"RIL-631","03","229596872",0,0
"RIL-632","03","229717453",0.12,0.01
"RIL-633","03","230015391",0.02,0.04
"RIL-635","03","230652022",0.03,0.01
"RIL-636","03","231105811",0.05,0.01
"RIL-637","03","231405564",0.04,0.08
"RIL-638","03","231649616",0.08,0.07
"RIL-639","03","232245790",0.04,0.02
"RIL-641","03","234955705",0.19,0.15
"RIL-642","03","235070895",0.15,0.02
"RIL-643","03","236839909",0.07,0.01
"RIL-644","03","237423196",0.28,0.41
"RIL-645","03","237572097",0.01,0
"RIL-646","03","237572801",0.01,0
"RIL-647","03","237575717",0.05,0.09
"RIL-648","03","237799305",0.28,0.07
"RIL-649","03","238488867",0.01,0.01
"RIL-650","03","238614312",0.72,0.72
"RIL-651","03","238738353",0,0
"RIL-652","03","238798797",0.02,0
"RIL-654","03","239694881",0,0
"RIL-655","03","239727899",0.04,0.02
"RIL-656","03","239878399",0.01,0.03
"RIL-658","03","240516295",0,0
"RIL-659","03","240538275",0,0
"RIL-660","03","240547892",0.12,0.16
"RIL-661","03","240579790",0.01,0.09
"RIL-662","03","241187518",0.02,0.03
"RIL-663","03","241188350",0,0
"RIL-664","03","241202935",0,0
"RIL-665","03","241204919",0,0
"RIL-666","03","241432163",0,0.02
"RIL-667","03","241721976",0,0.01
"RIL-668","03","241825715",0.06,0.05
"RIL-669","03","241835728",0.03,0.02
"RIL-670","03","242365978",0,0.01
"RIL-671","03","242527082",0.01,0.01
"RIL-672","03","242610405",0,0
"RIL-674","03","244446300",0,0.01
"RIL-675","03","244529524",0.03,0
"RIL-676","03","244547092",0.15,0.11
"RIL-677","03","244769383",0.09,0.06
"RIL-678","03","244770180",0.13,0
"RIL-679","03","245173859",0.15,0.13
"RIL-680","03","247579927",0.49,0.28
"RIL-681","03","248005863",0.02,0.06
"RIL-682","03","248023980",0.52,0.01
"RIL-683","03","248024515",0.04,0.05
"RIL-684","03","249368149",0.05,0.06
"RIL-685","03","249400744",0,0.01
"RIL-686","03","249960645",0.01,0.02
"RIL-689","03","251986992",0.17,0.13
"RIL-690","03","252030909",0.04,0.01
"RIL-691","03","252118330",0.01,0
"RIL-692","03","252192876",0.27,0.44
"RIL-693","03","252324397",0.02,0.02
"RIL-694","03","252434112",0.01,0.06
"RIL-695","03","252434343",0.13,0.09
"RIL-696","03","253115797",0,0.01
"RIL-697","03","253198009",0.32,0.36
"RIL-698","03","253581085",0.13,0.11
"RIL-699","03","253658006",0,0.01
"RIL-700","03","253663405",0.01,0
"RIL-701","03","253734912",0.06,0.03
"RIL-702","03","253873335",0.09,0.03
"RIL-703","03","253877253",0,0
"RIL-705","03","254056307",0,0
"RIL-706","03","254363326",0.01,0.04
"RIL-707","03","254363567",0,0.01
"RIL-708","03","254586305",0,0
"RIL-709","03","254590695",0,0
"RIL-710","03","254609602",0,0.01
"RIL-712","03","254693935",0,0.01
"RIL-713","03","254704777",0.04,0.07
"RIL-714","03","254804649",0.01,0.05
"RIL-715","03","254805678",0.12,0.19
"RIL-716","03","254823263",0,0
"RIL-717","03","254835818",0.06,0.04
"RIL-718","03","254839552",0,0
"RIL-719","03","255411005",0.01,0.04
"RIL-720","03","255675662",0,0
"RIL-721","03","255745394",0.09,0.14
"RIL-722","03","255952106",0.2,0.04
"RIL-723","03","256153569",0,0
"RIL-724","03","256206440",0.33,0
"RIL-725","03","256214134",0,0.01
"RIL-726","03","256318949",0,0
"RIL-727","03","256527877",0.24,0.24
"RIL-728","03","256737222",0.08,0.05
"RIL-729","03","256783751",0,0
"RIL-730","03","256804203",0.02,0.03
"RIL-731","03","256863420",0,0
"RIL-732","03","256932900",0,0
"RIL-733","03","256938852",0.01,0.01
"RIL-734","03","257077634",0,0
"RIL-735","03","257115643",0.01,0
"RIL-736","03","257151536",0.01,0
"RIL-737","03","257300475",0,0
"RIL-738","03","257423487",0,0.02
"RIL-739","03","257438648",0.45,0.19
"RIL-740","03","257450296",0.01,0
"RIL-741","03","257467105",0,0.01
"RIL-742","03","257592293",0.01,0.02
"RIL-743","03","257607383",0.02,0
"RIL-744","03","257650026",0,0
"RIL-981","04","318",0,0
"RIL-912","04","19107",0,0
"RIL-993","04","57702",0.19,0.23
"RIL-998","04","63965",0,0
"RIL-817","04","101227",0,0
"RIL-940","04","207280",0.03,0.02
"RIL-980","04","235757",0,0.01
"RIL-988","04","480391",0,0
"RIL-989","04","488701",0,0.01
"RIL-990","04","519980",0,0
"RIL-991","04","546123",0,0
"RIL-994","04","594780",0.02,0
"RIL-1002","04","778214",0.01,0
"RIL-1009","04","851458",0.19,0.22
"RIL-1012","04","886388",0,0
"RIL-1016","04","977749",0,0
"RIL-1017","04","993678",0,0
"RIL-830","04","1072702",0.09,0.24
"RIL-832","04","1118686",0,0
"RIL-834","04","1146539",0,0
"RIL-836","04","1174493",0,0
"RIL-837","04","1186698",0,0
"RIL-878","04","1670840",0,0
"RIL-901","04","1862317",0.36,0
"RIL-956","04","2147292",0.02,0.01
"RIL-982","04","3932799",0,0
"RIL-986","04","4465003",0,0
"RIL-1004","04","8009002",0.24,0.01
"RIL-1005","04","8016676",0.43,0.2
"RIL-1006","04","8338416",0.03,0.07
"RIL-1007","04","8404557",0.05,0.01
"RIL-1008","04","8405555",0.11,0.06
"RIL-1014","04","9488127",0,0
"RIL-818","04","10138472",0.47,0.51
"RIL-819","04","10209550",0.01,0.01
"RIL-820","04","10210607",0,0.01
"RIL-821","04","10244542",0,0
"RIL-822","04","10293131",0,0.01
"RIL-823","04","10294620",0.01,0
"RIL-824","04","10296742",0,0
"RIL-825","04","10299636",0,0
"RIL-826","04","10333761",0,0
"RIL-827","04","10644495",0,0
"RIL-828","04","10685531",0,0
"RIL-829","04","10692540",0.01,0
"RIL-831","04","10826220",0.02,0
"RIL-833","04","11384860",0,0
"RIL-835","04","11703410",0,0
"RIL-838","04","11947571",0.01,0.01
"RIL-839","04","11957653",0,0
"RIL-840","04","12181147",0,0
"RIL-841","04","12248475",0,0
"RIL-842","04","12262153",0.07,0.06
"RIL-843","04","12576459",0,0
"RIL-844","04","12900227",0,0
"RIL-851","04","13641470",0.05,0.02
"RIL-852","04","13643921",0,0
"RIL-853","04","13707726",0,0
"RIL-854","04","13744667",0.01,0.01
"RIL-855","04","13745060",0,0
"RIL-856","04","14050729",0,0.01
"RIL-857","04","14060530",0.05,0
"RIL-858","04","14062308",0,0
"RIL-866","04","15063762",0.02,0
"RIL-867","04","15083323",0,0
"RIL-868","04","15106704",0.01,0
"RIL-869","04","15375627",0,0.01
"RIL-870","04","15485275",0.52,0.03
"RIL-871","04","15486036",0,0
"RIL-872","04","15492114",0,0
"RIL-873","04","15738981",0,0.01
"RIL-874","04","15764723",0.05,0
"RIL-876","04","16027946",0,0
"RIL-877","04","16301479",0.02,0.01
"RIL-884","04","17711336",0.3,0
"RIL-885","04","17753333",0,0
"RIL-888","04","17933659",0,0
"RIL-891","04","18021172",0.01,0
"RIL-892","04","18113030",0.52,0.07
"RIL-893","04","18232085",0,0
"RIL-894","04","18291029",0,0
"RIL-897","04","18550436",0,0
"RIL-898","04","18553897",0,0
"RIL-902","04","18630318",0.01,0.01
"RIL-903","04","18745153",0,0
"RIL-946","04","21129290",0,0
"RIL-983","04","40175155",0.03,0.01
"RIL-984","04","40547117",0.48,0.64
"RIL-985","04","40670300",0,0
"RIL-987","04","45491366",0,0
"RIL-992","04","55854704",0.62,0.7
"RIL-995","04","60600271",0.07,0.08
"RIL-996","04","62392862",0.05,0.04
"RIL-997","04","62615884",0.01,0
"RIL-999","04","66934567",0.01,0
"RIL-1000","04","68141360",0.04,0.02
"RIL-1001","04","75677515",0,0
"RIL-1003","04","79412706",0.04,0.06
"RIL-1010","04","86711335",0.48,0.46
"RIL-1011","04","86759911",0,0
"RIL-1013","04","93310397",0.01,0.03
"RIL-1015","04","97420308",0,0
"RIL-845","04","130312406",0.67,0.35
"RIL-846","04","130321903",0.09,0.02
"RIL-847","04","130323514",0.04,0
"RIL-848","04","130324799",0.01,0
"RIL-849","04","130428295",0,0
"RIL-850","04","132308383",0.38,0.31
"RIL-859","04","142728825",0.02,0
"RIL-860","04","145346184",0,0
"RIL-861","04","145356509",0,0
"RIL-862","04","145449631",0.08,0.01
"RIL-863","04","145473188",0.01,0
"RIL-864","04","147373795",0,0
"RIL-865","04","149140032",0.04,0.05
"RIL-875","04","158189286",0.05,0.03
"RIL-879","04","167263879",0.01,0
"RIL-880","04","170200477",0,0
"RIL-881","04","170270287",0,0
"RIL-882","04","172197309",0.37,0.13
"RIL-883","04","172198855",0,0
"RIL-886","04","178977666",0.03,0.02
"RIL-887","04","179272511",0.07,0.03
"RIL-889","04","179694844",0.03,0.01
"RIL-890","04","179721476",0.83,0
"RIL-895","04","183277000",0.83,0.58
"RIL-896","04","183543185",0.58,0
"RIL-899","04","185754312",0,0
"RIL-900","04","186056310",0.07,0
"RIL-904","04","188333214",0.15,0.03
"RIL-905","04","188772251",0.06,0
"RIL-906","04","188774728",0.01,0
"RIL-907","04","188778506",0.52,0.33
"RIL-908","04","188778807",0,0
"RIL-909","04","188779065",0.12,0.01
"RIL-910","04","188779604",0,0
"RIL-911","04","188987128",0.13,0.06
"RIL-913","04","192553358",0.01,0
"RIL-914","04","192788500",0.02,0
"RIL-915","04","192825747",0.01,0
"RIL-916","04","192844141",0.23,0.26
"RIL-917","04","194232777",0.16,0.36
"RIL-918","04","194331752",0.06,0.07
"RIL-919","04","194367598",0.13,0.16
"RIL-920","04","195423482",0.05,0.01
"RIL-921","04","195518772",0.02,0
"RIL-922","04","195825369",0.18,0.13
"RIL-923","04","195830091",0.24,0.19
"RIL-924","04","195853513",0.44,0.09
"RIL-925","04","195880731",0.72,0.82
"RIL-926","04","196895855",0.28,0
"RIL-927","04","196983610",0.22,0.18
"RIL-928","04","198516140",0,0
"RIL-929","04","201407298",0.14,0.07
"RIL-930","04","201408911",0.2,0
"RIL-931","04","201832386",0.45,0.09
"RIL-932","04","202721967",0.01,0.02
"RIL-933","04","202812929",0.78,0.58
"RIL-934","04","202907940",0.1,0.06
"RIL-935","04","203511596",0.07,0.03
"RIL-936","04","206155024",0.31,0.66
"RIL-937","04","206185996",0.99,0.8
"RIL-938","04","206724763",0,0
"RIL-939","04","206728690",0.08,0.02
"RIL-941","04","208907905",0.28,0.32
"RIL-942","04","209432262",0.18,0.09
"RIL-943","04","210691885",0.39,0.43
"RIL-944","04","210695022",0,0
"RIL-945","04","210715369",0.09,0.1
"RIL-947","04","211853288",0.16,0.01
"RIL-948","04","213227257",0,0
"RIL-949","04","213281086",0.01,0
"RIL-950","04","213309021",0.04,0.04
"RIL-951","04","213363483",0.05,0.01
"RIL-952","04","213370451",0.01,0
"RIL-953","04","213646211",0,0
"RIL-954","04","214241211",0,0
"RIL-955","04","214444116",0.02,0
"RIL-957","04","215745768",0.32,0.57
"RIL-958","04","215747727",0.37,0.26
"RIL-959","04","215751409",0.04,0
"RIL-960","04","215775639",0.02,0.01
"RIL-961","04","215859784",0.61,0.53
"RIL-962","04","215873920",0.02,0.04
"RIL-963","04","216243223",0.4,0.26
"RIL-964","04","216243434",0.07,0.04
"RIL-965","04","216421095",0.01,0.01
"RIL-966","04","217099128",0.35,0.4
"RIL-967","04","217534231",0.06,0.01
"RIL-968","04","217802392",0,0
"RIL-969","04","217802760",0.02,0.03
"RIL-970","04","219423910",0.89,0.08
"RIL-971","04","219581537",0.02,0.03
"RIL-972","04","219627649",0,0.03
"RIL-973","04","219898569",0,0.06
"RIL-974","04","220495237",0.13,0
"RIL-975","04","220818330",0,0
"RIL-976","04","220883020",0.01,0.18
"RIL-977","04","220887430",0.98,0.79
"RIL-978","04","221069748",0.02,0.11
"RIL-979","04","221082182",0.02,0.22
"RIL-1143","05","24827",0.1,0.01
"RIL-1178","05","49949",0.21,0.01
"RIL-1180","05","52778",0.01,0
"RIL-1187","05","62255",0,0
"RIL-1042","05","151516",0.37,0.1
"RIL-1051","05","163597",0.04,0.01
"RIL-1134","05","233039",0.05,0
"RIL-1137","05","233281",0.02,0
"RIL-1140","05","247065",0.01,0
"RIL-1145","05","271790",0.02,0.06
"RIL-1164","05","375403",0.05,0.01
"RIL-1171","05","406772",0.03,0
"RIL-1175","05","419482",0.03,0.02
"RIL-1176","05","419748",0.01,0
"RIL-1179","05","526653",0.24,0.06
"RIL-1182","05","540329",0.06,0.04
"RIL-1183","05","563188",0.18,0.07
"RIL-1022","05","1135263",0,0.07
"RIL-1057","05","1808557",0.02,0
"RIL-1058","05","1835795",0.01,0
"RIL-1059","05","1876455",0,0.01
"RIL-1060","05","1878798",0.36,0.05
"RIL-1061","05","1883444",0.12,0
"RIL-1062","05","1884727",0.03,0
"RIL-1067","05","1959873",0.01,0
"RIL-1072","05","2032659",0.02,0.02
"RIL-1073","05","2032985",0.13,0.01
"RIL-1076","05","2094610",0,0.02
"RIL-1077","05","2094989",0.69,0.01
"RIL-1098","05","2255239",0.89,0.01
"RIL-1105","05","2274412",0.69,0
"RIL-1126","05","2315366",0.93,0
"RIL-1128","05","2318300",0.26,0.08
"RIL-1136","05","2332785",0.1,0.01
"RIL-1138","05","2345855",0.04,0.02
"RIL-1150","05","2815254",0.37,0.04
"RIL-1151","05","2815520",0.18,0.08
"RIL-1153","05","3038607",0.53,0.15
"RIL-1160","05","3615730",0.61,0.05
"RIL-1161","05","3617003",0.03,0.06
"RIL-1162","05","3618748",0,0
"RIL-1163","05","3619704",0.07,0.08
"RIL-1165","05","3758652",0,0
"RIL-1166","05","3959240",0,0
"RIL-1168","05","3991612",0.01,0
"RIL-1169","05","3991935",0.02,0.03
"RIL-1170","05","4046630",0.01,0.05
"RIL-1172","05","4099336",0.01,0
"RIL-1174","05","4150683",0,0
"RIL-1177","05","4449568",0.12,0.13
"RIL-1184","05","6132221",0.85,0.88
"RIL-1185","05","6135945",0.41,0.32
"RIL-1186","05","6142967",0,0
"RIL-1198","05","7481260",0.13,0.28
"RIL-1199","05","7870604",0.01,0
"RIL-1200","05","8350003",0,0
"RIL-1201","05","8404399",0.06,0
"RIL-1203","05","9877866",0.01,0
"RIL-1204","05","9973762",0,0
"RIL-1205","05","9983803",0,0
"RIL-1018","05","10094053",0,0.02
"RIL-1019","05","10415149",0.29,0.37
"RIL-1020","05","10823958",0,0
"RIL-1023","05","12309305",0,0
"RIL-1024","05","12365322",0,0
"RIL-1025","05","12365621",0.02,0
"RIL-1026","05","12613570",0,0
"RIL-1027","05","12647491",0,0
"RIL-1028","05","12650251",0.01,0.02
"RIL-1029","05","12650453",0.06,0.07
"RIL-1030","05","12874189",0.04,0.03
"RIL-1036","05","14017011",0.01,0.02
"RIL-1037","05","14370458",0.01,0
"RIL-1038","05","14370815",0.09,0.01
"RIL-1039","05","14595465",0,0
"RIL-1040","05","14740253",0.03,0.03
"RIL-1041","05","14869327",0,0
"RIL-1043","05","15564383",0.01,0
"RIL-1044","05","15571246",0.03,0.06
"RIL-1045","05","15576691",0.01,0
"RIL-1046","05","15580294",0.01,0.03
"RIL-1047","05","15794939",0.02,0
"RIL-1049","05","16113905",0.33,0.12
"RIL-1052","05","16449379",0,0
"RIL-1053","05","16473204",0,0
"RIL-1054","05","16473926",0.04,0.02
"RIL-1055","05","16558014",0.01,0
"RIL-1068","05","19981246",0.02,0.03
"RIL-1081","05","21631452",0.36,0.27
"RIL-1082","05","21632777",0,0.01
"RIL-1084","05","21642006",0.01,0
"RIL-1139","05","24201094",0.02,0.12
"RIL-1141","05","24778916",0.04,0.01
"RIL-1142","05","24818258",0.18,0.11
"RIL-1144","05","25812806",0.39,0.33
"RIL-1146","05","27700357",0.62,0
"RIL-1147","05","27701416",0.13,0.2
"RIL-1148","05","27701654",0.02,0.13
"RIL-1149","05","27701896",0,0
"RIL-1152","05","28487644",0,0.01
"RIL-1154","05","32280326",0.04,0.08
"RIL-1155","05","32286114",0.02,0.09
"RIL-1156","05","32888055",0.16,0.13
"RIL-1157","05","33766706",0,0
"RIL-1158","05","35411106",0,0
"RIL-1159","05","35830043",0.54,0.17
"RIL-1167","05","39686366",0.1,0.12
"RIL-1173","05","41174011",0.11,0.02
"RIL-1181","05","52988620",0.16,0.01
"RIL-1188","05","67147806",0.14,0
"RIL-1189","05","69157128",0,0.01
"RIL-1190","05","70390269",0.53,0.54
"RIL-1191","05","70396021",0,0
"RIL-1192","05","70405529",0,0
"RIL-1193","05","70408285",0,0
"RIL-1194","05","70413256",0.03,0
"RIL-1195","05","70690394",0.11,0.14
"RIL-1196","05","70790881",0,0
"RIL-1197","05","74338193",0.15,0.13
"RIL-1202","05","84914317",0.23,0.05
"RIL-1021","05","111541457",0,0
"RIL-1031","05","131253077",0.04,0.03
"RIL-1032","05","134612092",0,0
"RIL-1033","05","135338224",0.01,0
"RIL-1034","05","137670699",0.02,0.07
"RIL-1035","05","139348355",0.03,0.16
"RIL-1048","05","159479326",0,0
"RIL-1050","05","162552887",0,0
"RIL-1056","05","176745679",0.53,0.38
"RIL-1063","05","191548440",0.02,0.05
"RIL-1064","05","191570580",0.05,0
"RIL-1065","05","192073559",0.26,0.19
"RIL-1066","05","192135460",0.9,0.75
"RIL-1069","05","201552330",0.02,0.02
"RIL-1070","05","203121016",0.03,0.03
"RIL-1071","05","203156016",0.03,0.01
"RIL-1074","05","206778940",0.06,0
"RIL-1075","05","208837222",0.09,0.09
"RIL-1078","05","214065187",0.01,0.02
"RIL-1079","05","214066796",0.12,0.02
"RIL-1080","05","215131754",0,0
"RIL-1083","05","216407593",0.05,0.05
"RIL-1085","05","217749048",0.77,0.24
"RIL-1086","05","218209659",0.06,0.09
"RIL-1087","05","218257501",1,0.97
"RIL-1088","05","221313908",0.01,0
"RIL-1089","05","221634724",0,0.01
"RIL-1090","05","221672474",0.06,0.02
"RIL-1091","05","223529688",0,0
"RIL-1092","05","224038442",0,0
"RIL-1093","05","224039603",0.01,0
"RIL-1094","05","224044024",0.01,0.07
"RIL-1095","05","224046920",0.01,0.02
"RIL-1096","05","224927038",0,0.02
"RIL-1097","05","225126341",0.03,0.01
"RIL-1099","05","225601755",0,0
"RIL-1100","05","225602299",0.03,0.01
"RIL-1101","05","225809785",0,0.01
"RIL-1102","05","226051268",0.16,0.06
"RIL-1103","05","227133777",0.04,0.03
"RIL-1104","05","227347925",0.02,0.1
"RIL-1106","05","228986478",0,0
"RIL-1107","05","228986764",0.06,0.07
"RIL-1108","05","229591070",0.12,0.02
"RIL-1109","05","229634990",0.77,0.71
"RIL-1110","05","229636478",0.01,0.05
"RIL-1111","05","229898599",0.01,0.01
"RIL-1112","05","229947380",0,0
"RIL-1113","05","230103572",0.38,0.16
"RIL-1114","05","230124685",0.09,0.11
"RIL-1115","05","230327277",0.02,0
"RIL-1116","05","230372651",0.73,0.38
"RIL-1117","05","230384887",0,0
"RIL-1118","05","230528384",0,0
"RIL-1119","05","230529097",0,0.02
"RIL-1120","05","230546611",0,0
"RIL-1121","05","230551953",0.01,0.01
"RIL-1122","05","230615793",0,0
"RIL-1123","05","231079211",0,0
"RIL-1124","05","231158042",0,0.01
"RIL-1125","05","231158411",0,0
"RIL-1127","05","231630328",0,0
"RIL-1129","05","232032337",0.84,0.82
"RIL-1130","05","232213185",0,0
"RIL-1131","05","232337012",0.02,0
"RIL-1132","05","232399700",0.08,0.21
"RIL-1133","05","232770393",0.03,0.04
"RIL-1135","05","233143905",0.21,0
"RIL-1409","06","38051",0,0
"RIL-1432","06","72326",0.01,0
"RIL-1444","06","84708",0.23,0.58
"RIL-1446","06","90041",0.07,0.01
"RIL-1211","06","108912",0.11,0.06
"RIL-1214","06","117424",0.53,0.77
"RIL-1226","06","149400",0.33,0
"RIL-1410","06","412036",0.03,0
"RIL-1413","06","424617",0.17,0.01
"RIL-1427","06","584023",0.24,0.01
"RIL-1428","06","586691",0.01,0
"RIL-1429","06","600840",0,0
"RIL-1431","06","705720",0,0.02
"RIL-1443","06","805319",0,0
"RIL-1447","06","934392",0,0
"RIL-1221","06","1338603",0.01,0
"RIL-1222","06","1389415",0.45,0.14
"RIL-1348","06","2205371",0.32,0.08
"RIL-1377","06","2332289",0.04,0
"RIL-1383","06","2343274",0.48,0.22
"RIL-1384","06","2343482",0.03,0
"RIL-1386","06","2346007",0,0
"RIL-1393","06","2700269",0.1,0.03
"RIL-1394","06","2708697",0.02,0
"RIL-1395","06","2800324",0,0
"RIL-1396","06","2886276",0,0
"RIL-1397","06","3001535",0.28,0.26
"RIL-1401","06","3413918",0.34,0
"RIL-1402","06","3610175",0.12,0.18
"RIL-1403","06","3664125",0,0.03
"RIL-1404","06","3684969",0.12,0.02
"RIL-1405","06","3687644",0,0.01
"RIL-1406","06","3713099",0.22,0.08
"RIL-1407","06","3801399",0.99,0.81
"RIL-1408","06","3803526",0.72,0.41
"RIL-1411","06","4168996",0.45,0.01
"RIL-1412","06","4174077",0.92,0.64
"RIL-1414","06","4278887",0.09,0
"RIL-1416","06","4532655",0.13,0.03
"RIL-1417","06","4608581",0.11,0
"RIL-1418","06","4651342",0,0
"RIL-1419","06","4651697",0.01,0
"RIL-1420","06","4690304",0.08,0.14
"RIL-1422","06","4880023",0.73,0.22
"RIL-1423","06","4880358",0.13,0.06
"RIL-1426","06","5811260",0.18,0
"RIL-1433","06","7232980",0.41,0.26
"RIL-1434","06","7289406",0,0.01
"RIL-1436","06","7430459",0.03,0.02
"RIL-1437","06","7433791",0.04,0.04
"RIL-1438","06","7734769",0.13,0.01
"RIL-1439","06","7753780",0,0
"RIL-1440","06","7770276",0,0.01
"RIL-1441","06","7991517",0,0.01
"RIL-1442","06","7991847",0.11,0
"RIL-1450","06","9926079",0,0
"RIL-1451","06","9992857",0,0.01
"RIL-1208","06","10664128",1,0.02
"RIL-1209","06","10667217",0.17,0.02
"RIL-1210","06","10705047",0.38,0.5
"RIL-1212","06","10945415",0.87,0.77
"RIL-1213","06","11594320",0.56,0.55
"RIL-1216","06","12614482",0.11,0.05
"RIL-1217","06","12746901",0.01,0.01
"RIL-1220","06","13244621",0.15,0.06
"RIL-1225","06","14939309",0,0
"RIL-1235","06","16596818",0.04,0.05
"RIL-1236","06","16650815",0.02,0
"RIL-1240","06","17153985",0.01,0.02
"RIL-1241","06","17165388",0.03,0
"RIL-1266","06","18609240",0.09,0.05
"RIL-1274","06","19330498",0.01,0.05
"RIL-1333","06","21129506",0,0
"RIL-1334","06","21130435",0,0
"RIL-1337","06","21315104",0.02,0.17
"RIL-1339","06","21374746",0,0
"RIL-1344","06","21866765",0,0.02
"RIL-1388","06","25197211",0.05,0.05
"RIL-1389","06","25407293",0.16,0.04
"RIL-1390","06","25487084",0.01,0.01
"RIL-1391","06","26634595",0.02,0.02
"RIL-1392","06","26673075",0.02,0.02
"RIL-1398","06","32518305",0.01,0
"RIL-1399","06","33664715",0.01,0.01
"RIL-1400","06","33730652",0,0
"RIL-1415","06","44716711",0,0
"RIL-1421","06","48552610",0,0
"RIL-1424","06","51576130",0.03,0.04
"RIL-1425","06","57176935",0,0
"RIL-1430","06","60344231",0,0
"RIL-1435","06","72993649",0.98,0.98
"RIL-1445","06","88223468",0,0
"RIL-1448","06","95525614",0,0.01
"RIL-1449","06","96910902",0,0.01
"RIL-1206","06","100989095",0,0
"RIL-1207","06","102297261",0,0
"RIL-1215","06","121061150",0.09,0.03
"RIL-1218","06","127868877",0,0
"RIL-1219","06","128410126",0,0
"RIL-1223","06","142492740",0.52,0.03
"RIL-1224","06","146217651",0,0.02
"RIL-1227","06","160340689",0.01,0
"RIL-1228","06","160416826",0.06,0.21
"RIL-1229","06","161156763",0.01,0
"RIL-1230","06","161160141",0,0
"RIL-1231","06","161279457",0,0
"RIL-1232","06","161286363",0,0
"RIL-1233","06","164674145",0,0.01
"RIL-1234","06","165135668",0.06,0.01
"RIL-1237","06","167804432",0.01,0
"RIL-1238","06","168106260",0,0.01
"RIL-1239","06","169108351",0,0
"RIL-1242","06","174188500",0,0
"RIL-1243","06","174349740",0.4,0.54
"RIL-1244","06","174772719",0.72,0.67
"RIL-1245","06","175807470",0,0
"RIL-1246","06","177013828",0,0
"RIL-1247","06","177023444",0.01,0
"RIL-1248","06","177940749",0.01,0
"RIL-1249","06","178186123",0.28,0.11
"RIL-1250","06","178264197",0.34,0.01
"RIL-1251","06","179282265",0,0
"RIL-1252","06","179565797",0.05,0.05
"RIL-1253","06","179645272",0.32,0.07
"RIL-1254","06","180142916",0.81,0.85
"RIL-1255","06","180780955",0,0
"RIL-1256","06","180843304",0.02,0.02
"RIL-1257","06","181066084",0.01,0
"RIL-1258","06","181783616",0.03,0
"RIL-1259","06","181783865",0.1,0.17
"RIL-1260","06","181805757",0.41,0.33
"RIL-1261","06","181807147",0.04,0.16
"RIL-1262","06","182736597",0,0
"RIL-1263","06","183845956",0,0
"RIL-1264","06","184856530",0.02,0.04
"RIL-1265","06","185540569",0,0
"RIL-1267","06","186391711",0,0
"RIL-1268","06","186978908",0.05,0.09
"RIL-1269","06","188127942",0.02,0.04
"RIL-1270","06","188128173",0.01,0.05
"RIL-1271","06","188689990",0.04,0.03
"RIL-1272","06","192228751",0.02,0.01
"RIL-1273","06","192633368",0.6,0.01
"RIL-1275","06","194237618",0.02,0.04
"RIL-1276","06","194651592",0.15,0
"RIL-1277","06","195698277",0.85,0.17
"RIL-1278","06","198583080",0,0
"RIL-1279","06","199098931",0.08,0
"RIL-1280","06","200031056",0,0
"RIL-1281","06","200031496",0.02,0
"RIL-1282","06","200043622",0.18,0.01
"RIL-1283","06","200046308",0.01,0
"RIL-1284","06","200052209",0.04,0
"RIL-1285","06","200795419",0.29,0.01
"RIL-1286","06","200797004",0.32,0.06
"RIL-1287","06","201226089",0.04,0.07
"RIL-1288","06","201356911",0.01,0.01
"RIL-1289","06","201365003",0.01,0.03
"RIL-1290","06","201724395",0.01,0.1
"RIL-1291","06","201725229",0,0.01
"RIL-1292","06","201725563",0,0
"RIL-1293","06","201978259",0.34,0.23
"RIL-1294","06","201982838",0.07,0.25
"RIL-1295","06","202108219",0.15,0.13
"RIL-1296","06","204210586",0.02,0.08
"RIL-1297","06","204243577",0,0.01
"RIL-1298","06","204307832",0.03,0.07
"RIL-1299","06","204643071",0,0.03
"RIL-1300","06","204653248",0,0.02
"RIL-1301","06","204654985",0,0
"RIL-1302","06","204924051",0.03,0
"RIL-1303","06","205280572",0,0.01
"RIL-1304","06","205285529",0,0
"RIL-1305","06","205289499",0.02,0.04
"RIL-1306","06","205528718",0.12,0.08
"RIL-1307","06","205529533",0,0.03
"RIL-1308","06","206006147",0,0
"RIL-1309","06","206794667",0.03,0.04
"RIL-1310","06","206851199",0,0
"RIL-1311","06","206884975",0.07,0.17
"RIL-1312","06","206925357",0.06,0.12
"RIL-1313","06","207459065",0,0.03
"RIL-1314","06","207550974",0,0.04
"RIL-1315","06","207553217",0,0
"RIL-1316","06","207860856",0,0
"RIL-1317","06","208110635",0.01,0
"RIL-1318","06","208364509",0,0
"RIL-1319","06","208582400",0.03,0.01
"RIL-1320","06","208585911",0,0
"RIL-1321","06","209007353",0.24,0.4
"RIL-1322","06","209293745",0.01,0
"RIL-1323","06","209515761",0,0
"RIL-1324","06","209539475",0.02,0.01
"RIL-1325","06","209664655",0.03,0.01
"RIL-1326","06","209999930",0.31,0.07
"RIL-1327","06","210000196",0.01,0
"RIL-1328","06","210076603",0,0
"RIL-1329","06","210076912",0.2,0.57
"RIL-1330","06","210091454",0,0
"RIL-1331","06","210140891",0,0.01
"RIL-1332","06","210245378",0.04,0.12
"RIL-1335","06","212793475",0.11,0.01
"RIL-1336","06","212866444",0,0.01
"RIL-1338","06","213570244",0.05,0.02
"RIL-1340","06","216107228",0.09,0.32
"RIL-1341","06","217755811",0.02,0
"RIL-1342","06","217757467",0.01,0.03
"RIL-1343","06","218080908",0.15,0.42
"RIL-1345","06","218921621",0.03,0.06
"RIL-1346","06","218953116",0,0.01
"RIL-1347","06","219732363",0.23,0.27
"RIL-1349","06","220575409",0,0
"RIL-1350","06","220614483",0.33,0.58
"RIL-1351","06","220662914",0,0
"RIL-1352","06","220886015",0.69,0.94
"RIL-1353","06","226323374",0.37,0.09
"RIL-1354","06","226367129",0.06,0.06
"RIL-1355","06","226685571",0.07,0.06
"RIL-1356","06","226743561",0.03,0.06
"RIL-1357","06","226793409",0.15,0.03
"RIL-1358","06","226919021",0.01,0.03
"RIL-1359","06","227057496",0,0
"RIL-1360","06","227135197",0,0
"RIL-1361","06","227136735",0,0
"RIL-1362","06","228173286",0,0
"RIL-1363","06","228177382",0.08,0.06
"RIL-1364","06","228300826",0.61,0.28
"RIL-1365","06","229885413",0,0
"RIL-1366","06","230843296",0.01,0.01
"RIL-1367","06","231046217",0.01,0
"RIL-1368","06","231356728",0.04,0
"RIL-1369","06","231538199",0,0
"RIL-1370","06","231738923",0.01,0.02
"RIL-1371","06","232140068",0.34,0.03
"RIL-1372","06","232445669",0.03,0.07
"RIL-1373","06","232559156",0.05,0.03
"RIL-1374","06","232766998",0.04,0.03
"RIL-1375","06","232771208",0.34,0.32
"RIL-1376","06","232781025",0.09,0.14
"RIL-1378","06","233390921",0.29,0.22
"RIL-1379","06","233666994",0.04,0
"RIL-1380","06","233683953",0.31,0.12
"RIL-1381","06","233705642",0.03,0
"RIL-1382","06","234250666",0.04,0.05
"RIL-1385","06","234537736",0.11,0.2
"RIL-1387","06","235131480",0.21,0.1
"RIL-1614","07","766999",0,0
"RIL-1616","07","822871",0.98,1
"RIL-1617","07","823882",0.54,0.63
"RIL-1456","07","1075238",0.24,0.32
"RIL-1468","07","1389294",0.22,0.23
"RIL-1469","07","1400513",0,0
"RIL-1470","07","1400825",0.23,0.13
"RIL-1471","07","1407013",0.24,0.29
"RIL-1496","07","1896667",0.76,0.7
"RIL-1502","07","1997487",0.06,0.03
"RIL-1520","07","2091500",0.08,0.02
"RIL-1523","07","2116659",1,0.76
"RIL-1540","07","2180522",0,0.01
"RIL-1550","07","2205664",0.37,0.34
"RIL-1569","07","2253585",0.21,0.17
"RIL-1604","07","3313402",0.41,0.39
"RIL-1605","07","3383048",0.71,0.76
"RIL-1606","07","3391702",0.23,0.21
"RIL-1607","07","3600723",0.06,0.2
"RIL-1608","07","3642161",0.07,0.07
"RIL-1612","07","5872230",0.03,0
"RIL-1613","07","5880330",0.06,0.01
"RIL-1618","07","8529906",0.01,0.02
"RIL-1619","07","8890056",0.36,0.01
"RIL-1620","07","8890692",0.01,0
"RIL-1621","07","8908050",0.01,0.01
"RIL-1622","07","8915669",0.02,0
"RIL-1623","07","9463674",0.02,0.01
"RIL-1624","07","9476566",0,0
"RIL-1452","07","10247912",0.14,0.16
"RIL-1453","07","10251856",0,0
"RIL-1454","07","10660766",0.03,0.01
"RIL-1457","07","10975613",0.24,0.02
"RIL-1462","07","12068809",0,0
"RIL-1463","07","12169140",0.15,0.04
"RIL-1478","07","15321395",0.14,0.08
"RIL-1491","07","18237417",0.02,0.01
"RIL-1492","07","18246651",0.11,0.01
"RIL-1498","07","19144516",0,0
"RIL-1499","07","19278974",0.01,0.04
"RIL-1500","07","19948400",0.6,0.49
"RIL-1507","07","20394298",0.01,0
"RIL-1603","07","24417912",0.29,0.32
"RIL-1609","07","40021752",0,0
"RIL-1610","07","40022064",0,0.01
"RIL-1611","07","55292343",0.1,0.01
"RIL-1615","07","78012726",0,0
"RIL-1625","07","95811771",0,0
"RIL-1626","07","95817132",0,0
"RIL-1627","07","95818863",0.02,0.02
"RIL-1628","07","99338348",0.04,0.21
"RIL-1455","07","106636136",0.04,0.09
"RIL-1458","07","113939238",0,0
"RIL-1459","07","113951759",0,0
"RIL-1460","07","117776267",0,0
"RIL-1461","07","119625821",0.16,0.22
"RIL-1464","07","122949894",0.05,0.03
"RIL-1465","07","123120083",0.02,0.03
"RIL-1466","07","124951333",0.6,0.31
"RIL-1467","07","132207288",0.01,0.01
"RIL-1472","07","144908768",0.23,0.12
"RIL-1473","07","145876076",0.02,0.05
"RIL-1474","07","152167129",0.05,0.06
"RIL-1475","07","152168421",0.01,0.01
"RIL-1476","07","152379744",0,0
"RIL-1477","07","152888667",0.01,0.06
"RIL-1479","07","154832866",0.05,0.01
"RIL-1480","07","155947923",0.08,0.1
"RIL-1481","07","156388129",0.02,0.01
"RIL-1482","07","163196732",0.44,0.1
"RIL-1483","07","174174996",0,0
"RIL-1484","07","174179974",0.02,0
"RIL-1485","07","174931554",0,0
"RIL-1486","07","175259410",0.15,0.14
"RIL-1487","07","179998400",0.01,0
"RIL-1488","07","180722341",0.03,0.01
"RIL-1489","07","181518753",0.04,0.09
"RIL-1490","07","181842432",0.01,0.15
"RIL-1493","07","183384523",0.05,0.22
"RIL-1494","07","183428100",0.13,0.05
"RIL-1495","07","187754012",0.32,0.4
"RIL-1497","07","190695654",0.08,0.16
"RIL-1501","07","199717027",0.02,0.01
"RIL-1503","07","199939000",0,0.01
"RIL-1504","07","199942183",0.43,0.02
"RIL-1505","07","203665853",0.02,0.04
"RIL-1506","07","203666127",0.16,0.01
"RIL-1508","07","205535848",0,0
"RIL-1509","07","205678627",0.17,0.32
"RIL-1510","07","205791310",0.03,0.06
"RIL-1511","07","205828613",0,0.01
"RIL-1512","07","205909860",0.09,0.01
"RIL-1513","07","205918609",0.32,0.24
"RIL-1514","07","205984876",0.38,0.03
"RIL-1515","07","206041755",0.64,0.72
"RIL-1516","07","207191648",0.06,0.07
"RIL-1517","07","208355877",0.03,0
"RIL-1518","07","208578934",0.11,0.01
"RIL-1519","07","209020774",0,0
"RIL-1521","07","209431596",0.01,0.14
"RIL-1522","07","209438648",0.08,0.37
"RIL-1524","07","211682777",0.26,0.4
"RIL-1525","07","212508512",0.32,0.21
"RIL-1526","07","212631837",0.24,0.19
"RIL-1527","07","212856240",0,0
"RIL-1528","07","212921460",0,0
"RIL-1529","07","213257315",0.94,0.93
"RIL-1530","07","213845690",0.05,0
"RIL-1531","07","213847630",0.65,0.42
"RIL-1532","07","214022413",0.25,0.35
"RIL-1533","07","215335420",0,0
"RIL-1534","07","216782870",0.05,0.13
"RIL-1535","07","217455563",0.01,0.04
"RIL-1536","07","217486170",0.05,0.04
"RIL-1537","07","218018209",0.04,0.13
"RIL-1538","07","218018413",0.01,0.01
"RIL-1539","07","218021007",0.04,0.07
"RIL-1541","07","218056114",0,0
"RIL-1542","07","218178485",0.05,0.07
"RIL-1543","07","218179643",0.16,0.2
"RIL-1544","07","218807037",0.02,0.01
"RIL-1545","07","218807810",0.51,0.02
"RIL-1546","07","219605197",0.34,0.42
"RIL-1547","07","219996080",0,0
"RIL-1548","07","220036822",0.06,0.14
"RIL-1549","07","220124866",0.83,0.27
"RIL-1551","07","221693588",0.01,0
"RIL-1552","07","221746474",0.03,0.03
"RIL-1553","07","223209080",0,0.01
"RIL-1554","07","223235535",0.02,0.01
"RIL-1555","07","223306801",0,0
"RIL-1556","07","223974607",0.08,0.01
"RIL-1557","07","224052705",0.09,0.14
"RIL-1558","07","224120276",0.07,0.14
"RIL-1559","07","224395927",0.01,0.07
"RIL-1560","07","224429488",0.05,0.05
"RIL-1561","07","224482715",0.1,0.12
"RIL-1562","07","224736915",0.12,0.03
"RIL-1563","07","224791768",0,0
"RIL-1564","07","225103980",0,0
"RIL-1565","07","225168790",0.01,0
"RIL-1566","07","225244342",0,0
"RIL-1567","07","225273946",0,0
"RIL-1568","07","225331984",0.03,0.06
"RIL-1570","07","225442601",0.08,0.07
"RIL-1571","07","225450183",0.1,0.1
"RIL-1572","07","225522508",0.02,0.02
"RIL-1573","07","225588275",0.01,0
"RIL-1574","07","226878322",0,0.01
"RIL-1575","07","227088998",0.58,0.57
"RIL-1576","07","227101890",0.01,0
"RIL-1577","07","227203252",0.02,0
"RIL-1578","07","227529623",0,0
"RIL-1579","07","227531479",0,0
"RIL-1580","07","227643255",0,0.02
"RIL-1581","07","227784696",0.17,0.01
"RIL-1582","07","228055982",0.01,0.01
"RIL-1583","07","228081863",0.02,0.04
"RIL-1584","07","228142070",0.19,0.06
"RIL-1585","07","228152971",0.45,0.11
"RIL-1586","07","228550859",0.01,0.02
"RIL-1587","07","228618764",0.48,0.47
"RIL-1588","07","228653310",0,0.01
"RIL-1589","07","228674756",0,0.01
"RIL-1590","07","228683869",0.07,0.04
"RIL-1591","07","228733016",0.73,0.74
"RIL-1592","07","228796988",0.02,0.01
"RIL-1593","07","229046933",0,0
"RIL-1594","07","229187824",0,0
"RIL-1595","07","229291722",0.29,0.2
"RIL-1596","07","229296245",0.14,0.06
"RIL-1597","07","229430137",0.01,0
"RIL-1598","07","229449216",0,0
"RIL-1599","07","229626420",0,0
"RIL-1600","07","229632258",0.09,0.12
"RIL-1601","07","229965250",0,0
"RIL-1602","07","231102455",0.01,0.03
"RIL-2664","08","377297",0.02,0.03
"RIL-2665","08","379044",0.12,0
"RIL-2672","08","626978",0.09,0.1
"RIL-2673","08","638244",0.28,0.34
"RIL-2674","08","644887",0.2,0.03
"RIL-2675","08","655303",0.1,0.19
"RIL-2680","08","828672",0.09,0.01
"RIL-2441","08","1165515",0.43,0.08
"RIL-2657","08","2060159",0.19,0.15
"RIL-2658","08","2199901",0.38,0
"RIL-2659","08","2294367",0.18,0.01
"RIL-2660","08","2298611",0.41,0.17
"RIL-2661","08","2367990",0.93,0.68
"RIL-2662","08","3410094",0.58,0.57
"RIL-2663","08","3417658",0.15,0.23
"RIL-2432","08","10377283",0.32,0.25
"RIL-2654","08","15423520",0.76,0.46
"RIL-2655","08","18400489",0.48,0.08
"RIL-2656","08","18488753",0.11,0.11
"RIL-2666","08","39790511",0.1,0.02
"RIL-2667","08","42241658",0,0
"RIL-2668","08","42948380",0.29,0.39
"RIL-2669","08","50194772",0.2,0.04
"RIL-2670","08","50197835",0.36,0
"RIL-2671","08","54294873",0,0.02
"RIL-2676","08","73343481",0,0.01
"RIL-2677","08","79934506",0.09,0.28
"RIL-2678","08","79936766",0.74,0.38
"RIL-2679","08","81512927",0.03,0
"RIL-2681","08","86383514",0.04,0.01
"RIL-2682","08","87238622",0.13,0.01
"RIL-2683","08","88903696",0,0.11
"RIL-2684","08","97505280",0.15,0.02
"RIL-2433","08","110919391",0.13,0.16
"RIL-2434","08","111222389",0,0
"RIL-2435","08","111586866",0.01,0
"RIL-2436","08","112472612",0.07,0.03
"RIL-2437","08","112608853",0.05,0.04
"RIL-2438","08","114144840",0.01,0.02
"RIL-2439","08","114421060",0.63,0.82
"RIL-2440","08","115018398",0.21,0
"RIL-2442","08","117806398",0.1,0
"RIL-2443","08","119059059",0.82,0.01
"RIL-2444","08","120067198",0.1,0.11
"RIL-2445","08","120691941",0.02,0.01
"RIL-2446","08","121985139",0.33,0.36
"RIL-2447","08","122117792",0.32,0.07
"RIL-2448","08","122204219",0.37,0.25
"RIL-2449","08","122204706",0.09,0.2
"RIL-2450","08","122253509",0,0
"RIL-2451","08","122339408",0.43,0.31
"RIL-2452","08","122356911",0.86,0.77
"RIL-2453","08","122400031",0.01,0
"RIL-2454","08","122472790",0,0.01
"RIL-2455","08","122485177",0,0
"RIL-2456","08","122486692",0.01,0
"RIL-2457","08","122554442",0.05,0
"RIL-2458","08","122597786",0,0.01
"RIL-2459","08","122600796",0,0
"RIL-2460","08","122601309",0,0
"RIL-2461","08","122713313",0,0.02
"RIL-2462","08","122786015",0,0.05
"RIL-2463","08","122819668",0.22,0.1
"RIL-2464","08","122819987",0,0
"RIL-2465","08","123135853",0.57,0.5
"RIL-2466","08","123193816",0,0.01
"RIL-2467","08","123202007",0.6,0.76
"RIL-2468","08","123292930",0.88,0.85
"RIL-2469","08","123309014",0,0
"RIL-2470","08","123404974",0.82,0.06
"RIL-2471","08","123471704",0.02,0.01
"RIL-2472","08","123473035",0.28,0.34
"RIL-2473","08","123490300",0.75,0.48
"RIL-2474","08","123710190",0.67,0.8
"RIL-2475","08","123721062",0.3,0.06
"RIL-2476","08","123750821",0.01,0
"RIL-2477","08","123752037",0.01,0.01
"RIL-2478","08","123757195",0.19,0.16
"RIL-2479","08","123783056",0.51,0.11
"RIL-2480","08","123783455",0,0
"RIL-2481","08","123847329",0.1,0.09
"RIL-2482","08","123942258",0.06,0.01
"RIL-2483","08","123969236",0,0
"RIL-2484","08","123973435",0.56,0.33
"RIL-2485","08","124034605",0.04,0.01
"RIL-2486","08","124039484",0.21,0.01
"RIL-2487","08","124085854",0.02,0.05
"RIL-2488","08","124098975",0.09,0.43
"RIL-2489","08","124099418",0.22,0.15
"RIL-2490","08","124100516",0.13,0.08
"RIL-2491","08","124143625",0.04,0.15
"RIL-2492","08","124228644",0.02,0.03
"RIL-2493","08","124231028",0.07,0.02
"RIL-2494","08","124429803",0.02,0.04
"RIL-2495","08","124438389",0,0.03
"RIL-2496","08","124447061",0.01,0.04
"RIL-2497","08","124448136",0.45,0.47
"RIL-2498","08","124448459",0,0
"RIL-2499","08","124452803",0.18,0.06
"RIL-2500","08","124490731",0.44,0.03
"RIL-2501","08","124491633",0,0
"RIL-2502","08","124492419",0.01,0.01
"RIL-2503","08","124595024",0.01,0.03
"RIL-2504","08","124626664",0.04,0
"RIL-2505","08","124755010",0,0
"RIL-2506","08","124918971",0.04,0.02
"RIL-2507","08","124919580",0.05,0.1
"RIL-2508","08","125132278",0,0
"RIL-2509","08","125243527",0.08,0.04
"RIL-2510","08","125262485",0.03,0.05
"RIL-2511","08","125270769",0.06,0.1
"RIL-2512","08","125321842",0,0
"RIL-2513","08","125456418",0.01,0.08
"RIL-2514","08","125497938",0.11,0
"RIL-2515","08","125507971",0,0
"RIL-2516","08","125555725",0.01,0.06
"RIL-2517","08","125610443",0.08,0.08
"RIL-2518","08","126002702",0.88,0.88
"RIL-2519","08","126003674",0.01,0.01
"RIL-2520","08","126012603",0,0.01
"RIL-2521","08","126025165",0.02,0.01
"RIL-2522","08","126204215",0.09,0.13
"RIL-2523","08","126768807",0.11,0.03
"RIL-2524","08","127632501",0.02,0.05
"RIL-2525","08","127641594",0.05,0.01
"RIL-2526","08","127686360",0,0
"RIL-2527","08","127969337",0.03,0.13
"RIL-2528","08","128255595",0.1,0.36
"RIL-2529","08","128410219",0.4,0.63
"RIL-2530","08","129198085",0.25,0.39
"RIL-2531","08","129448543",0.61,0.27
"RIL-2532","08","132884963",0.98,0.97
"RIL-2533","08","135214626",0.47,0.25
"RIL-2534","08","135228934",0.06,0.15
"RIL-2535","08","135499489",0.16,0.16
"RIL-2536","08","135945306",0.03,0.01
"RIL-2537","08","135952554",0.27,0.07
"RIL-2538","08","135952930",0.15,0.01
"RIL-2539","08","135957505",0.19,0.11
"RIL-2540","08","135958345",0.03,0.01
"RIL-2541","08","136044213",0.02,0.03
"RIL-2542","08","136045747",0.01,0.02
"RIL-2543","08","136814041",0.5,0.61
"RIL-2544","08","136937967",0.16,0
"RIL-2545","08","137038015",0.09,0.14
"RIL-2546","08","137073307",0.17,0.1
"RIL-2547","08","137121718",0,0
"RIL-2548","08","137122229",0,0.03
"RIL-2549","08","137142923",0,0.06
"RIL-2550","08","137232604",0.06,0.15
"RIL-2551","08","137371395",0.15,0.15
"RIL-2552","08","137374485",0.1,0.03
"RIL-2553","08","137384363",0.91,0.91
"RIL-2554","08","137760811",0.01,0.01
"RIL-2555","08","137768315",0.04,0
"RIL-2556","08","137772322",0.02,0.01
"RIL-2557","08","137778560",0.02,0.01
"RIL-2558","08","137783846",0.06,0.02
"RIL-2559","08","137802933",0.04,0
"RIL-2560","08","137823094",0.07,0.07
"RIL-2561","08","137826112",0.46,0.3
"RIL-2562","08","137831577",0.01,0.01
"RIL-2563","08","137859373",0,0
"RIL-2564","08","137862018",0.01,0
"RIL-2565","08","137862759",0.62,0.54
"RIL-2566","08","137868624",0,0
"RIL-2567","08","137870783",0.41,0.1
"RIL-2568","08","137902840",0.4,0.06
"RIL-2569","08","137903202",0.16,0.15
"RIL-2570","08","137904034",0.51,0.18
"RIL-2571","08","137918585",0.04,0.01
"RIL-2572","08","138019157",0.07,0.02
"RIL-2573","08","138024379",0.35,0.1
"RIL-2574","08","138184697",0,0.01
"RIL-2575","08","138246006",0.11,0.16
"RIL-2576","08","138297203",0.21,0.15
"RIL-2577","08","138298144",0,0
"RIL-2578","08","138417878",0.07,0.14
"RIL-2579","08","138418127",0.02,0.01
"RIL-2580","08","138418445",0.17,0.02
"RIL-2581","08","138434181",0,0
"RIL-2582","08","138499599",0.95,0.62
"RIL-2583","08","138514211",0,0.01
"RIL-2584","08","138698814",0,0.01
"RIL-2585","08","138782144",0.01,0.01
"RIL-2586","08","138805202",0,0.02
"RIL-2587","08","138871973",0.71,0.65
"RIL-2588","08","138873106",0.4,0.67
"RIL-2589","08","139096237",0.75,0.5
"RIL-2590","08","139336016",0.03,0.03
"RIL-2591","08","139338769",0.03,0.01
"RIL-2592","08","139352159",0.05,0.02
"RIL-2593","08","139356209",0.32,0.47
"RIL-2594","08","139356763",0,0
"RIL-2595","08","139363578",0.03,0.01
"RIL-2596","08","139371166",0.73,0.44
"RIL-2597","08","139382597",0.04,0.1
"RIL-2598","08","139382959",0.11,0.06
"RIL-2599","08","139383496",0,0.01
"RIL-2600","08","139385330",0.76,0.28
"RIL-2601","08","139458061",0.01,0.01
"RIL-2602","08","139504978",0,0.01
"RIL-2603","08","139536749",0.03,0.01
"RIL-2604","08","139540159",0.1,0.08
"RIL-2605","08","139599502",0,0.01
"RIL-2606","08","139605321",0.2,0.23
"RIL-2607","08","139635402",0,0.01
"RIL-2608","08","139924657",0.93,0.94
"RIL-2609","08","139989768",0,0
"RIL-2610","08","140131260",0.46,0.33
"RIL-2611","08","140153172",0,0.01
"RIL-2612","08","140423789",0.08,0.12
"RIL-2613","08","140451353",0.01,0.01
"RIL-2614","08","140472436",0.01,0.05
"RIL-2615","08","140481355",0,0
"RIL-2616","08","140537708",0.03,0.04
"RIL-2617","08","140764837",0,0.01
"RIL-2618","08","140787843",0.77,0.85
"RIL-2619","08","141118051",0.51,0.31
"RIL-2620","08","141118381",0,0
"RIL-2621","08","141118664",0,0
"RIL-2622","08","141126929",0.06,0.03
"RIL-2623","08","141145669",0.07,0.04
"RIL-2624","08","141147849",0,0.01
"RIL-2625","08","141155370",0.02,0
"RIL-2626","08","141272747",0.13,0.01
"RIL-2627","08","141273653",0.01,0.12
"RIL-2628","08","141274597",0.11,0.06
"RIL-2629","08","141344053",0.02,0.11
"RIL-2630","08","141800384",0.01,0.01
"RIL-2631","08","141805018",0.13,0.12
"RIL-2632","08","141876297",0.01,0.02
"RIL-2633","08","142130545",0.01,0
"RIL-2634","08","142308990",0.1,0.12
"RIL-2635","08","142464142",0.23,0.32
"RIL-2636","08","142698929",0.09,0.06
"RIL-2637","08","142882933",0,0.01
"RIL-2638","08","142988382",0,0
"RIL-2639","08","142988600",0.01,0.04
"RIL-2640","08","143080222",0.07,0.12
"RIL-2641","08","143212879",0.04,0.02
"RIL-2642","08","143376266",0.02,0.03
"RIL-2643","08","143715768",0.21,0.01
"RIL-2644","08","143753122",0,0
"RIL-2645","08","143897988",0,0
"RIL-2646","08","144058763",0,0
"RIL-2647","08","144206961",0.07,0.01
"RIL-2648","08","144550406",0.01,0
"RIL-2649","08","144635822",0.93,0.6
"RIL-2650","08","144716324",0.16,0
"RIL-2651","08","144731733",0.48,0.09
"RIL-2652","08","144734638",0.24,0.06
"RIL-2653","08","144792844",0,0.02
"RIL-1751","09","682732",0.22,0.13
"RIL-1752","09","688141",0.03,0.05
"RIL-1754","09","711782",0,0
"RIL-1755","09","712842",0.01,0
"RIL-1757","09","714765",0,0.02
"RIL-1765","09","810679",0.01,0
"RIL-1676","09","1719168",0,0
"RIL-1683","09","1725288",0.34,0.06
"RIL-1690","09","1813453",0,0.03
"RIL-1691","09","1813852",0.04,0.02
"RIL-1717","09","2390739",0.15,0.08
"RIL-1718","09","2407781",0.42,0.2
"RIL-1719","09","2427646",0.48,0.62
"RIL-1720","09","2462082",0.03,0.04
"RIL-1727","09","3012457",0.27,0.17
"RIL-1731","09","3949076",0.14,0.13
"RIL-1742","09","6047079",0.06,0.05
"RIL-1743","09","6048764",0.1,0.07
"RIL-1744","09","6065935",0.26,0.21
"RIL-1773","09","8656881",0.02,0
"RIL-1775","09","8902676",0.23,0
"RIL-1777","09","8961230",0.46,0
"RIL-1779","09","8983090",0.05,0.04
"RIL-1780","09","8983927",0.1,0
"RIL-1629","09","10201853",0.1,0.25
"RIL-1630","09","10351777",0.09,0.01
"RIL-1631","09","10356753",0,0
"RIL-1632","09","10792888",0.07,0.04
"RIL-1636","09","12065352",0.02,0.02
"RIL-1671","09","16788628",0,0
"RIL-1699","09","18666093",0.05,0
"RIL-1707","09","20126356",0.01,0.01
"RIL-1711","09","22229964",0.56,0.46
"RIL-1714","09","22965625",0.61,0.51
"RIL-1716","09","23792331",0.15,0.1
"RIL-1725","09","25629120",0.46,0
"RIL-1726","09","25955899",0.45,0.03
"RIL-1728","09","30246487",0.21,0
"RIL-1729","09","34266413",0,0
"RIL-1730","09","37190266",0.03,0
"RIL-1732","09","46880947",0,0
"RIL-1733","09","49767291",0.24,0
"RIL-1734","09","50098634",0.23,0.02
"RIL-1735","09","50191157",0,0.01
"RIL-1736","09","50193640",0.02,0.02
"RIL-1737","09","50645197",0.27,0.04
"RIL-1738","09","59533392",0.06,0.22
"RIL-1739","09","59536647",0,0
"RIL-1740","09","59541133",0,0
"RIL-1741","09","59541399",0.13,0.01
"RIL-1745","09","63137366",0.01,0.01
"RIL-1746","09","64772405",0,0
"RIL-1747","09","64873429",0.04,0.02
"RIL-1748","09","64886119",0.22,0.28
"RIL-1749","09","65273240",0.13,0.09
"RIL-1750","09","66338807",0,0
"RIL-1753","09","69791942",0.11,0.03
"RIL-1756","09","71410027",0.01,0
"RIL-1758","09","72788044",0.08,0
"RIL-1759","09","74143725",0.89,0.74
"RIL-1760","09","75183724",0.01,0
"RIL-1761","09","75184054",0,0
"RIL-1762","09","75781812",0.37,0.61
"RIL-1763","09","77153688",0,0
"RIL-1764","09","80984974",0.01,0.02
"RIL-1766","09","82392358",0,0
"RIL-1767","09","83571441",0,0.02
"RIL-1768","09","83571694",0.01,0.01
"RIL-1769","09","84607881",0.02,0
"RIL-1770","09","84626058",0,0
"RIL-1771","09","84628501",0,0
"RIL-1772","09","84629910",0,0
"RIL-1774","09","86952625",0.01,0
"RIL-1776","09","89477858",0.39,0.1
"RIL-1778","09","89628814",0.1,0.02
"RIL-1633","09","110095583",0.03,0.02
"RIL-1634","09","113496287",0.43,0.26
"RIL-1635","09","113497099",0,0
"RIL-1637","09","127701185",0.01,0
"RIL-1638","09","127921710",0,0
"RIL-1639","09","128210429",0.02,0.01
"RIL-1640","09","128639999",0.1,0.08
"RIL-1641","09","128855742",0.12,0.02
"RIL-1642","09","131130535",0.02,0
"RIL-1643","09","135493901",0.08,0.06
"RIL-1644","09","136444681",0.1,0.06
"RIL-1645","09","137658454",0.17,0.26
"RIL-1646","09","144398301",0.77,0.87
"RIL-1647","09","144403262",0.34,0.25
"RIL-1648","09","144847715",0.08,0.03
"RIL-1649","09","147972623",0.63,0.83
"RIL-1650","09","149257865",0,0
"RIL-1651","09","149592222",0.08,0.08
"RIL-1652","09","150830675",0,0.02
"RIL-1653","09","150842498",0.07,0.03
"RIL-1654","09","151952839",0.01,0
"RIL-1655","09","152299090",0,0
"RIL-1656","09","153393907",0.07,0
"RIL-1657","09","154174071",0,0.01
"RIL-1658","09","154625998",0,0
"RIL-1659","09","154717539",0,0
"RIL-1660","09","154723602",0,0
"RIL-1661","09","155103185",0,0
"RIL-1662","09","155407537",0.01,0.03
"RIL-1663","09","157707957",0,0
"RIL-1664","09","157711044",0.03,0.06
"RIL-1665","09","157713762",0,0.01
"RIL-1666","09","158998162",0,0
"RIL-1667","09","161850210",0,0.01
"RIL-1668","09","162397218",0.01,0
"RIL-1669","09","164514575",0.17,0.33
"RIL-1670","09","167050244",0.24,0.39
"RIL-1672","09","169434959",0,0.01
"RIL-1673","09","169437197",0,0
"RIL-1674","09","171228748",0,0.01
"RIL-1675","09","171229626",0.24,0.04
"RIL-1677","09","172121385",0,0
"RIL-1678","09","172122274",0,0
"RIL-1679","09","172129468",0,0
"RIL-1680","09","172494680",0.16,0.22
"RIL-1681","09","172496205",0,0
"RIL-1682","09","172499026",0,0.02
"RIL-1684","09","173449755",0.01,0
"RIL-1685","09","173658744",0.02,0.03
"RIL-1686","09","174850549",0.01,0.07
"RIL-1687","09","175811962",0,0
"RIL-1688","09","176453860",0,0
"RIL-1689","09","176622808",0,0
"RIL-1692","09","183410379",0,0
"RIL-1693","09","183850878",0,0
"RIL-1694","09","183853477",0.05,0.04
"RIL-1695","09","183854123",0,0
"RIL-1696","09","183876280",0.92,0.18
"RIL-1697","09","184566082",0.01,0
"RIL-1698","09","185833076",0,0
"RIL-1700","09","188012580",0,0
"RIL-1701","09","188016042",0.19,0.04
"RIL-1702","09","191672020",0,0
"RIL-1703","09","191672403",0,0
"RIL-1704","09","191779334",0,0
"RIL-1705","09","194607276",0,0
"RIL-1706","09","195602040",0,0
"RIL-1708","09","202394129",0.25,0
"RIL-1709","09","220973805",0.05,0.03
"RIL-1710","09","221355521",0.46,0.5
"RIL-1712","09","223492976",0,0
"RIL-1713","09","223988809",0,0
"RIL-1715","09","235895759",0.05,0
"RIL-1721","09","246553320",0.16,0.18
"RIL-1722","09","248083014",0.13,0.15
"RIL-1723","09","248678176",0.51,0.18
"RIL-1724","09","249593536",0.01,0.01
"RIL-1803","10","158066",0,0.03
"RIL-1804","10","158315",0,0.01
"RIL-1805","10","158866",0.38,0.38
"RIL-1965","10","264957",0.26,0.04
"RIL-2004","10","834709",0.12,0.04
"RIL-2005","10","836656",0.01,0.01
"RIL-1802","10","1526199",0,0
"RIL-1806","10","1594244",0.08,0.13
"RIL-1808","10","1658463",0,0
"RIL-1811","10","1679832",0,0.02
"RIL-1812","10","1683018",0.29,0.31
"RIL-1823","10","1786227",0.08,0.03
"RIL-1824","10","1795090",0.01,0.01
"RIL-1825","10","1821598",0.16,0.07
"RIL-1864","10","2135798",0.02,0.02
"RIL-1865","10","2136164",0.17,0.06
"RIL-1867","10","2149679",0.03,0.23
"RIL-1871","10","2165983",0,0
"RIL-1941","10","2302020",0.41,0.62
"RIL-1966","10","3008603",0,0
"RIL-1967","10","3041669",0,0
"RIL-1968","10","3055584",0.5,0.11
"RIL-1974","10","3315715",0.2,0.1
"RIL-1976","10","3354565",0,0
"RIL-1978","10","3831756",0.1,0.02
"RIL-1979","10","3833578",0.22,0.03
"RIL-1980","10","3879910",0,0.03
"RIL-1981","10","3892301",0.04,0.06
"RIL-1982","10","4089100",0.04,0
"RIL-1990","10","5100788",0.02,0.03
"RIL-1991","10","5116539",0,0.01
"RIL-1993","10","5251428",0,0
"RIL-1994","10","5251676",0.01,0
"RIL-1995","10","5253468",0.01,0.01
"RIL-1999","10","6718979",0,0.01
"RIL-2000","10","6719490",0,0.01
"RIL-2003","10","8069300",0.05,0.03
"RIL-2006","10","9451096",0,0.04
"RIL-2007","10","9451345",0.36,0.07
"RIL-2008","10","9453418",0.09,0.05
"RIL-1781","10","10749866",0.1,0.08
"RIL-1788","10","11212887",0,0.01
"RIL-1790","10","11363546",0,0
"RIL-1791","10","11647616",0,0
"RIL-1792","10","12322049",0.05,0.01
"RIL-1793","10","12363726",0.26,0.08
"RIL-1795","10","12836904",0.01,0
"RIL-1799","10","14222430",0.41,0.16
"RIL-1800","10","14223128",0.03,0.08
"RIL-1816","10","17184811",0,0
"RIL-1817","10","17189765",0.06,0.07
"RIL-1835","10","19080197",0,0
"RIL-1843","10","19950827",0.27,0.26
"RIL-1848","10","20014445",0.05,0.12
"RIL-1854","10","20245091",0.74,0.4
"RIL-1907","10","22397736",0.01,0
"RIL-1964","10","23784574",0.01,0
"RIL-1969","10","31071693",0.12,0.26
"RIL-1970","10","31073727",0.02,0
"RIL-1971","10","31676315",0,0
"RIL-1972","10","31971962",0.54,0.44
"RIL-1973","10","32307679",0.02,0
"RIL-1975","10","33192042",0.04,0.03
"RIL-1977","10","34178053",0,0
"RIL-1983","10","45782115",0.01,0.04
"RIL-1984","10","45839821",0.01,0.03
"RIL-1985","10","46112136",0.06,0.24
"RIL-1986","10","46722016",0.01,0.03
"RIL-1987","10","46956786",0.91,0.84
"RIL-1988","10","48523253",0.02,0.11
"RIL-1989","10","50743849",0,0
"RIL-1992","10","52399822",0.01,0.03
"RIL-1996","10","55042141",0.3,0.35
"RIL-1997","10","59259408",0,0
"RIL-1998","10","61013173",0.16,0.14
"RIL-2001","10","68297074",0.45,0.46
"RIL-2002","10","74032512",0,0
"RIL-1782","10","109626331",0.01,0.03
"RIL-1783","10","109626799",0.12,0.25
"RIL-1784","10","109642495",0.01,0
"RIL-1785","10","110750578",0.01,0
"RIL-1786","10","110865842",0.01,0
"RIL-1787","10","111258404",0,0
"RIL-1789","10","112664072",0.03,0.05
"RIL-1794","10","127038464",0,0
"RIL-1796","10","129248869",0,0.05
"RIL-1797","10","139543496",0,0
"RIL-1798","10","141936471",0,0.01
"RIL-1801","10","143601623",0,0
"RIL-1807","10","164757153",0.08,0
"RIL-1809","10","166167156",0.13,0.16
"RIL-1810","10","167007657",0.06,0
"RIL-1813","10","169805840",0.01,0
"RIL-1814","10","170965820",0.08,0.01
"RIL-1815","10","170979348",0.27,0.36
"RIL-1818","10","172740873",0,0
"RIL-1819","10","172742408",0,0
"RIL-1820","10","173117134",0,0
"RIL-1821","10","175554795",0.02,0.04
"RIL-1822","10","176560160",0.03,0
"RIL-1826","10","182216283",0.01,0.02
"RIL-1827","10","182467652",0.05,0
"RIL-1828","10","184978674",0.03,0.04
"RIL-1829","10","186129880",0,0
"RIL-1830","10","186328558",0.15,0.28
"RIL-1831","10","187755577",0.21,0
"RIL-1832","10","188174712",0,0.03
"RIL-1833","10","188337162",0.02,0.02
"RIL-1834","10","188567062",0.02,0
"RIL-1836","10","191299498",0.01,0.02
"RIL-1837","10","193727501",0,0
"RIL-1838","10","193763288",0,0
"RIL-1839","10","194892015",0.01,0
"RIL-1840","10","194974588",0.06,0
"RIL-1841","10","195586229",0.04,0.01
"RIL-1842","10","196571402",0.04,0.01
"RIL-1844","10","199685454",0.43,0.71
"RIL-1845","10","199701638",0.02,0.02
"RIL-1846","10","199702550",0.62,0.2
"RIL-1847","10","200120414",0,0
"RIL-1849","10","200313819",0.99,0.06
"RIL-1850","10","200444548",0.06,0
"RIL-1851","10","200560288",0.05,0.01
"RIL-1852","10","201405199",0.05,0.07
"RIL-1853","10","201405417",0,0
"RIL-1855","10","202543028",0.28,0.05
"RIL-1856","10","202643911",0.01,0.03
"RIL-1857","10","204741866",0.04,0.01
"RIL-1858","10","205839794",0.03,0.03
"RIL-1859","10","207029427",0.01,0.04
"RIL-1860","10","207399266",0.01,0.01
"RIL-1861","10","207400098",0,0.02
"RIL-1862","10","212064973",0.03,0.01
"RIL-1863","10","212675144",0.01,0
"RIL-1866","10","214814062",0.01,0.06
"RIL-1868","10","214984838",0,0
"RIL-1869","10","215935864",0.96,0.14
"RIL-1870","10","215940061",0.01,0.01
"RIL-1872","10","217429184",0,0
"RIL-1873","10","217444848",0.08,0
"RIL-1874","10","217523017",0,0
"RIL-1875","10","218177953",0.11,0
"RIL-1876","10","218196510",0.12,0.01
"RIL-1877","10","218202798",0.02,0.08
"RIL-1878","10","218268596",0.39,0.14
"RIL-1879","10","218307758",0.22,0.03
"RIL-1880","10","219916246",0.06,0.09
"RIL-1881","10","219975369",0,0
"RIL-1882","10","219979806",0,0.01
"RIL-1883","10","219980202",0.02,0
"RIL-1884","10","220039794",0,0
"RIL-1885","10","220061247",0,0
"RIL-1886","10","220061771",0.1,0.11
"RIL-1887","10","220166520",0,0
"RIL-1888","10","220493975",0,0
"RIL-1889","10","220494452",0.02,0.01
"RIL-1890","10","220525635",0,0
"RIL-1891","10","220968808",0.01,0
"RIL-1892","10","220983619",0.62,0
"RIL-1893","10","220984749",0.05,0
"RIL-1894","10","221022148",0.01,0
"RIL-1895","10","221068600",0.22,0
"RIL-1896","10","221069202",0.08,0.01
"RIL-1897","10","221099751",0.04,0
"RIL-1898","10","221100620",0.51,0.02
"RIL-1899","10","221297948",0,0
"RIL-1900","10","221955646",0.36,0.31
"RIL-1901","10","221955957",0.07,0.02
"RIL-1902","10","222132316",0.09,0
"RIL-1903","10","222265468",0,0.01
"RIL-1904","10","222522116",0,0.01
"RIL-1905","10","223493507",0.01,0.01
"RIL-1906","10","223675840",0,0.07
"RIL-1908","10","223994194",0,0
"RIL-1909","10","224091913",0.51,0.49
"RIL-1910","10","224647387",0.08,0
"RIL-1911","10","225290327",0.03,0.03
"RIL-1912","10","225376118",0.13,0.05
"RIL-1913","10","225534438",0.26,0.44
"RIL-1914","10","225573824",0.48,0.4
"RIL-1915","10","225599755",0,0
"RIL-1916","10","225602557",0,0.02
"RIL-1917","10","225604004",0.03,0.1
"RIL-1918","10","226749323",0.27,0
"RIL-1919","10","226760517",0,0
"RIL-1920","10","226926778",0,0
"RIL-1921","10","226945032",0,0
"RIL-1922","10","226962999",0.01,0
"RIL-1923","10","226971998",0.03,0
"RIL-1924","10","226983731",0.01,0
"RIL-1925","10","226985985",0.23,0.04
"RIL-1926","10","227028883",0,0
"RIL-1927","10","227215221",0.02,0.07
"RIL-1928","10","227412444",0.02,0.01
"RIL-1929","10","228040242",0.03,0.01
"RIL-1930","10","228040485",0,0.04
"RIL-1931","10","228068997",0,0
"RIL-1932","10","228547692",0.03,0.05
"RIL-1933","10","228819222",0,0
"RIL-1934","10","229578256",0.35,0.35
"RIL-1935","10","229626975",0,0
"RIL-1936","10","229768648",0.01,0
"RIL-1937","10","229843959",0.03,0.01
"RIL-1938","10","229954248",0.01,0.03
"RIL-1939","10","230100178",0.01,0.01
"RIL-1940","10","230131669",0.25,0.07
"RIL-1942","10","230218050",0.01,0.01
"RIL-1943","10","230321740",0.07,0.04
"RIL-1944","10","230670635",0.09,0.1
"RIL-1945","10","230670983",0.07,0.05
"RIL-1946","10","230915737",0.16,0.01
"RIL-1947","10","231065870",0.64,0.72
"RIL-1948","10","231076455",0.17,0
"RIL-1949","10","231145824",0.02,0
"RIL-1950","10","231272058",0.08,0.01
"RIL-1951","10","231712155",0.01,0.04
"RIL-1952","10","231812180",0.46,0.11
"RIL-1953","10","231815287",0.26,0.2
"RIL-1954","10","231946586",0.27,0.03
"RIL-1955","10","232055640",0,0
"RIL-1956","10","232244725",0.31,0.03
"RIL-1957","10","232420963",0.15,0.03
"RIL-1958","10","232703309",0.05,0.03
"RIL-1959","10","233080443",0.25,0.34
"RIL-1960","10","233090438",0,0
"RIL-1961","10","233339914",0.83,0.81
"RIL-1962","10","233356292",0.51,0.5
"RIL-1963","10","233357242",0.23,0.21
"RIL-2024","11","140521",0.15,0.12
"RIL-2026","11","145261",0.09,0.21
"RIL-2027","11","145507",0.01,0.02
"RIL-2102","11","235505",0,0
"RIL-2166","11","326919",0.16,0.29
"RIL-2168","11","349851",0.06,0.02
"RIL-2208","11","865875",0.08,0.04
"RIL-2014","11","1091250",0,0
"RIL-2016","11","1135811",0.15,0.27
"RIL-2037","11","1589615",0.02,0
"RIL-2038","11","1612415",0.26,0.07
"RIL-2039","11","1612750",0.01,0
"RIL-2061","11","1965855",0,0.05
"RIL-2167","11","3434262",0,0.05
"RIL-2171","11","3996298",0.21,0.32
"RIL-2172","11","3997887",0,0
"RIL-2178","11","5497024",0.85,0.09
"RIL-2179","11","5498647",0.12,0.02
"RIL-2183","11","6356637",0,0
"RIL-2188","11","7651971",0,0
"RIL-2189","11","7654258",0.03,0.05
"RIL-2191","11","7721460",0,0
"RIL-2192","11","7743887",0.01,0.01
"RIL-2194","11","7890946",0.75,0.67
"RIL-2195","11","7927006",0.07,0.09
"RIL-2196","11","8008105",0.37,0.28
"RIL-2197","11","8026598",0.14,0.08
"RIL-2198","11","8026946",0,0.02
"RIL-2199","11","8049433",0.1,0.08
"RIL-2200","11","8049785",0,0.01
"RIL-2201","11","8070319",0,0.01
"RIL-2202","11","8096402",0,0
"RIL-2209","11","9062782",0.01,0.03
"RIL-2009","11","10090134",0.01,0.06
"RIL-2010","11","10096776",0.01,0.01
"RIL-2015","11","11287405",0.04,0.04
"RIL-2017","11","12870683",0.01,0
"RIL-2018","11","12871530",0,0
"RIL-2019","11","12871798",0.01,0
"RIL-2020","11","13003979",0,0.01
"RIL-2025","11","14501439",0.55,0.54
"RIL-2028","11","14664700",0,0
"RIL-2029","11","14670307",0.03,0.03
"RIL-2030","11","14690650",0.37,0.18
"RIL-2031","11","14770216",0,0
"RIL-2032","11","14896721",0.01,0.04
"RIL-2033","11","14898325",0,0
"RIL-2034","11","14912684",0.02,0
"RIL-2035","11","15126263",0,0
"RIL-2036","11","15231266",0,0.01
"RIL-2040","11","16343738",0.02,0.01
"RIL-2041","11","17704682",0.52,0.46
"RIL-2044","11","18402600",0.03,0.05
"RIL-2051","11","19017595",0.01,0.02
"RIL-2064","11","19981447",0.2,0.01
"RIL-2067","11","20102083",0.04,0.03
"RIL-2068","11","20102377",0.01,0
"RIL-2072","11","21310980",0,0
"RIL-2073","11","21321798",0.33,0.47
"RIL-2076","11","21547996",0.38,0.13
"RIL-2078","11","21693299",0.17,0.01
"RIL-2088","11","22576351",0,0
"RIL-2093","11","22629538",0.02,0.04
"RIL-2094","11","22763782",0,0
"RIL-2095","11","22884145",0.66,0.1
"RIL-2107","11","24376340",0.01,0.01
"RIL-2162","11","28613967",0.12,0.01
"RIL-2163","11","28836602",0,0
"RIL-2164","11","28836885",0.01,0.02
"RIL-2165","11","31334324",0.85,0.75
"RIL-2169","11","37049881",0.12,0.04
"RIL-2170","11","37698958",0.11,0.01
"RIL-2173","11","43449127",0,0.01
"RIL-2174","11","46519364",1,0.93
"RIL-2175","11","48018883",0.05,0.04
"RIL-2176","11","49033520",0,0
"RIL-2177","11","53200747",0.1,0.03
"RIL-2180","11","55525984",0,0
"RIL-2181","11","55737225",0.01,0
"RIL-2182","11","60556612",0,0
"RIL-2184","11","65786196",0.09,0.02
"RIL-2185","11","66071729",0.1,0.03
"RIL-2186","11","66092626",0,0
"RIL-2187","11","70114833",0.86,0.75
"RIL-2190","11","76860099",0,0
"RIL-2193","11","77970098",0,0
"RIL-2203","11","83594574",0,0
"RIL-2204","11","83934722",0,0
"RIL-2205","11","83934956",0.06,0.01
"RIL-2206","11","85916627",0.03,0
"RIL-2207","11","85916887",0.01,0.01
"RIL-2011","11","106309029",0,0
"RIL-2012","11","107945546",0,0
"RIL-2013","11","107951847",0,0
"RIL-2021","11","132524740",0.28,0.15
"RIL-2022","11","133032211",0,0.01
"RIL-2023","11","134617203",0.38,0.01
"RIL-2042","11","179809715",0,0
"RIL-2043","11","180561412",0,0
"RIL-2045","11","186475737",0,0
"RIL-2046","11","187794461",0,0
"RIL-2047","11","188302783",0.01,0
"RIL-2048","11","188308783",0.01,0.04
"RIL-2049","11","188415118",0.02,0.01
"RIL-2050","11","188415798",0,0
"RIL-2052","11","190361978",0.03,0.03
"RIL-2053","11","191554750",0,0
"RIL-2054","11","191873244",0.03,0.02
"RIL-2055","11","191917170",0.01,0.05
"RIL-2056","11","193301243",0,0
"RIL-2057","11","193306413",0.02,0
"RIL-2058","11","194219501",0.12,0.32
"RIL-2059","11","195720968",0,0
"RIL-2060","11","195734474",0,0
"RIL-2062","11","197352240",0.02,0
"RIL-2063","11","197355428",0.01,0.01
"RIL-2065","11","200135390",0,0
"RIL-2066","11","200872896",0,0
"RIL-2069","11","201330690",0.03,0.11
"RIL-2070","11","210646858",0.16,0.21
"RIL-2071","11","213082467",0,0
"RIL-2074","11","213372797",0,0
"RIL-2075","11","215402977",0.3,0.34
"RIL-2077","11","216575756",0,0
"RIL-2079","11","217061817",0,0.02
"RIL-2080","11","217708969",0,0
"RIL-2081","11","220085406",0,0
"RIL-2082","11","220215250",0.41,0.04
"RIL-2083","11","223203597",0.05,0
"RIL-2084","11","223307936",0.02,0
"RIL-2085","11","223946438",0.25,0.26
"RIL-2086","11","224348271",0.01,0
"RIL-2087","11","224656978",0.04,0.05
"RIL-2089","11","225957696",0,0
"RIL-2090","11","226253082",0.03,0.13
"RIL-2091","11","226273590",0.03,0.09
"RIL-2092","11","226295032",0.27,0.2
"RIL-2096","11","229037520",0.11,0.03
"RIL-2097","11","229046525",0.01,0
"RIL-2098","11","229520648",0,0
"RIL-2099","11","229618295",0.05,0.15
"RIL-2100","11","229668165",0.06,0.1
"RIL-2101","11","234454782",0.06,0.07
"RIL-2103","11","236684358",0.01,0
"RIL-2104","11","236848028",0.23,0.03
"RIL-2105","11","237635265",0,0.01
"RIL-2106","11","239393133",0,0
"RIL-2108","11","244242314",0.66,0.64
"RIL-2109","11","244338974",0.13,0.06
"RIL-2110","11","244343272",0.02,0.06
"RIL-2111","11","244348604",0.08,0
"RIL-2112","11","246162184",0.58,0.51
"RIL-2113","11","246446783",0.16,0.5
"RIL-2114","11","249145276",0.28,0.01
"RIL-2115","11","249462723",0.06,0
"RIL-2116","11","249907370",0.1,0.13
"RIL-2117","11","249944681",0.11,0.09
"RIL-2118","11","249970180",0.48,0.24
"RIL-2119","11","250092873",0.02,0.01
"RIL-2120","11","250146206",0.11,0.12
"RIL-2121","11","251918036",0,0
"RIL-2122","11","252944999",0.67,0.02
"RIL-2123","11","253241209",0.3,0.24
"RIL-2124","11","253275216",0.95,0.95
"RIL-2125","11","253278150",0.51,0.62
"RIL-2126","11","253366675",0.69,0.27
"RIL-2127","11","254524121",0.02,0.03
"RIL-2128","11","254564639",0.07,0.05
"RIL-2129","11","254877872",0.12,0.21
"RIL-2130","11","255413433",0.08,0.18
"RIL-2131","11","255438945",0.08,0.02
"RIL-2132","11","255675265",0.05,0.19
"RIL-2133","11","255688748",0.25,0.3
"RIL-2134","11","255704207",0.16,0.36
"RIL-2135","11","255741718",0,0
"RIL-2136","11","256802459",0,0
"RIL-2137","11","257126260",0.2,0.28
"RIL-2138","11","257140985",0.16,0.2
"RIL-2139","11","257186315",0,0
"RIL-2140","11","257198063",0.06,0.06
"RIL-2141","11","257198659",0.03,0.02
"RIL-2142","11","257481962",0.04,0.02
"RIL-2143","11","257611781",0,0
"RIL-2144","11","257622574",0,0
"RIL-2145","11","257637270",0,0.03
"RIL-2146","11","257688982",0,0
"RIL-2147","11","257707264",0,0
"RIL-2148","11","257709902",0.28,0.03
"RIL-2149","11","257771692",0,0.02
"RIL-2150","11","257867846",0.01,0.06
"RIL-2151","11","257876334",0,0.02
"RIL-2152","11","257898848",0,0
"RIL-2153","11","257899153",0,0.01
"RIL-2154","11","257901078",0,0.01
"RIL-2155","11","257919491",0.18,0.01
"RIL-2156","11","257926248",0.01,0
"RIL-2157","11","258299482",0.04,0.01
"RIL-2158","11","258318502",0.01,0
"RIL-2159","11","258361068",0.07,0.16
"RIL-2160","11","258926502",0.93,0.77
"RIL-2161","11","259493080",0.21,0.24
"RIL-2224","12","17260",0.03,0.01
"RIL-2427","12","86993",0.42,0.44
"RIL-2360","12","354479",0.06,0.22
"RIL-2362","12","363821",0.3,0.38
"RIL-2363","12","364905",0.06,0.28
"RIL-2303","12","2303916",0,0
"RIL-2340","12","2359130",0.18,0.07
"RIL-2345","12","2581089",0.28,0.27
"RIL-2346","12","2607491",0.34,0
"RIL-2347","12","2708187",0.12,0.06
"RIL-2348","12","2761962",0.41,0.43
"RIL-2349","12","2764417",0.13,0.06
"RIL-2354","12","3314076",0.01,0.01
"RIL-2373","12","3939504",0.01,0.08
"RIL-2374","12","3961147",0.01,0
"RIL-2377","12","4108734",0,0
"RIL-2378","12","4191753",0,0
"RIL-2382","12","4319845",0,0
"RIL-2383","12","4417450",0.54,0.6
"RIL-2385","12","4550774",0.02,0.03
"RIL-2386","12","4599129",0.15,0.11
"RIL-2387","12","4661908",0,0
"RIL-2390","12","4801279",0.02,0.02
"RIL-2391","12","4858481",0.22,0.35
"RIL-2392","12","4861503",0.01,0.01
"RIL-2396","12","4997273",0,0
"RIL-2397","12","5003687",0.02,0.01
"RIL-2398","12","5279310",0.19,0.03
"RIL-2399","12","5281020",0,0
"RIL-2400","12","5307415",0.13,0.07
"RIL-2402","12","5497059",0.49,0.48
"RIL-2404","12","5761927",0.04,0.02
"RIL-2405","12","5762179",0.68,0.32
"RIL-2406","12","5960504",0,0.01
"RIL-2407","12","6186867",0.15,0.18
"RIL-2408","12","6190950",0.02,0.02
"RIL-2409","12","6226307",0,0.01
"RIL-2410","12","6229834",0.31,0.03
"RIL-2411","12","6252817",0,0
"RIL-2414","12","6603000",0.04,0.12
"RIL-2415","12","6610459",0.06,0.07
"RIL-2416","12","6909586",0.12,0
"RIL-2417","12","6938036",0.2,0.2
"RIL-2418","12","6969477",0.04,0
"RIL-2419","12","7436411",0.11,0.08
"RIL-2420","12","7436633",0.01,0.03
"RIL-2421","12","7717138",0.04,0
"RIL-2422","12","7807556",0.19,0.25
"RIL-2423","12","7941005",0,0
"RIL-2424","12","8026088",0.09,0.11
"RIL-2425","12","8116056",0.32,0.03
"RIL-2426","12","8409609",0.28,0.35
"RIL-2430","12","9877399",0,0
"RIL-2431","12","9938393",0,0
"RIL-2210","12","10070737",0.01,0
"RIL-2211","12","10075863",0.01,0
"RIL-2212","12","11017645",0,0.01
"RIL-2213","12","11021853",0.11,0.22
"RIL-2214","12","11417243",0,0
"RIL-2216","12","12800123",0,0
"RIL-2217","12","13620237",0.01,0
"RIL-2218","12","13689937",0,0.01
"RIL-2220","12","15731091",0,0.01
"RIL-2222","12","16833347",0,0
"RIL-2223","12","17203050",0.12,0.01
"RIL-2225","12","18021654",0,0
"RIL-2227","12","18180135",0,0.02
"RIL-2239","12","20067981",0.73,0.02
"RIL-2240","12","20070788",0.01,0.03
"RIL-2241","12","20098466",0.85,0.31
"RIL-2244","12","20229987",0,0
"RIL-2245","12","20231311",0.04,0.02
"RIL-2246","12","20460156",0,0
"RIL-2247","12","20469712",0.11,0
"RIL-2262","12","22211427",0.02,0.01
"RIL-2269","12","22366852",0.06,0.04
"RIL-2270","12","22367636",0,0.01
"RIL-2271","12","22445179",0.01,0
"RIL-2272","12","22461130",0,0
"RIL-2274","12","22480817",0.5,0.16
"RIL-2275","12","22483153",0.02,0.07
"RIL-2276","12","22483398",0,0
"RIL-2279","12","22515261",0.1,0
"RIL-2280","12","22533857",0.29,0.54
"RIL-2281","12","22534733",0,0
"RIL-2286","12","22644617",0.17,0.21
"RIL-2296","12","22807106",0,0
"RIL-2302","12","23007825",0.07,0.05
"RIL-2314","12","23207254",0.11,0.02
"RIL-2315","12","23295409",0.16,0
"RIL-2317","12","23318206",0.01,0
"RIL-2341","12","23817202",0.01,0
"RIL-2342","12","24021667",0,0
"RIL-2343","12","24076034",0.09,0.07
"RIL-2344","12","24422306",0.05,0.02
"RIL-2350","12","32189637",0.01,0
"RIL-2351","12","32469023",0.02,0.02
"RIL-2352","12","32632995",0,0.03
"RIL-2353","12","32635115",0,0.07
"RIL-2355","12","33461553",0,0
"RIL-2356","12","33464021",0.01,0.02
"RIL-2357","12","33498980",0,0
"RIL-2358","12","34248679",0,0
"RIL-2359","12","35413130",0.1,0.16
"RIL-2361","12","35588779",0.36,0.49
"RIL-2364","12","36860685",0,0
"RIL-2365","12","37058511",0,0
"RIL-2366","12","37060483",0,0
"RIL-2367","12","37061252",0.03,0.05
"RIL-2368","12","37067814",0.62,0.34
"RIL-2369","12","37068751",0,0.01
"RIL-2370","12","37106311",0.14,0.04
"RIL-2371","12","37110531",0.09,0.08
"RIL-2372","12","37208764",0,0
"RIL-2375","12","40432353",0.1,0.24
"RIL-2376","12","40498834",0.64,0.09
"RIL-2379","12","42263667",0.01,0.02
"RIL-2380","12","42271654",0.67,0.01
"RIL-2381","12","42276902",0.14,0.02
"RIL-2384","12","44300801",0,0.01
"RIL-2388","12","47158241",0,0.02
"RIL-2389","12","47681437",0.03,0.01
"RIL-2393","12","48874148",0.02,0
"RIL-2394","12","48874450",0,0.04
"RIL-2395","12","48893457",0,0
"RIL-2401","12","53142502",0.01,0
"RIL-2403","12","55435376",0.01,0.04
"RIL-2412","12","64140166",0,0.02
"RIL-2413","12","64593149",0,0
"RIL-2428","12","89920581",0.01,0.01
"RIL-2429","12","94945788",0.04,0.13
"RIL-2215","12","115523626",0.4,0.51
"RIL-2219","12","138238269",0.17,0.09
"RIL-2221","12","163528948",0.12,0.05
"RIL-2226","12","180959803",0,0
"RIL-2228","12","189790493",0,0.05
"RIL-2229","12","190002175",0.05,0.01
"RIL-2230","12","195824166",0,0
"RIL-2231","12","196003688",0.02,0.06
"RIL-2232","12","196010335",0.43,0.29
"RIL-2233","12","196468013",0.09,0.02
"RIL-2234","12","197692395",0.11,0.05
"RIL-2235","12","198523468",0.01,0.05
"RIL-2236","12","199181972",0.03,0
"RIL-2237","12","199830374",0.97,0.08
"RIL-2238","12","200383494",0.01,0.03
"RIL-2242","12","201461654",0.03,0.01
"RIL-2243","12","201791949",0.01,0.03
"RIL-2248","12","208342721",0.05,0.02
"RIL-2249","12","210675232",0.01,0
"RIL-2250","12","210748007",0.03,0.01
"RIL-2251","12","210769727",0.35,0.07
"RIL-2252","12","215185317",0.02,0
"RIL-2253","12","215997595",0,0
"RIL-2254","12","216345477",0.01,0.01
"RIL-2255","12","217621884",0,0
"RIL-2256","12","217995415",0.01,0
"RIL-2257","12","218122045",0.55,0.13
"RIL-2258","12","218122588",0.24,0.01
"RIL-2259","12","218254700",0.26,0.18
"RIL-2260","12","220695357",0.07,0.02
"RIL-2261","12","220903629",0.02,0
"RIL-2263","12","222259058",0.01,0
"RIL-2264","12","222259832",0.09,0.01
"RIL-2265","12","222296410",0.03,0.04
"RIL-2266","12","222327436",0.07,0.06
"RIL-2267","12","222328210",0.02,0.01
"RIL-2268","12","223058048",0,0
"RIL-2273","12","224731584",0.01,0
"RIL-2277","12","224957189",0,0
"RIL-2278","12","225133151",0.01,0.02
"RIL-2282","12","225934834",0.01,0
"RIL-2283","12","226017412",0.37,0.4
"RIL-2284","12","226039550",0.35,0.35
"RIL-2285","12","226393618",0,0.01
"RIL-2287","12","226511303",0.08,0.08
"RIL-2288","12","226651775",0.16,0.18
"RIL-2289","12","226660497",0.02,0.01
"RIL-2290","12","226662244",0.03,0
"RIL-2291","12","226804908",0.81,0.39
"RIL-2292","12","227728874",0.04,0
"RIL-2293","12","227950666",0,0
"RIL-2294","12","228017328",0.75,0.65
"RIL-2295","12","228018616",0.02,0.01
"RIL-2297","12","228640677",0.01,0.01
"RIL-2298","12","228838225",0,0.01
"RIL-2299","12","229255535",0,0
"RIL-2300","12","229280330",0,0
"RIL-2301","12","229281969",0,0.02
"RIL-2304","12","231284826",0.17,0.04
"RIL-2305","12","231300769",0.45,0.42
"RIL-2306","12","231320556",0.02,0.05
"RIL-2307","12","231322429",0,0
"RIL-2308","12","231327389",0.05,0.03
"RIL-2309","12","231393783",0.34,0.03
"RIL-2310","12","231799954",0,0
"RIL-2311","12","231863214",0.43,0.59
"RIL-2312","12","231873355",0.26,0.41
"RIL-2313","12","232047582",0.44,0.18
"RIL-2316","12","233170359",0,0
"RIL-2318","12","233255331",0.18,0
"RIL-2319","12","233446670",0.11,0.23
"RIL-2320","12","233616659",0.77,0.82
"RIL-2321","12","233741216",0,0
"RIL-2322","12","233783851",0.15,0.23
"RIL-2323","12","234324384",0,0
"RIL-2324","12","234420840",0.34,0.14
"RIL-2325","12","234453372",0.01,0
"RIL-2326","12","234481775",0.38,0.03
"RIL-2327","12","234556264",0.17,0.09
"RIL-2328","12","234558215",0.25,0.02
"RIL-2329","12","234723637",0.03,0
"RIL-2330","12","235434935",0.01,0.06
"RIL-2331","12","235543486",0.05,0.02
"RIL-2332","12","235564343",0.04,0.09
"RIL-2333","12","235564907",0,0
"RIL-2334","12","235565366",0.05,0
"RIL-2335","12","235565761",0.07,0.08
"RIL-2336","12","235575984",0,0
"RIL-2337","12","235576222",0.07,0
"RIL-2338","12","235645830",0.01,0
"RIL-2339","12","235674657",0.01,0.06
