"rs","alleles","chr","pos"
"rs","alleles","chr","pos"
"RIL-254",NA,"01","607330"
"RIL-255",NA,"01","617313"
"RIL-98",NA,"01","2108346"
"RIL-107",NA,"01","2177857"
"RIL-108",NA,"01","2195462"
"RIL-109",NA,"01","2195775"
"RIL-110",NA,"01","2196924"
"RIL-111",NA,"01","2197357"
"RIL-117",NA,"01","2229276"
"RIL-119",NA,"01","2238730"
"RIL-138",NA,"01","2461660"
"RIL-187",NA,"01","2754421"
"RIL-188",NA,"01","2779088"
"RIL-190",NA,"01","3105922"
"RIL-191",NA,"01","3108088"
"RIL-192",NA,"01","3124977"
"RIL-193",NA,"01","3135533"
"RIL-194",NA,"01","3275971"
"RIL-195",NA,"01","3324199"
"RIL-198",NA,"01","3699009"
"RIL-199",NA,"01","3720288"
"RIL-201",NA,"01","3777635"
"RIL-202",NA,"01","3809876"
"RIL-204",NA,"01","3853034"
"RIL-206",NA,"01","3884520"
"RIL-207",NA,"01","3915488"
"RIL-209",NA,"01","3972526"
"RIL-210",NA,"01","3993965"
"RIL-211",NA,"01","3994711"
"RIL-223",NA,"01","5039336"
"RIL-225",NA,"01","5200146"
"RIL-226",NA,"01","5201914"
"RIL-227",NA,"01","5209265"
"RIL-228",NA,"01","5210137"
"RIL-229",NA,"01","5211697"
"RIL-231",NA,"01","5214913"
"RIL-232",NA,"01","5219673"
"RIL-233",NA,"01","5223359"
"RIL-234",NA,"01","5412209"
"RIL-236",NA,"01","5596365"
"RIL-237",NA,"01","5597413"
"RIL-251",NA,"01","5928553"
"RIL-276",NA,"01","8814161"
"RIL-277",NA,"01","8814381"
"RIL-278",NA,"01","8878793"
"RIL-280",NA,"01","9424201"
"RIL-282",NA,"01","9551246"
"RIL-283",NA,"01","9685643"
"RIL-284",NA,"01","9690102"
"RIL-285",NA,"01","9711460"
"RIL-1",NA,"01","10061568"
"RIL-3",NA,"01","10204078"
"RIL-6",NA,"01","10334071"
"RIL-7",NA,"01","10334311"
"RIL-8",NA,"01","10346114"
"RIL-9",NA,"01","10354434"
"RIL-10",NA,"01","10682374"
"RIL-12",NA,"01","11129315"
"RIL-14",NA,"01","11483827"
"RIL-15",NA,"01","11493050"
"RIL-16",NA,"01","11573919"
"RIL-26",NA,"01","13643942"
"RIL-29",NA,"01","14282924"
"RIL-30",NA,"01","14711513"
"RIL-31",NA,"01","14711769"
"RIL-34",NA,"01","15007445"
"RIL-36",NA,"01","15116985"
"RIL-49",NA,"01","15904612"
"RIL-52",NA,"01","16062570"
"RIL-70",NA,"01","17662127"
"RIL-71",NA,"01","17662402"
"RIL-76",NA,"01","17838572"
"RIL-85",NA,"01","18841432"
"RIL-86",NA,"01","18841778"
"RIL-87",NA,"01","18850499"
"RIL-132",NA,"01","23466665"
"RIL-135",NA,"01","23525301"
"RIL-140",NA,"01","24939824"
"RIL-141",NA,"01","24952372"
"RIL-142",NA,"01","24973229"
"RIL-189",NA,"01","30912129"
"RIL-196",NA,"01","35176793"
"RIL-197",NA,"01","35245452"
"RIL-200",NA,"01","37503844"
"RIL-203",NA,"01","38503824"
"RIL-205",NA,"01","38667068"
"RIL-208",NA,"01","39304678"
"RIL-212",NA,"01","40104750"
"RIL-213",NA,"01","40110040"
"RIL-214",NA,"01","40192726"
"RIL-215",NA,"01","40198934"
"RIL-216",NA,"01","40753704"
"RIL-217",NA,"01","40979599"
"RIL-218",NA,"01","41030802"
"RIL-219",NA,"01","41575016"
"RIL-220",NA,"01","41586772"
"RIL-221",NA,"01","42154738"
"RIL-222",NA,"01","47543065"
"RIL-224",NA,"01","50952808"
"RIL-230",NA,"01","52125798"
"RIL-235",NA,"01","54996257"
"RIL-238",NA,"01","56375270"
"RIL-239",NA,"01","57272214"
"RIL-240",NA,"01","57301845"
"RIL-241",NA,"01","57302142"
"RIL-242",NA,"01","57488960"
"RIL-243",NA,"01","57489257"
"RIL-244",NA,"01","57574428"
"RIL-245",NA,"01","57631766"
"RIL-246",NA,"01","57745882"
"RIL-247",NA,"01","57824422"
"RIL-248",NA,"01","57898749"
"RIL-249",NA,"01","58007017"
"RIL-250",NA,"01","58075400"
"RIL-252",NA,"01","59418353"
"RIL-253",NA,"01","59653486"
"RIL-256",NA,"01","65317278"
"RIL-257",NA,"01","66249034"
"RIL-258",NA,"01","69511621"
"RIL-259",NA,"01","69527269"
"RIL-260",NA,"01","69536692"
"RIL-261",NA,"01","69568773"
"RIL-262",NA,"01","69574447"
"RIL-263",NA,"01","69586185"
"RIL-264",NA,"01","70640092"
"RIL-265",NA,"01","71073509"
"RIL-266",NA,"01","71078151"
"RIL-267",NA,"01","71078405"
"RIL-268",NA,"01","71079731"
"RIL-269",NA,"01","71423604"
"RIL-270",NA,"01","72105992"
"RIL-271",NA,"01","72725651"
"RIL-272",NA,"01","79849473"
"RIL-273",NA,"01","80587458"
"RIL-274",NA,"01","80589008"
"RIL-275",NA,"01","80589720"
"RIL-279",NA,"01","92155351"
"RIL-281",NA,"01","95463536"
"RIL-286",NA,"01","98370537"
"RIL-2",NA,"01","101157913"
"RIL-4",NA,"01","103003111"
"RIL-5",NA,"01","103038077"
"RIL-11",NA,"01","110526745"
"RIL-13",NA,"01","113280656"
"RIL-17",NA,"01","116033084"
"RIL-18",NA,"01","117795256"
"RIL-19",NA,"01","119583695"
"RIL-20",NA,"01","119583912"
"RIL-21",NA,"01","123190964"
"RIL-22",NA,"01","130789186"
"RIL-23",NA,"01","130829619"
"RIL-24",NA,"01","130844384"
"RIL-25",NA,"01","133743504"
"RIL-27",NA,"01","137009647"
"RIL-28",NA,"01","138027618"
"RIL-32",NA,"01","148695144"
"RIL-33",NA,"01","149357336"
"RIL-35",NA,"01","150379020"
"RIL-37",NA,"01","152319689"
"RIL-38",NA,"01","156153244"
"RIL-39",NA,"01","156512221"
"RIL-40",NA,"01","156549500"
"RIL-41",NA,"01","156552086"
"RIL-42",NA,"01","156556796"
"RIL-43",NA,"01","156561535"
"RIL-44",NA,"01","156573692"
"RIL-45",NA,"01","156602770"
"RIL-46",NA,"01","157607016"
"RIL-47",NA,"01","157607812"
"RIL-48",NA,"01","157610818"
"RIL-50",NA,"01","159298998"
"RIL-51",NA,"01","160223075"
"RIL-53",NA,"01","161699484"
"RIL-54",NA,"01","162183174"
"RIL-55",NA,"01","163656791"
"RIL-56",NA,"01","163783697"
"RIL-57",NA,"01","164816129"
"RIL-58",NA,"01","165073766"
"RIL-59",NA,"01","165240268"
"RIL-60",NA,"01","165535603"
"RIL-61",NA,"01","166520418"
"RIL-62",NA,"01","166600499"
"RIL-63",NA,"01","167273894"
"RIL-64",NA,"01","167495236"
"RIL-65",NA,"01","167498560"
"RIL-66",NA,"01","170244085"
"RIL-67",NA,"01","171744742"
"RIL-68",NA,"01","175976905"
"RIL-69",NA,"01","175984039"
"RIL-72",NA,"01","177028050"
"RIL-73",NA,"01","177275141"
"RIL-74",NA,"01","178214038"
"RIL-75",NA,"01","178229607"
"RIL-77",NA,"01","178495648"
"RIL-78",NA,"01","180055121"
"RIL-79",NA,"01","180619769"
"RIL-80",NA,"01","181351012"
"RIL-81",NA,"01","182044475"
"RIL-82",NA,"01","182505939"
"RIL-83",NA,"01","182632397"
"RIL-84",NA,"01","182803473"
"RIL-88",NA,"01","192441532"
"RIL-89",NA,"01","192746498"
"RIL-90",NA,"01","192750045"
"RIL-91",NA,"01","205784356"
"RIL-92",NA,"01","206508371"
"RIL-93",NA,"01","206710994"
"RIL-94",NA,"01","208173785"
"RIL-95",NA,"01","208176648"
"RIL-96",NA,"01","208176994"
"RIL-97",NA,"01","210408674"
"RIL-99",NA,"01","210849403"
"RIL-100",NA,"01","213532800"
"RIL-101",NA,"01","214340516"
"RIL-102",NA,"01","215208457"
"RIL-103",NA,"01","215209026"
"RIL-104",NA,"01","217666905"
"RIL-105",NA,"01","217738716"
"RIL-106",NA,"01","217739096"
"RIL-112",NA,"01","220188914"
"RIL-113",NA,"01","222156134"
"RIL-114",NA,"01","222174717"
"RIL-115",NA,"01","222328637"
"RIL-116",NA,"01","222553121"
"RIL-118",NA,"01","223705682"
"RIL-120",NA,"01","225494262"
"RIL-121",NA,"01","225610647"
"RIL-122",NA,"01","225726870"
"RIL-123",NA,"01","227073865"
"RIL-124",NA,"01","231989697"
"RIL-125",NA,"01","231991249"
"RIL-126",NA,"01","232087511"
"RIL-127",NA,"01","232544008"
"RIL-128",NA,"01","233066307"
"RIL-129",NA,"01","233135266"
"RIL-130",NA,"01","233845797"
"RIL-131",NA,"01","233894014"
"RIL-133",NA,"01","234832658"
"RIL-134",NA,"01","234868341"
"RIL-136",NA,"01","241468178"
"RIL-137",NA,"01","241766380"
"RIL-139",NA,"01","248282176"
"RIL-143",NA,"01","249959765"
"RIL-144",NA,"01","251875511"
"RIL-145",NA,"01","252796048"
"RIL-146",NA,"01","253849441"
"RIL-147",NA,"01","254699877"
"RIL-148",NA,"01","255170031"
"RIL-149",NA,"01","262127506"
"RIL-150",NA,"01","262128255"
"RIL-151",NA,"01","264659366"
"RIL-152",NA,"01","264874243"
"RIL-153",NA,"01","264878626"
"RIL-154",NA,"01","264935422"
"RIL-155",NA,"01","265699530"
"RIL-156",NA,"01","265846569"
"RIL-157",NA,"01","266003431"
"RIL-158",NA,"01","267742079"
"RIL-159",NA,"01","269166341"
"RIL-160",NA,"01","269217783"
"RIL-161",NA,"01","269295834"
"RIL-162",NA,"01","269479003"
"RIL-163",NA,"01","270240339"
"RIL-164",NA,"01","270380618"
"RIL-165",NA,"01","270698741"
"RIL-166",NA,"01","270863304"
"RIL-167",NA,"01","270906229"
"RIL-168",NA,"01","270912944"
"RIL-169",NA,"01","270913797"
"RIL-170",NA,"01","270916105"
"RIL-171",NA,"01","271056634"
"RIL-172",NA,"01","271057952"
"RIL-173",NA,"01","271058222"
"RIL-174",NA,"01","271468922"
"RIL-175",NA,"01","271539792"
"RIL-176",NA,"01","271746966"
"RIL-177",NA,"01","271764147"
"RIL-178",NA,"01","271765549"
"RIL-179",NA,"01","271786560"
"RIL-180",NA,"01","272200323"
"RIL-181",NA,"01","272542786"
"RIL-182",NA,"01","272595363"
"RIL-183",NA,"01","272601001"
"RIL-184",NA,"01","272603222"
"RIL-185",NA,"01","272633775"
"RIL-186",NA,"01","272634967"
"RIL-439",NA,"02","195369"
"RIL-450",NA,"02","338797"
"RIL-451",NA,"02","343614"
"RIL-299",NA,"02","1059968"
"RIL-440",NA,"02","2070448"
"RIL-441",NA,"02","2079771"
"RIL-442",NA,"02","2082445"
"RIL-447",NA,"02","2674137"
"RIL-449",NA,"02","2802509"
"RIL-452",NA,"02","3624938"
"RIL-453",NA,"02","4324863"
"RIL-454",NA,"02","4617007"
"RIL-455",NA,"02","5122894"
"RIL-462",NA,"02","5730933"
"RIL-463",NA,"02","5863632"
"RIL-478",NA,"02","6930142"
"RIL-480",NA,"02","7453065"
"RIL-481",NA,"02","8080985"
"RIL-482",NA,"02","8280610"
"RIL-486",NA,"02","8754684"
"RIL-487",NA,"02","8756758"
"RIL-323",NA,"02","12133506"
"RIL-385",NA,"02","14903918"
"RIL-436",NA,"02","17388415"
"RIL-437",NA,"02","18847935"
"RIL-438",NA,"02","19088442"
"RIL-443",NA,"02","21946613"
"RIL-444",NA,"02","26030299"
"RIL-445",NA,"02","26273354"
"RIL-446",NA,"02","26273855"
"RIL-448",NA,"02","26901255"
"RIL-456",NA,"02","53374513"
"RIL-457",NA,"02","53469740"
"RIL-458",NA,"02","53632255"
"RIL-459",NA,"02","53970793"
"RIL-460",NA,"02","53971025"
"RIL-461",NA,"02","54603337"
"RIL-464",NA,"02","60298081"
"RIL-465",NA,"02","60925859"
"RIL-466",NA,"02","63291600"
"RIL-467",NA,"02","63296532"
"RIL-468",NA,"02","63349270"
"RIL-469",NA,"02","63428159"
"RIL-470",NA,"02","63436471"
"RIL-471",NA,"02","63493966"
"RIL-472",NA,"02","63497933"
"RIL-473",NA,"02","63527487"
"RIL-474",NA,"02","63642524"
"RIL-475",NA,"02","63646990"
"RIL-476",NA,"02","63648546"
"RIL-477",NA,"02","68566028"
"RIL-479",NA,"02","72775608"
"RIL-483",NA,"02","86198774"
"RIL-484",NA,"02","86199054"
"RIL-485",NA,"02","86203653"
"RIL-287",NA,"02","101288327"
"RIL-288",NA,"02","102787792"
"RIL-289",NA,"02","102788123"
"RIL-290",NA,"02","102790746"
"RIL-291",NA,"02","103298377"
"RIL-292",NA,"02","103522544"
"RIL-293",NA,"02","103533816"
"RIL-294",NA,"02","103888732"
"RIL-295",NA,"02","103961903"
"RIL-296",NA,"02","104047888"
"RIL-297",NA,"02","104344807"
"RIL-298",NA,"02","105036819"
"RIL-300",NA,"02","106291211"
"RIL-301",NA,"02","107044804"
"RIL-302",NA,"02","107092334"
"RIL-303",NA,"02","111824588"
"RIL-304",NA,"02","112027485"
"RIL-305",NA,"02","112322407"
"RIL-306",NA,"02","112483290"
"RIL-307",NA,"02","112483588"
"RIL-308",NA,"02","113041799"
"RIL-309",NA,"02","115192445"
"RIL-310",NA,"02","115193984"
"RIL-311",NA,"02","115487495"
"RIL-312",NA,"02","117242260"
"RIL-313",NA,"02","118773719"
"RIL-314",NA,"02","118774879"
"RIL-315",NA,"02","119297450"
"RIL-316",NA,"02","119699880"
"RIL-317",NA,"02","119700186"
"RIL-318",NA,"02","119825966"
"RIL-319",NA,"02","119840592"
"RIL-320",NA,"02","121077135"
"RIL-321",NA,"02","121078304"
"RIL-322",NA,"02","121118679"
"RIL-324",NA,"02","121919873"
"RIL-325",NA,"02","123083302"
"RIL-326",NA,"02","123343932"
"RIL-327",NA,"02","124672225"
"RIL-328",NA,"02","125176278"
"RIL-329",NA,"02","128158102"
"RIL-330",NA,"02","128167632"
"RIL-331",NA,"02","128202464"
"RIL-332",NA,"02","128202770"
"RIL-333",NA,"02","128207079"
"RIL-334",NA,"02","130052493"
"RIL-335",NA,"02","130888365"
"RIL-336",NA,"02","130933398"
"RIL-337",NA,"02","130933758"
"RIL-338",NA,"02","131076526"
"RIL-339",NA,"02","131158876"
"RIL-340",NA,"02","131241416"
"RIL-341",NA,"02","131245448"
"RIL-342",NA,"02","131245657"
"RIL-343",NA,"02","131256846"
"RIL-344",NA,"02","131257259"
"RIL-345",NA,"02","131831374"
"RIL-346",NA,"02","135251409"
"RIL-347",NA,"02","136225269"
"RIL-348",NA,"02","136233043"
"RIL-349",NA,"02","136408316"
"RIL-350",NA,"02","136410944"
"RIL-351",NA,"02","136473280"
"RIL-352",NA,"02","136908443"
"RIL-353",NA,"02","136963183"
"RIL-354",NA,"02","138014366"
"RIL-355",NA,"02","138138889"
"RIL-356",NA,"02","138159354"
"RIL-357",NA,"02","139053616"
"RIL-358",NA,"02","139075335"
"RIL-359",NA,"02","139084032"
"RIL-360",NA,"02","139574869"
"RIL-361",NA,"02","141271643"
"RIL-362",NA,"02","141512054"
"RIL-363",NA,"02","141580169"
"RIL-364",NA,"02","141617318"
"RIL-365",NA,"02","141897958"
"RIL-366",NA,"02","141898312"
"RIL-367",NA,"02","141907514"
"RIL-368",NA,"02","141923693"
"RIL-369",NA,"02","141990669"
"RIL-370",NA,"02","143584901"
"RIL-371",NA,"02","145863685"
"RIL-372",NA,"02","145881771"
"RIL-373",NA,"02","146054121"
"RIL-374",NA,"02","146399660"
"RIL-375",NA,"02","146441939"
"RIL-376",NA,"02","146444957"
"RIL-377",NA,"02","146448841"
"RIL-378",NA,"02","146829935"
"RIL-379",NA,"02","147655894"
"RIL-380",NA,"02","147707021"
"RIL-381",NA,"02","147717207"
"RIL-382",NA,"02","147875998"
"RIL-383",NA,"02","148113432"
"RIL-384",NA,"02","148184757"
"RIL-386",NA,"02","149934994"
"RIL-387",NA,"02","150424086"
"RIL-388",NA,"02","150451250"
"RIL-389",NA,"02","150451636"
"RIL-390",NA,"02","150454579"
"RIL-391",NA,"02","150569877"
"RIL-392",NA,"02","150677901"
"RIL-393",NA,"02","150685712"
"RIL-394",NA,"02","153032049"
"RIL-395",NA,"02","163348547"
"RIL-396",NA,"02","164261660"
"RIL-397",NA,"02","164784517"
"RIL-398",NA,"02","164911949"
"RIL-399",NA,"02","165140703"
"RIL-400",NA,"02","165604816"
"RIL-401",NA,"02","165682732"
"RIL-402",NA,"02","165851222"
"RIL-403",NA,"02","165867573"
"RIL-404",NA,"02","165925918"
"RIL-405",NA,"02","166016390"
"RIL-406",NA,"02","166040143"
"RIL-407",NA,"02","166124010"
"RIL-408",NA,"02","166297776"
"RIL-409",NA,"02","166560690"
"RIL-410",NA,"02","167510117"
"RIL-411",NA,"02","167663496"
"RIL-412",NA,"02","167683957"
"RIL-413",NA,"02","167699954"
"RIL-414",NA,"02","167914399"
"RIL-415",NA,"02","167920857"
"RIL-416",NA,"02","167935402"
"RIL-417",NA,"02","168207636"
"RIL-418",NA,"02","168480922"
"RIL-419",NA,"02","168497291"
"RIL-420",NA,"02","168976656"
"RIL-421",NA,"02","168980063"
"RIL-422",NA,"02","169016981"
"RIL-423",NA,"02","169032334"
"RIL-424",NA,"02","169057452"
"RIL-425",NA,"02","169106573"
"RIL-426",NA,"02","169642788"
"RIL-427",NA,"02","169833061"
"RIL-428",NA,"02","169845199"
"RIL-429",NA,"02","169847871"
"RIL-430",NA,"02","169937438"
"RIL-431",NA,"02","170174481"
"RIL-432",NA,"02","170174778"
"RIL-433",NA,"02","170177145"
"RIL-434",NA,"02","170199039"
"RIL-435",NA,"02","170954575"
"RIL-802",NA,"03","84734"
"RIL-810",NA,"03","90477"
"RIL-787",NA,"03","636192"
"RIL-793",NA,"03","739617"
"RIL-803",NA,"03","852554"
"RIL-804",NA,"03","863832"
"RIL-805",NA,"03","864240"
"RIL-807",NA,"03","882669"
"RIL-808",NA,"03","883707"
"RIL-809",NA,"03","895139"
"RIL-502",NA,"03","1258821"
"RIL-503",NA,"03","1262160"
"RIL-530",NA,"03","1595594"
"RIL-532",NA,"03","1755391"
"RIL-546",NA,"03","1980737"
"RIL-618",NA,"03","2266618"
"RIL-657",NA,"03","2404467"
"RIL-673",NA,"03","2435762"
"RIL-745",NA,"03","2744981"
"RIL-746",NA,"03","3454511"
"RIL-747",NA,"03","3470524"
"RIL-748",NA,"03","3478043"
"RIL-749",NA,"03","3508082"
"RIL-751",NA,"03","3742928"
"RIL-752",NA,"03","3744030"
"RIL-754",NA,"03","3797913"
"RIL-755",NA,"03","3802047"
"RIL-756",NA,"03","3805172"
"RIL-757",NA,"03","3823122"
"RIL-758",NA,"03","3823409"
"RIL-762",NA,"03","3850670"
"RIL-763",NA,"03","4016658"
"RIL-768",NA,"03","4871480"
"RIL-769",NA,"03","4952352"
"RIL-773",NA,"03","5280597"
"RIL-774",NA,"03","5437757"
"RIL-775",NA,"03","5591857"
"RIL-777",NA,"03","5701741"
"RIL-780",NA,"03","5724904"
"RIL-781",NA,"03","5799856"
"RIL-782",NA,"03","5882827"
"RIL-783",NA,"03","5887557"
"RIL-784",NA,"03","5888032"
"RIL-785",NA,"03","6005164"
"RIL-788",NA,"03","6424661"
"RIL-789",NA,"03","6994073"
"RIL-790",NA,"03","7000504"
"RIL-791",NA,"03","7016621"
"RIL-792",NA,"03","7336385"
"RIL-797",NA,"03","7890753"
"RIL-798",NA,"03","7892978"
"RIL-799",NA,"03","7895663"
"RIL-800",NA,"03","7896303"
"RIL-806",NA,"03","8643678"
"RIL-812",NA,"03","9700466"
"RIL-813",NA,"03","9731516"
"RIL-815",NA,"03","9954698"
"RIL-816",NA,"03","9955820"
"RIL-488",NA,"03","10022380"
"RIL-489",NA,"03","10096891"
"RIL-490",NA,"03","10366310"
"RIL-491",NA,"03","10368264"
"RIL-492",NA,"03","10665827"
"RIL-493",NA,"03","10666173"
"RIL-494",NA,"03","10863265"
"RIL-495",NA,"03","10866931"
"RIL-496",NA,"03","11181606"
"RIL-497",NA,"03","11959624"
"RIL-498",NA,"03","12079466"
"RIL-499",NA,"03","12129017"
"RIL-500",NA,"03","12271253"
"RIL-501",NA,"03","12275592"
"RIL-504",NA,"03","12738282"
"RIL-509",NA,"03","13322841"
"RIL-515",NA,"03","14069769"
"RIL-516",NA,"03","14070020"
"RIL-519",NA,"03","14240816"
"RIL-520",NA,"03","14266504"
"RIL-523",NA,"03","14793491"
"RIL-525",NA,"03","14959732"
"RIL-526",NA,"03","15023831"
"RIL-527",NA,"03","15027389"
"RIL-528",NA,"03","15210074"
"RIL-529",NA,"03","15754322"
"RIL-533",NA,"03","17723368"
"RIL-535",NA,"03","18095383"
"RIL-537",NA,"03","18510647"
"RIL-542",NA,"03","19379157"
"RIL-543",NA,"03","19379448"
"RIL-547",NA,"03","19873485"
"RIL-548",NA,"03","19890416"
"RIL-549",NA,"03","19890906"
"RIL-559",NA,"03","20483303"
"RIL-572",NA,"03","21060560"
"RIL-607",NA,"03","22515827"
"RIL-634",NA,"03","23023573"
"RIL-640",NA,"03","23469417"
"RIL-653",NA,"03","23886276"
"RIL-687",NA,"03","25023541"
"RIL-688",NA,"03","25195199"
"RIL-704",NA,"03","25388121"
"RIL-711",NA,"03","25466843"
"RIL-750",NA,"03","36042079"
"RIL-753",NA,"03","37910227"
"RIL-759",NA,"03","38261491"
"RIL-760",NA,"03","38262865"
"RIL-761",NA,"03","38457526"
"RIL-764",NA,"03","40475892"
"RIL-765",NA,"03","40476629"
"RIL-766",NA,"03","42795329"
"RIL-767",NA,"03","46928150"
"RIL-770",NA,"03","50335822"
"RIL-771",NA,"03","51135680"
"RIL-772",NA,"03","52344907"
"RIL-776",NA,"03","56987242"
"RIL-778",NA,"03","57025396"
"RIL-779",NA,"03","57025642"
"RIL-786",NA,"03","61207498"
"RIL-794",NA,"03","76821039"
"RIL-795",NA,"03","77736780"
"RIL-796",NA,"03","77830555"
"RIL-801",NA,"03","84588351"
"RIL-811",NA,"03","96428251"
"RIL-814",NA,"03","99302699"
"RIL-505",NA,"03","127753221"
"RIL-506",NA,"03","129785814"
"RIL-507",NA,"03","130334261"
"RIL-508",NA,"03","132673804"
"RIL-510",NA,"03","133409321"
"RIL-511",NA,"03","134115894"
"RIL-512",NA,"03","135432437"
"RIL-513",NA,"03","137192875"
"RIL-514",NA,"03","138079085"
"RIL-517",NA,"03","142059146"
"RIL-518",NA,"03","142059448"
"RIL-521",NA,"03","145682819"
"RIL-522",NA,"03","146257517"
"RIL-524",NA,"03","148677812"
"RIL-531",NA,"03","172930564"
"RIL-534",NA,"03","178257088"
"RIL-536",NA,"03","181764614"
"RIL-538",NA,"03","186825380"
"RIL-539",NA,"03","187437851"
"RIL-540",NA,"03","190509568"
"RIL-541",NA,"03","190513636"
"RIL-544",NA,"03","196453807"
"RIL-545",NA,"03","196659543"
"RIL-550",NA,"03","199884752"
"RIL-551",NA,"03","201107420"
"RIL-552",NA,"03","201371416"
"RIL-553",NA,"03","201828644"
"RIL-554",NA,"03","202287350"
"RIL-555",NA,"03","202296610"
"RIL-556",NA,"03","202298519"
"RIL-557",NA,"03","202318245"
"RIL-558",NA,"03","204607373"
"RIL-560",NA,"03","204926970"
"RIL-561",NA,"03","204928916"
"RIL-562",NA,"03","204934177"
"RIL-563",NA,"03","205697913"
"RIL-564",NA,"03","205704306"
"RIL-565",NA,"03","209569966"
"RIL-566",NA,"03","209743297"
"RIL-567",NA,"03","209781541"
"RIL-568",NA,"03","209849572"
"RIL-569",NA,"03","209851128"
"RIL-570",NA,"03","210356562"
"RIL-571",NA,"03","210403464"
"RIL-573",NA,"03","210915444"
"RIL-574",NA,"03","210915783"
"RIL-575",NA,"03","214396712"
"RIL-576",NA,"03","214457514"
"RIL-577",NA,"03","214459050"
"RIL-578",NA,"03","214629878"
"RIL-579",NA,"03","216270973"
"RIL-580",NA,"03","216325553"
"RIL-581",NA,"03","216522735"
"RIL-582",NA,"03","217554906"
"RIL-583",NA,"03","217555678"
"RIL-584",NA,"03","217952759"
"RIL-585",NA,"03","217967971"
"RIL-586",NA,"03","218101415"
"RIL-587",NA,"03","218341397"
"RIL-588",NA,"03","218343867"
"RIL-589",NA,"03","220072046"
"RIL-590",NA,"03","221051381"
"RIL-591",NA,"03","221243198"
"RIL-592",NA,"03","221474922"
"RIL-593",NA,"03","221475783"
"RIL-594",NA,"03","221618556"
"RIL-595",NA,"03","221749700"
"RIL-596",NA,"03","222637829"
"RIL-597",NA,"03","222657086"
"RIL-598",NA,"03","222755713"
"RIL-599",NA,"03","222756025"
"RIL-600",NA,"03","223388090"
"RIL-601",NA,"03","223414921"
"RIL-602",NA,"03","223419365"
"RIL-603",NA,"03","223848001"
"RIL-604",NA,"03","224533133"
"RIL-605",NA,"03","224846902"
"RIL-606",NA,"03","224890613"
"RIL-608",NA,"03","225412338"
"RIL-609",NA,"03","225606587"
"RIL-610",NA,"03","225628117"
"RIL-611",NA,"03","225745834"
"RIL-612",NA,"03","226237398"
"RIL-613",NA,"03","226280119"
"RIL-614",NA,"03","226287070"
"RIL-615",NA,"03","226449251"
"RIL-616",NA,"03","226554189"
"RIL-617",NA,"03","226652905"
"RIL-619",NA,"03","227245937"
"RIL-620",NA,"03","227259064"
"RIL-621",NA,"03","227313950"
"RIL-622",NA,"03","227321972"
"RIL-623",NA,"03","229258029"
"RIL-624",NA,"03","229432218"
"RIL-625",NA,"03","229545999"
"RIL-626",NA,"03","229555875"
"RIL-627",NA,"03","229563638"
"RIL-628",NA,"03","229564799"
"RIL-629",NA,"03","229572633"
"RIL-630",NA,"03","229592613"
"RIL-631",NA,"03","229596872"
"RIL-632",NA,"03","229717453"
"RIL-633",NA,"03","230015391"
"RIL-635",NA,"03","230652022"
"RIL-636",NA,"03","231105811"
"RIL-637",NA,"03","231405564"
"RIL-638",NA,"03","231649616"
"RIL-639",NA,"03","232245790"
"RIL-641",NA,"03","234955705"
"RIL-642",NA,"03","235070895"
"RIL-643",NA,"03","236839909"
"RIL-644",NA,"03","237423196"
"RIL-645",NA,"03","237572097"
"RIL-646",NA,"03","237572801"
"RIL-647",NA,"03","237575717"
"RIL-648",NA,"03","237799305"
"RIL-649",NA,"03","238488867"
"RIL-650",NA,"03","238614312"
"RIL-651",NA,"03","238738353"
"RIL-652",NA,"03","238798797"
"RIL-654",NA,"03","239694881"
"RIL-655",NA,"03","239727899"
"RIL-656",NA,"03","239878399"
"RIL-658",NA,"03","240516295"
"RIL-659",NA,"03","240538275"
"RIL-660",NA,"03","240547892"
"RIL-661",NA,"03","240579790"
"RIL-662",NA,"03","241187518"
"RIL-663",NA,"03","241188350"
"RIL-664",NA,"03","241202935"
"RIL-665",NA,"03","241204919"
"RIL-666",NA,"03","241432163"
"RIL-667",NA,"03","241721976"
"RIL-668",NA,"03","241825715"
"RIL-669",NA,"03","241835728"
"RIL-670",NA,"03","242365978"
"RIL-671",NA,"03","242527082"
"RIL-672",NA,"03","242610405"
"RIL-674",NA,"03","244446300"
"RIL-675",NA,"03","244529524"
"RIL-676",NA,"03","244547092"
"RIL-677",NA,"03","244769383"
"RIL-678",NA,"03","244770180"
"RIL-679",NA,"03","245173859"
"RIL-680",NA,"03","247579927"
"RIL-681",NA,"03","248005863"
"RIL-682",NA,"03","248023980"
"RIL-683",NA,"03","248024515"
"RIL-684",NA,"03","249368149"
"RIL-685",NA,"03","249400744"
"RIL-686",NA,"03","249960645"
"RIL-689",NA,"03","251986992"
"RIL-690",NA,"03","252030909"
"RIL-691",NA,"03","252118330"
"RIL-692",NA,"03","252192876"
"RIL-693",NA,"03","252324397"
"RIL-694",NA,"03","252434112"
"RIL-695",NA,"03","252434343"
"RIL-696",NA,"03","253115797"
"RIL-697",NA,"03","253198009"
"RIL-698",NA,"03","253581085"
"RIL-699",NA,"03","253658006"
"RIL-700",NA,"03","253663405"
"RIL-701",NA,"03","253734912"
"RIL-702",NA,"03","253873335"
"RIL-703",NA,"03","253877253"
"RIL-705",NA,"03","254056307"
"RIL-706",NA,"03","254363326"
"RIL-707",NA,"03","254363567"
"RIL-708",NA,"03","254586305"
"RIL-709",NA,"03","254590695"
"RIL-710",NA,"03","254609602"
"RIL-712",NA,"03","254693935"
"RIL-713",NA,"03","254704777"
"RIL-714",NA,"03","254804649"
"RIL-715",NA,"03","254805678"
"RIL-716",NA,"03","254823263"
"RIL-717",NA,"03","254835818"
"RIL-718",NA,"03","254839552"
"RIL-719",NA,"03","255411005"
"RIL-720",NA,"03","255675662"
"RIL-721",NA,"03","255745394"
"RIL-722",NA,"03","255952106"
"RIL-723",NA,"03","256153569"
"RIL-724",NA,"03","256206440"
"RIL-725",NA,"03","256214134"
"RIL-726",NA,"03","256318949"
"RIL-727",NA,"03","256527877"
"RIL-728",NA,"03","256737222"
"RIL-729",NA,"03","256783751"
"RIL-730",NA,"03","256804203"
"RIL-731",NA,"03","256863420"
"RIL-732",NA,"03","256932900"
"RIL-733",NA,"03","256938852"
"RIL-734",NA,"03","257077634"
"RIL-735",NA,"03","257115643"
"RIL-736",NA,"03","257151536"
"RIL-737",NA,"03","257300475"
"RIL-738",NA,"03","257423487"
"RIL-739",NA,"03","257438648"
"RIL-740",NA,"03","257450296"
"RIL-741",NA,"03","257467105"
"RIL-742",NA,"03","257592293"
"RIL-743",NA,"03","257607383"
"RIL-744",NA,"03","257650026"
"RIL-981",NA,"04","318"
"RIL-912",NA,"04","19107"
"RIL-993",NA,"04","57702"
"RIL-998",NA,"04","63965"
"RIL-817",NA,"04","101227"
"RIL-940",NA,"04","207280"
"RIL-980",NA,"04","235757"
"RIL-988",NA,"04","480391"
"RIL-989",NA,"04","488701"
"RIL-990",NA,"04","519980"
"RIL-991",NA,"04","546123"
"RIL-994",NA,"04","594780"
"RIL-1002",NA,"04","778214"
"RIL-1009",NA,"04","851458"
"RIL-1012",NA,"04","886388"
"RIL-1016",NA,"04","977749"
"RIL-1017",NA,"04","993678"
"RIL-830",NA,"04","1072702"
"RIL-832",NA,"04","1118686"
"RIL-834",NA,"04","1146539"
"RIL-836",NA,"04","1174493"
"RIL-837",NA,"04","1186698"
"RIL-878",NA,"04","1670840"
"RIL-901",NA,"04","1862317"
"RIL-956",NA,"04","2147292"
"RIL-982",NA,"04","3932799"
"RIL-986",NA,"04","4465003"
"RIL-1004",NA,"04","8009002"
"RIL-1005",NA,"04","8016676"
"RIL-1006",NA,"04","8338416"
"RIL-1007",NA,"04","8404557"
"RIL-1008",NA,"04","8405555"
"RIL-1014",NA,"04","9488127"
"RIL-818",NA,"04","10138472"
"RIL-819",NA,"04","10209550"
"RIL-820",NA,"04","10210607"
"RIL-821",NA,"04","10244542"
"RIL-822",NA,"04","10293131"
"RIL-823",NA,"04","10294620"
"RIL-824",NA,"04","10296742"
"RIL-825",NA,"04","10299636"
"RIL-826",NA,"04","10333761"
"RIL-827",NA,"04","10644495"
"RIL-828",NA,"04","10685531"
"RIL-829",NA,"04","10692540"
"RIL-831",NA,"04","10826220"
"RIL-833",NA,"04","11384860"
"RIL-835",NA,"04","11703410"
"RIL-838",NA,"04","11947571"
"RIL-839",NA,"04","11957653"
"RIL-840",NA,"04","12181147"
"RIL-841",NA,"04","12248475"
"RIL-842",NA,"04","12262153"
"RIL-843",NA,"04","12576459"
"RIL-844",NA,"04","12900227"
"RIL-851",NA,"04","13641470"
"RIL-852",NA,"04","13643921"
"RIL-853",NA,"04","13707726"
"RIL-854",NA,"04","13744667"
"RIL-855",NA,"04","13745060"
"RIL-856",NA,"04","14050729"
"RIL-857",NA,"04","14060530"
"RIL-858",NA,"04","14062308"
"RIL-866",NA,"04","15063762"
"RIL-867",NA,"04","15083323"
"RIL-868",NA,"04","15106704"
"RIL-869",NA,"04","15375627"
"RIL-870",NA,"04","15485275"
"RIL-871",NA,"04","15486036"
"RIL-872",NA,"04","15492114"
"RIL-873",NA,"04","15738981"
"RIL-874",NA,"04","15764723"
"RIL-876",NA,"04","16027946"
"RIL-877",NA,"04","16301479"
"RIL-884",NA,"04","17711336"
"RIL-885",NA,"04","17753333"
"RIL-888",NA,"04","17933659"
"RIL-891",NA,"04","18021172"
"RIL-892",NA,"04","18113030"
"RIL-893",NA,"04","18232085"
"RIL-894",NA,"04","18291029"
"RIL-897",NA,"04","18550436"
"RIL-898",NA,"04","18553897"
"RIL-902",NA,"04","18630318"
"RIL-903",NA,"04","18745153"
"RIL-946",NA,"04","21129290"
"RIL-983",NA,"04","40175155"
"RIL-984",NA,"04","40547117"
"RIL-985",NA,"04","40670300"
"RIL-987",NA,"04","45491366"
"RIL-992",NA,"04","55854704"
"RIL-995",NA,"04","60600271"
"RIL-996",NA,"04","62392862"
"RIL-997",NA,"04","62615884"
"RIL-999",NA,"04","66934567"
"RIL-1000",NA,"04","68141360"
"RIL-1001",NA,"04","75677515"
"RIL-1003",NA,"04","79412706"
"RIL-1010",NA,"04","86711335"
"RIL-1011",NA,"04","86759911"
"RIL-1013",NA,"04","93310397"
"RIL-1015",NA,"04","97420308"
"RIL-845",NA,"04","130312406"
"RIL-846",NA,"04","130321903"
"RIL-847",NA,"04","130323514"
"RIL-848",NA,"04","130324799"
"RIL-849",NA,"04","130428295"
"RIL-850",NA,"04","132308383"
"RIL-859",NA,"04","142728825"
"RIL-860",NA,"04","145346184"
"RIL-861",NA,"04","145356509"
"RIL-862",NA,"04","145449631"
"RIL-863",NA,"04","145473188"
"RIL-864",NA,"04","147373795"
"RIL-865",NA,"04","149140032"
"RIL-875",NA,"04","158189286"
"RIL-879",NA,"04","167263879"
"RIL-880",NA,"04","170200477"
"RIL-881",NA,"04","170270287"
"RIL-882",NA,"04","172197309"
"RIL-883",NA,"04","172198855"
"RIL-886",NA,"04","178977666"
"RIL-887",NA,"04","179272511"
"RIL-889",NA,"04","179694844"
"RIL-890",NA,"04","179721476"
"RIL-895",NA,"04","183277000"
"RIL-896",NA,"04","183543185"
"RIL-899",NA,"04","185754312"
"RIL-900",NA,"04","186056310"
"RIL-904",NA,"04","188333214"
"RIL-905",NA,"04","188772251"
"RIL-906",NA,"04","188774728"
"RIL-907",NA,"04","188778506"
"RIL-908",NA,"04","188778807"
"RIL-909",NA,"04","188779065"
"RIL-910",NA,"04","188779604"
"RIL-911",NA,"04","188987128"
"RIL-913",NA,"04","192553358"
"RIL-914",NA,"04","192788500"
"RIL-915",NA,"04","192825747"
"RIL-916",NA,"04","192844141"
"RIL-917",NA,"04","194232777"
"RIL-918",NA,"04","194331752"
"RIL-919",NA,"04","194367598"
"RIL-920",NA,"04","195423482"
"RIL-921",NA,"04","195518772"
"RIL-922",NA,"04","195825369"
"RIL-923",NA,"04","195830091"
"RIL-924",NA,"04","195853513"
"RIL-925",NA,"04","195880731"
"RIL-926",NA,"04","196895855"
"RIL-927",NA,"04","196983610"
"RIL-928",NA,"04","198516140"
"RIL-929",NA,"04","201407298"
"RIL-930",NA,"04","201408911"
"RIL-931",NA,"04","201832386"
"RIL-932",NA,"04","202721967"
"RIL-933",NA,"04","202812929"
"RIL-934",NA,"04","202907940"
"RIL-935",NA,"04","203511596"
"RIL-936",NA,"04","206155024"
"RIL-937",NA,"04","206185996"
"RIL-938",NA,"04","206724763"
"RIL-939",NA,"04","206728690"
"RIL-941",NA,"04","208907905"
"RIL-942",NA,"04","209432262"
"RIL-943",NA,"04","210691885"
"RIL-944",NA,"04","210695022"
"RIL-945",NA,"04","210715369"
"RIL-947",NA,"04","211853288"
"RIL-948",NA,"04","213227257"
"RIL-949",NA,"04","213281086"
"RIL-950",NA,"04","213309021"
"RIL-951",NA,"04","213363483"
"RIL-952",NA,"04","213370451"
"RIL-953",NA,"04","213646211"
"RIL-954",NA,"04","214241211"
"RIL-955",NA,"04","214444116"
"RIL-957",NA,"04","215745768"
"RIL-958",NA,"04","215747727"
"RIL-959",NA,"04","215751409"
"RIL-960",NA,"04","215775639"
"RIL-961",NA,"04","215859784"
"RIL-962",NA,"04","215873920"
"RIL-963",NA,"04","216243223"
"RIL-964",NA,"04","216243434"
"RIL-965",NA,"04","216421095"
"RIL-966",NA,"04","217099128"
"RIL-967",NA,"04","217534231"
"RIL-968",NA,"04","217802392"
"RIL-969",NA,"04","217802760"
"RIL-970",NA,"04","219423910"
"RIL-971",NA,"04","219581537"
"RIL-972",NA,"04","219627649"
"RIL-973",NA,"04","219898569"
"RIL-974",NA,"04","220495237"
"RIL-975",NA,"04","220818330"
"RIL-976",NA,"04","220883020"
"RIL-977",NA,"04","220887430"
"RIL-978",NA,"04","221069748"
"RIL-979",NA,"04","221082182"
"RIL-1143",NA,"05","24827"
"RIL-1178",NA,"05","49949"
"RIL-1180",NA,"05","52778"
"RIL-1187",NA,"05","62255"
"RIL-1042",NA,"05","151516"
"RIL-1051",NA,"05","163597"
"RIL-1134",NA,"05","233039"
"RIL-1137",NA,"05","233281"
"RIL-1140",NA,"05","247065"
"RIL-1145",NA,"05","271790"
"RIL-1164",NA,"05","375403"
"RIL-1171",NA,"05","406772"
"RIL-1175",NA,"05","419482"
"RIL-1176",NA,"05","419748"
"RIL-1179",NA,"05","526653"
"RIL-1182",NA,"05","540329"
"RIL-1183",NA,"05","563188"
"RIL-1022",NA,"05","1135263"
"RIL-1057",NA,"05","1808557"
"RIL-1058",NA,"05","1835795"
"RIL-1059",NA,"05","1876455"
"RIL-1060",NA,"05","1878798"
"RIL-1061",NA,"05","1883444"
"RIL-1062",NA,"05","1884727"
"RIL-1067",NA,"05","1959873"
"RIL-1072",NA,"05","2032659"
"RIL-1073",NA,"05","2032985"
"RIL-1076",NA,"05","2094610"
"RIL-1077",NA,"05","2094989"
"RIL-1098",NA,"05","2255239"
"RIL-1105",NA,"05","2274412"
"RIL-1126",NA,"05","2315366"
"RIL-1128",NA,"05","2318300"
"RIL-1136",NA,"05","2332785"
"RIL-1138",NA,"05","2345855"
"RIL-1150",NA,"05","2815254"
"RIL-1151",NA,"05","2815520"
"RIL-1153",NA,"05","3038607"
"RIL-1160",NA,"05","3615730"
"RIL-1161",NA,"05","3617003"
"RIL-1162",NA,"05","3618748"
"RIL-1163",NA,"05","3619704"
"RIL-1165",NA,"05","3758652"
"RIL-1166",NA,"05","3959240"
"RIL-1168",NA,"05","3991612"
"RIL-1169",NA,"05","3991935"
"RIL-1170",NA,"05","4046630"
"RIL-1172",NA,"05","4099336"
"RIL-1174",NA,"05","4150683"
"RIL-1177",NA,"05","4449568"
"RIL-1184",NA,"05","6132221"
"RIL-1185",NA,"05","6135945"
"RIL-1186",NA,"05","6142967"
"RIL-1198",NA,"05","7481260"
"RIL-1199",NA,"05","7870604"
"RIL-1200",NA,"05","8350003"
"RIL-1201",NA,"05","8404399"
"RIL-1203",NA,"05","9877866"
"RIL-1204",NA,"05","9973762"
"RIL-1205",NA,"05","9983803"
"RIL-1018",NA,"05","10094053"
"RIL-1019",NA,"05","10415149"
"RIL-1020",NA,"05","10823958"
"RIL-1023",NA,"05","12309305"
"RIL-1024",NA,"05","12365322"
"RIL-1025",NA,"05","12365621"
"RIL-1026",NA,"05","12613570"
"RIL-1027",NA,"05","12647491"
"RIL-1028",NA,"05","12650251"
"RIL-1029",NA,"05","12650453"
"RIL-1030",NA,"05","12874189"
"RIL-1036",NA,"05","14017011"
"RIL-1037",NA,"05","14370458"
"RIL-1038",NA,"05","14370815"
"RIL-1039",NA,"05","14595465"
"RIL-1040",NA,"05","14740253"
"RIL-1041",NA,"05","14869327"
"RIL-1043",NA,"05","15564383"
"RIL-1044",NA,"05","15571246"
"RIL-1045",NA,"05","15576691"
"RIL-1046",NA,"05","15580294"
"RIL-1047",NA,"05","15794939"
"RIL-1049",NA,"05","16113905"
"RIL-1052",NA,"05","16449379"
"RIL-1053",NA,"05","16473204"
"RIL-1054",NA,"05","16473926"
"RIL-1055",NA,"05","16558014"
"RIL-1068",NA,"05","19981246"
"RIL-1081",NA,"05","21631452"
"RIL-1082",NA,"05","21632777"
"RIL-1084",NA,"05","21642006"
"RIL-1139",NA,"05","24201094"
"RIL-1141",NA,"05","24778916"
"RIL-1142",NA,"05","24818258"
"RIL-1144",NA,"05","25812806"
"RIL-1146",NA,"05","27700357"
"RIL-1147",NA,"05","27701416"
"RIL-1148",NA,"05","27701654"
"RIL-1149",NA,"05","27701896"
"RIL-1152",NA,"05","28487644"
"RIL-1154",NA,"05","32280326"
"RIL-1155",NA,"05","32286114"
"RIL-1156",NA,"05","32888055"
"RIL-1157",NA,"05","33766706"
"RIL-1158",NA,"05","35411106"
"RIL-1159",NA,"05","35830043"
"RIL-1167",NA,"05","39686366"
"RIL-1173",NA,"05","41174011"
"RIL-1181",NA,"05","52988620"
"RIL-1188",NA,"05","67147806"
"RIL-1189",NA,"05","69157128"
"RIL-1190",NA,"05","70390269"
"RIL-1191",NA,"05","70396021"
"RIL-1192",NA,"05","70405529"
"RIL-1193",NA,"05","70408285"
"RIL-1194",NA,"05","70413256"
"RIL-1195",NA,"05","70690394"
"RIL-1196",NA,"05","70790881"
"RIL-1197",NA,"05","74338193"
"RIL-1202",NA,"05","84914317"
"RIL-1021",NA,"05","111541457"
"RIL-1031",NA,"05","131253077"
"RIL-1032",NA,"05","134612092"
"RIL-1033",NA,"05","135338224"
"RIL-1034",NA,"05","137670699"
"RIL-1035",NA,"05","139348355"
"RIL-1048",NA,"05","159479326"
"RIL-1050",NA,"05","162552887"
"RIL-1056",NA,"05","176745679"
"RIL-1063",NA,"05","191548440"
"RIL-1064",NA,"05","191570580"
"RIL-1065",NA,"05","192073559"
"RIL-1066",NA,"05","192135460"
"RIL-1069",NA,"05","201552330"
"RIL-1070",NA,"05","203121016"
"RIL-1071",NA,"05","203156016"
"RIL-1074",NA,"05","206778940"
"RIL-1075",NA,"05","208837222"
"RIL-1078",NA,"05","214065187"
"RIL-1079",NA,"05","214066796"
"RIL-1080",NA,"05","215131754"
"RIL-1083",NA,"05","216407593"
"RIL-1085",NA,"05","217749048"
"RIL-1086",NA,"05","218209659"
"RIL-1087",NA,"05","218257501"
"RIL-1088",NA,"05","221313908"
"RIL-1089",NA,"05","221634724"
"RIL-1090",NA,"05","221672474"
"RIL-1091",NA,"05","223529688"
"RIL-1092",NA,"05","224038442"
"RIL-1093",NA,"05","224039603"
"RIL-1094",NA,"05","224044024"
"RIL-1095",NA,"05","224046920"
"RIL-1096",NA,"05","224927038"
"RIL-1097",NA,"05","225126341"
"RIL-1099",NA,"05","225601755"
"RIL-1100",NA,"05","225602299"
"RIL-1101",NA,"05","225809785"
"RIL-1102",NA,"05","226051268"
"RIL-1103",NA,"05","227133777"
"RIL-1104",NA,"05","227347925"
"RIL-1106",NA,"05","228986478"
"RIL-1107",NA,"05","228986764"
"RIL-1108",NA,"05","229591070"
"RIL-1109",NA,"05","229634990"
"RIL-1110",NA,"05","229636478"
"RIL-1111",NA,"05","229898599"
"RIL-1112",NA,"05","229947380"
"RIL-1113",NA,"05","230103572"
"RIL-1114",NA,"05","230124685"
"RIL-1115",NA,"05","230327277"
"RIL-1116",NA,"05","230372651"
"RIL-1117",NA,"05","230384887"
"RIL-1118",NA,"05","230528384"
"RIL-1119",NA,"05","230529097"
"RIL-1120",NA,"05","230546611"
"RIL-1121",NA,"05","230551953"
"RIL-1122",NA,"05","230615793"
"RIL-1123",NA,"05","231079211"
"RIL-1124",NA,"05","231158042"
"RIL-1125",NA,"05","231158411"
"RIL-1127",NA,"05","231630328"
"RIL-1129",NA,"05","232032337"
"RIL-1130",NA,"05","232213185"
"RIL-1131",NA,"05","232337012"
"RIL-1132",NA,"05","232399700"
"RIL-1133",NA,"05","232770393"
"RIL-1135",NA,"05","233143905"
"RIL-1409",NA,"06","38051"
"RIL-1432",NA,"06","72326"
"RIL-1444",NA,"06","84708"
"RIL-1446",NA,"06","90041"
"RIL-1211",NA,"06","108912"
"RIL-1214",NA,"06","117424"
"RIL-1226",NA,"06","149400"
"RIL-1410",NA,"06","412036"
"RIL-1413",NA,"06","424617"
"RIL-1427",NA,"06","584023"
"RIL-1428",NA,"06","586691"
"RIL-1429",NA,"06","600840"
"RIL-1431",NA,"06","705720"
"RIL-1443",NA,"06","805319"
"RIL-1447",NA,"06","934392"
"RIL-1221",NA,"06","1338603"
"RIL-1222",NA,"06","1389415"
"RIL-1348",NA,"06","2205371"
"RIL-1377",NA,"06","2332289"
"RIL-1383",NA,"06","2343274"
"RIL-1384",NA,"06","2343482"
"RIL-1386",NA,"06","2346007"
"RIL-1393",NA,"06","2700269"
"RIL-1394",NA,"06","2708697"
"RIL-1395",NA,"06","2800324"
"RIL-1396",NA,"06","2886276"
"RIL-1397",NA,"06","3001535"
"RIL-1401",NA,"06","3413918"
"RIL-1402",NA,"06","3610175"
"RIL-1403",NA,"06","3664125"
"RIL-1404",NA,"06","3684969"
"RIL-1405",NA,"06","3687644"
"RIL-1406",NA,"06","3713099"
"RIL-1407",NA,"06","3801399"
"RIL-1408",NA,"06","3803526"
"RIL-1411",NA,"06","4168996"
"RIL-1412",NA,"06","4174077"
"RIL-1414",NA,"06","4278887"
"RIL-1416",NA,"06","4532655"
"RIL-1417",NA,"06","4608581"
"RIL-1418",NA,"06","4651342"
"RIL-1419",NA,"06","4651697"
"RIL-1420",NA,"06","4690304"
"RIL-1422",NA,"06","4880023"
"RIL-1423",NA,"06","4880358"
"RIL-1426",NA,"06","5811260"
"RIL-1433",NA,"06","7232980"
"RIL-1434",NA,"06","7289406"
"RIL-1436",NA,"06","7430459"
"RIL-1437",NA,"06","7433791"
"RIL-1438",NA,"06","7734769"
"RIL-1439",NA,"06","7753780"
"RIL-1440",NA,"06","7770276"
"RIL-1441",NA,"06","7991517"
"RIL-1442",NA,"06","7991847"
"RIL-1450",NA,"06","9926079"
"RIL-1451",NA,"06","9992857"
"RIL-1208",NA,"06","10664128"
"RIL-1209",NA,"06","10667217"
"RIL-1210",NA,"06","10705047"
"RIL-1212",NA,"06","10945415"
"RIL-1213",NA,"06","11594320"
"RIL-1216",NA,"06","12614482"
"RIL-1217",NA,"06","12746901"
"RIL-1220",NA,"06","13244621"
"RIL-1225",NA,"06","14939309"
"RIL-1235",NA,"06","16596818"
"RIL-1236",NA,"06","16650815"
"RIL-1240",NA,"06","17153985"
"RIL-1241",NA,"06","17165388"
"RIL-1266",NA,"06","18609240"
"RIL-1274",NA,"06","19330498"
"RIL-1333",NA,"06","21129506"
"RIL-1334",NA,"06","21130435"
"RIL-1337",NA,"06","21315104"
"RIL-1339",NA,"06","21374746"
"RIL-1344",NA,"06","21866765"
"RIL-1388",NA,"06","25197211"
"RIL-1389",NA,"06","25407293"
"RIL-1390",NA,"06","25487084"
"RIL-1391",NA,"06","26634595"
"RIL-1392",NA,"06","26673075"
"RIL-1398",NA,"06","32518305"
"RIL-1399",NA,"06","33664715"
"RIL-1400",NA,"06","33730652"
"RIL-1415",NA,"06","44716711"
"RIL-1421",NA,"06","48552610"
"RIL-1424",NA,"06","51576130"
"RIL-1425",NA,"06","57176935"
"RIL-1430",NA,"06","60344231"
"RIL-1435",NA,"06","72993649"
"RIL-1445",NA,"06","88223468"
"RIL-1448",NA,"06","95525614"
"RIL-1449",NA,"06","96910902"
"RIL-1206",NA,"06","100989095"
"RIL-1207",NA,"06","102297261"
"RIL-1215",NA,"06","121061150"
"RIL-1218",NA,"06","127868877"
"RIL-1219",NA,"06","128410126"
"RIL-1223",NA,"06","142492740"
"RIL-1224",NA,"06","146217651"
"RIL-1227",NA,"06","160340689"
"RIL-1228",NA,"06","160416826"
"RIL-1229",NA,"06","161156763"
"RIL-1230",NA,"06","161160141"
"RIL-1231",NA,"06","161279457"
"RIL-1232",NA,"06","161286363"
"RIL-1233",NA,"06","164674145"
"RIL-1234",NA,"06","165135668"
"RIL-1237",NA,"06","167804432"
"RIL-1238",NA,"06","168106260"
"RIL-1239",NA,"06","169108351"
"RIL-1242",NA,"06","174188500"
"RIL-1243",NA,"06","174349740"
"RIL-1244",NA,"06","174772719"
"RIL-1245",NA,"06","175807470"
"RIL-1246",NA,"06","177013828"
"RIL-1247",NA,"06","177023444"
"RIL-1248",NA,"06","177940749"
"RIL-1249",NA,"06","178186123"
"RIL-1250",NA,"06","178264197"
"RIL-1251",NA,"06","179282265"
"RIL-1252",NA,"06","179565797"
"RIL-1253",NA,"06","179645272"
"RIL-1254",NA,"06","180142916"
"RIL-1255",NA,"06","180780955"
"RIL-1256",NA,"06","180843304"
"RIL-1257",NA,"06","181066084"
"RIL-1258",NA,"06","181783616"
"RIL-1259",NA,"06","181783865"
"RIL-1260",NA,"06","181805757"
"RIL-1261",NA,"06","181807147"
"RIL-1262",NA,"06","182736597"
"RIL-1263",NA,"06","183845956"
"RIL-1264",NA,"06","184856530"
"RIL-1265",NA,"06","185540569"
"RIL-1267",NA,"06","186391711"
"RIL-1268",NA,"06","186978908"
"RIL-1269",NA,"06","188127942"
"RIL-1270",NA,"06","188128173"
"RIL-1271",NA,"06","188689990"
"RIL-1272",NA,"06","192228751"
"RIL-1273",NA,"06","192633368"
"RIL-1275",NA,"06","194237618"
"RIL-1276",NA,"06","194651592"
"RIL-1277",NA,"06","195698277"
"RIL-1278",NA,"06","198583080"
"RIL-1279",NA,"06","199098931"
"RIL-1280",NA,"06","200031056"
"RIL-1281",NA,"06","200031496"
"RIL-1282",NA,"06","200043622"
"RIL-1283",NA,"06","200046308"
"RIL-1284",NA,"06","200052209"
"RIL-1285",NA,"06","200795419"
"RIL-1286",NA,"06","200797004"
"RIL-1287",NA,"06","201226089"
"RIL-1288",NA,"06","201356911"
"RIL-1289",NA,"06","201365003"
"RIL-1290",NA,"06","201724395"
"RIL-1291",NA,"06","201725229"
"RIL-1292",NA,"06","201725563"
"RIL-1293",NA,"06","201978259"
"RIL-1294",NA,"06","201982838"
"RIL-1295",NA,"06","202108219"
"RIL-1296",NA,"06","204210586"
"RIL-1297",NA,"06","204243577"
"RIL-1298",NA,"06","204307832"
"RIL-1299",NA,"06","204643071"
"RIL-1300",NA,"06","204653248"
"RIL-1301",NA,"06","204654985"
"RIL-1302",NA,"06","204924051"
"RIL-1303",NA,"06","205280572"
"RIL-1304",NA,"06","205285529"
"RIL-1305",NA,"06","205289499"
"RIL-1306",NA,"06","205528718"
"RIL-1307",NA,"06","205529533"
"RIL-1308",NA,"06","206006147"
"RIL-1309",NA,"06","206794667"
"RIL-1310",NA,"06","206851199"
"RIL-1311",NA,"06","206884975"
"RIL-1312",NA,"06","206925357"
"RIL-1313",NA,"06","207459065"
"RIL-1314",NA,"06","207550974"
"RIL-1315",NA,"06","207553217"
"RIL-1316",NA,"06","207860856"
"RIL-1317",NA,"06","208110635"
"RIL-1318",NA,"06","208364509"
"RIL-1319",NA,"06","208582400"
"RIL-1320",NA,"06","208585911"
"RIL-1321",NA,"06","209007353"
"RIL-1322",NA,"06","209293745"
"RIL-1323",NA,"06","209515761"
"RIL-1324",NA,"06","209539475"
"RIL-1325",NA,"06","209664655"
"RIL-1326",NA,"06","209999930"
"RIL-1327",NA,"06","210000196"
"RIL-1328",NA,"06","210076603"
"RIL-1329",NA,"06","210076912"
"RIL-1330",NA,"06","210091454"
"RIL-1331",NA,"06","210140891"
"RIL-1332",NA,"06","210245378"
"RIL-1335",NA,"06","212793475"
"RIL-1336",NA,"06","212866444"
"RIL-1338",NA,"06","213570244"
"RIL-1340",NA,"06","216107228"
"RIL-1341",NA,"06","217755811"
"RIL-1342",NA,"06","217757467"
"RIL-1343",NA,"06","218080908"
"RIL-1345",NA,"06","218921621"
"RIL-1346",NA,"06","218953116"
"RIL-1347",NA,"06","219732363"
"RIL-1349",NA,"06","220575409"
"RIL-1350",NA,"06","220614483"
"RIL-1351",NA,"06","220662914"
"RIL-1352",NA,"06","220886015"
"RIL-1353",NA,"06","226323374"
"RIL-1354",NA,"06","226367129"
"RIL-1355",NA,"06","226685571"
"RIL-1356",NA,"06","226743561"
"RIL-1357",NA,"06","226793409"
"RIL-1358",NA,"06","226919021"
"RIL-1359",NA,"06","227057496"
"RIL-1360",NA,"06","227135197"
"RIL-1361",NA,"06","227136735"
"RIL-1362",NA,"06","228173286"
"RIL-1363",NA,"06","228177382"
"RIL-1364",NA,"06","228300826"
"RIL-1365",NA,"06","229885413"
"RIL-1366",NA,"06","230843296"
"RIL-1367",NA,"06","231046217"
"RIL-1368",NA,"06","231356728"
"RIL-1369",NA,"06","231538199"
"RIL-1370",NA,"06","231738923"
"RIL-1371",NA,"06","232140068"
"RIL-1372",NA,"06","232445669"
"RIL-1373",NA,"06","232559156"
"RIL-1374",NA,"06","232766998"
"RIL-1375",NA,"06","232771208"
"RIL-1376",NA,"06","232781025"
"RIL-1378",NA,"06","233390921"
"RIL-1379",NA,"06","233666994"
"RIL-1380",NA,"06","233683953"
"RIL-1381",NA,"06","233705642"
"RIL-1382",NA,"06","234250666"
"RIL-1385",NA,"06","234537736"
"RIL-1387",NA,"06","235131480"
"RIL-1614",NA,"07","766999"
"RIL-1616",NA,"07","822871"
"RIL-1617",NA,"07","823882"
"RIL-1456",NA,"07","1075238"
"RIL-1468",NA,"07","1389294"
"RIL-1469",NA,"07","1400513"
"RIL-1470",NA,"07","1400825"
"RIL-1471",NA,"07","1407013"
"RIL-1496",NA,"07","1896667"
"RIL-1502",NA,"07","1997487"
"RIL-1520",NA,"07","2091500"
"RIL-1523",NA,"07","2116659"
"RIL-1540",NA,"07","2180522"
"RIL-1550",NA,"07","2205664"
"RIL-1569",NA,"07","2253585"
"RIL-1604",NA,"07","3313402"
"RIL-1605",NA,"07","3383048"
"RIL-1606",NA,"07","3391702"
"RIL-1607",NA,"07","3600723"
"RIL-1608",NA,"07","3642161"
"RIL-1612",NA,"07","5872230"
"RIL-1613",NA,"07","5880330"
"RIL-1618",NA,"07","8529906"
"RIL-1619",NA,"07","8890056"
"RIL-1620",NA,"07","8890692"
"RIL-1621",NA,"07","8908050"
"RIL-1622",NA,"07","8915669"
"RIL-1623",NA,"07","9463674"
"RIL-1624",NA,"07","9476566"
"RIL-1452",NA,"07","10247912"
"RIL-1453",NA,"07","10251856"
"RIL-1454",NA,"07","10660766"
"RIL-1457",NA,"07","10975613"
"RIL-1462",NA,"07","12068809"
"RIL-1463",NA,"07","12169140"
"RIL-1478",NA,"07","15321395"
"RIL-1491",NA,"07","18237417"
"RIL-1492",NA,"07","18246651"
"RIL-1498",NA,"07","19144516"
"RIL-1499",NA,"07","19278974"
"RIL-1500",NA,"07","19948400"
"RIL-1507",NA,"07","20394298"
"RIL-1603",NA,"07","24417912"
"RIL-1609",NA,"07","40021752"
"RIL-1610",NA,"07","40022064"
"RIL-1611",NA,"07","55292343"
"RIL-1615",NA,"07","78012726"
"RIL-1625",NA,"07","95811771"
"RIL-1626",NA,"07","95817132"
"RIL-1627",NA,"07","95818863"
"RIL-1628",NA,"07","99338348"
"RIL-1455",NA,"07","106636136"
"RIL-1458",NA,"07","113939238"
"RIL-1459",NA,"07","113951759"
"RIL-1460",NA,"07","117776267"
"RIL-1461",NA,"07","119625821"
"RIL-1464",NA,"07","122949894"
"RIL-1465",NA,"07","123120083"
"RIL-1466",NA,"07","124951333"
"RIL-1467",NA,"07","132207288"
"RIL-1472",NA,"07","144908768"
"RIL-1473",NA,"07","145876076"
"RIL-1474",NA,"07","152167129"
"RIL-1475",NA,"07","152168421"
"RIL-1476",NA,"07","152379744"
"RIL-1477",NA,"07","152888667"
"RIL-1479",NA,"07","154832866"
"RIL-1480",NA,"07","155947923"
"RIL-1481",NA,"07","156388129"
"RIL-1482",NA,"07","163196732"
"RIL-1483",NA,"07","174174996"
"RIL-1484",NA,"07","174179974"
"RIL-1485",NA,"07","174931554"
"RIL-1486",NA,"07","175259410"
"RIL-1487",NA,"07","179998400"
"RIL-1488",NA,"07","180722341"
"RIL-1489",NA,"07","181518753"
"RIL-1490",NA,"07","181842432"
"RIL-1493",NA,"07","183384523"
"RIL-1494",NA,"07","183428100"
"RIL-1495",NA,"07","187754012"
"RIL-1497",NA,"07","190695654"
"RIL-1501",NA,"07","199717027"
"RIL-1503",NA,"07","199939000"
"RIL-1504",NA,"07","199942183"
"RIL-1505",NA,"07","203665853"
"RIL-1506",NA,"07","203666127"
"RIL-1508",NA,"07","205535848"
"RIL-1509",NA,"07","205678627"
"RIL-1510",NA,"07","205791310"
"RIL-1511",NA,"07","205828613"
"RIL-1512",NA,"07","205909860"
"RIL-1513",NA,"07","205918609"
"RIL-1514",NA,"07","205984876"
"RIL-1515",NA,"07","206041755"
"RIL-1516",NA,"07","207191648"
"RIL-1517",NA,"07","208355877"
"RIL-1518",NA,"07","208578934"
"RIL-1519",NA,"07","209020774"
"RIL-1521",NA,"07","209431596"
"RIL-1522",NA,"07","209438648"
"RIL-1524",NA,"07","211682777"
"RIL-1525",NA,"07","212508512"
"RIL-1526",NA,"07","212631837"
"RIL-1527",NA,"07","212856240"
"RIL-1528",NA,"07","212921460"
"RIL-1529",NA,"07","213257315"
"RIL-1530",NA,"07","213845690"
"RIL-1531",NA,"07","213847630"
"RIL-1532",NA,"07","214022413"
"RIL-1533",NA,"07","215335420"
"RIL-1534",NA,"07","216782870"
"RIL-1535",NA,"07","217455563"
"RIL-1536",NA,"07","217486170"
"RIL-1537",NA,"07","218018209"
"RIL-1538",NA,"07","218018413"
"RIL-1539",NA,"07","218021007"
"RIL-1541",NA,"07","218056114"
"RIL-1542",NA,"07","218178485"
"RIL-1543",NA,"07","218179643"
"RIL-1544",NA,"07","218807037"
"RIL-1545",NA,"07","218807810"
"RIL-1546",NA,"07","219605197"
"RIL-1547",NA,"07","219996080"
"RIL-1548",NA,"07","220036822"
"RIL-1549",NA,"07","220124866"
"RIL-1551",NA,"07","221693588"
"RIL-1552",NA,"07","221746474"
"RIL-1553",NA,"07","223209080"
"RIL-1554",NA,"07","223235535"
"RIL-1555",NA,"07","223306801"
"RIL-1556",NA,"07","223974607"
"RIL-1557",NA,"07","224052705"
"RIL-1558",NA,"07","224120276"
"RIL-1559",NA,"07","224395927"
"RIL-1560",NA,"07","224429488"
"RIL-1561",NA,"07","224482715"
"RIL-1562",NA,"07","224736915"
"RIL-1563",NA,"07","224791768"
"RIL-1564",NA,"07","225103980"
"RIL-1565",NA,"07","225168790"
"RIL-1566",NA,"07","225244342"
"RIL-1567",NA,"07","225273946"
"RIL-1568",NA,"07","225331984"
"RIL-1570",NA,"07","225442601"
"RIL-1571",NA,"07","225450183"
"RIL-1572",NA,"07","225522508"
"RIL-1573",NA,"07","225588275"
"RIL-1574",NA,"07","226878322"
"RIL-1575",NA,"07","227088998"
"RIL-1576",NA,"07","227101890"
"RIL-1577",NA,"07","227203252"
"RIL-1578",NA,"07","227529623"
"RIL-1579",NA,"07","227531479"
"RIL-1580",NA,"07","227643255"
"RIL-1581",NA,"07","227784696"
"RIL-1582",NA,"07","228055982"
"RIL-1583",NA,"07","228081863"
"RIL-1584",NA,"07","228142070"
"RIL-1585",NA,"07","228152971"
"RIL-1586",NA,"07","228550859"
"RIL-1587",NA,"07","228618764"
"RIL-1588",NA,"07","228653310"
"RIL-1589",NA,"07","228674756"
"RIL-1590",NA,"07","228683869"
"RIL-1591",NA,"07","228733016"
"RIL-1592",NA,"07","228796988"
"RIL-1593",NA,"07","229046933"
"RIL-1594",NA,"07","229187824"
"RIL-1595",NA,"07","229291722"
"RIL-1596",NA,"07","229296245"
"RIL-1597",NA,"07","229430137"
"RIL-1598",NA,"07","229449216"
"RIL-1599",NA,"07","229626420"
"RIL-1600",NA,"07","229632258"
"RIL-1601",NA,"07","229965250"
"RIL-1602",NA,"07","231102455"
"RIL-2664",NA,"08","377297"
"RIL-2665",NA,"08","379044"
"RIL-2672",NA,"08","626978"
"RIL-2673",NA,"08","638244"
"RIL-2674",NA,"08","644887"
"RIL-2675",NA,"08","655303"
"RIL-2680",NA,"08","828672"
"RIL-2441",NA,"08","1165515"
"RIL-2657",NA,"08","2060159"
"RIL-2658",NA,"08","2199901"
"RIL-2659",NA,"08","2294367"
"RIL-2660",NA,"08","2298611"
"RIL-2661",NA,"08","2367990"
"RIL-2662",NA,"08","3410094"
"RIL-2663",NA,"08","3417658"
"RIL-2432",NA,"08","10377283"
"RIL-2654",NA,"08","15423520"
"RIL-2655",NA,"08","18400489"
"RIL-2656",NA,"08","18488753"
"RIL-2666",NA,"08","39790511"
"RIL-2667",NA,"08","42241658"
"RIL-2668",NA,"08","42948380"
"RIL-2669",NA,"08","50194772"
"RIL-2670",NA,"08","50197835"
"RIL-2671",NA,"08","54294873"
"RIL-2676",NA,"08","73343481"
"RIL-2677",NA,"08","79934506"
"RIL-2678",NA,"08","79936766"
"RIL-2679",NA,"08","81512927"
"RIL-2681",NA,"08","86383514"
"RIL-2682",NA,"08","87238622"
"RIL-2683",NA,"08","88903696"
"RIL-2684",NA,"08","97505280"
"RIL-2433",NA,"08","110919391"
"RIL-2434",NA,"08","111222389"
"RIL-2435",NA,"08","111586866"
"RIL-2436",NA,"08","112472612"
"RIL-2437",NA,"08","112608853"
"RIL-2438",NA,"08","114144840"
"RIL-2439",NA,"08","114421060"
"RIL-2440",NA,"08","115018398"
"RIL-2442",NA,"08","117806398"
"RIL-2443",NA,"08","119059059"
"RIL-2444",NA,"08","120067198"
"RIL-2445",NA,"08","120691941"
"RIL-2446",NA,"08","121985139"
"RIL-2447",NA,"08","122117792"
"RIL-2448",NA,"08","122204219"
"RIL-2449",NA,"08","122204706"
"RIL-2450",NA,"08","122253509"
"RIL-2451",NA,"08","122339408"
"RIL-2452",NA,"08","122356911"
"RIL-2453",NA,"08","122400031"
"RIL-2454",NA,"08","122472790"
"RIL-2455",NA,"08","122485177"
"RIL-2456",NA,"08","122486692"
"RIL-2457",NA,"08","122554442"
"RIL-2458",NA,"08","122597786"
"RIL-2459",NA,"08","122600796"
"RIL-2460",NA,"08","122601309"
"RIL-2461",NA,"08","122713313"
"RIL-2462",NA,"08","122786015"
"RIL-2463",NA,"08","122819668"
"RIL-2464",NA,"08","122819987"
"RIL-2465",NA,"08","123135853"
"RIL-2466",NA,"08","123193816"
"RIL-2467",NA,"08","123202007"
"RIL-2468",NA,"08","123292930"
"RIL-2469",NA,"08","123309014"
"RIL-2470",NA,"08","123404974"
"RIL-2471",NA,"08","123471704"
"RIL-2472",NA,"08","123473035"
"RIL-2473",NA,"08","123490300"
"RIL-2474",NA,"08","123710190"
"RIL-2475",NA,"08","123721062"
"RIL-2476",NA,"08","123750821"
"RIL-2477",NA,"08","123752037"
"RIL-2478",NA,"08","123757195"
"RIL-2479",NA,"08","123783056"
"RIL-2480",NA,"08","123783455"
"RIL-2481",NA,"08","123847329"
"RIL-2482",NA,"08","123942258"
"RIL-2483",NA,"08","123969236"
"RIL-2484",NA,"08","123973435"
"RIL-2485",NA,"08","124034605"
"RIL-2486",NA,"08","124039484"
"RIL-2487",NA,"08","124085854"
"RIL-2488",NA,"08","124098975"
"RIL-2489",NA,"08","124099418"
"RIL-2490",NA,"08","124100516"
"RIL-2491",NA,"08","124143625"
"RIL-2492",NA,"08","124228644"
"RIL-2493",NA,"08","124231028"
"RIL-2494",NA,"08","124429803"
"RIL-2495",NA,"08","124438389"
"RIL-2496",NA,"08","124447061"
"RIL-2497",NA,"08","124448136"
"RIL-2498",NA,"08","124448459"
"RIL-2499",NA,"08","124452803"
"RIL-2500",NA,"08","124490731"
"RIL-2501",NA,"08","124491633"
"RIL-2502",NA,"08","124492419"
"RIL-2503",NA,"08","124595024"
"RIL-2504",NA,"08","124626664"
"RIL-2505",NA,"08","124755010"
"RIL-2506",NA,"08","124918971"
"RIL-2507",NA,"08","124919580"
"RIL-2508",NA,"08","125132278"
"RIL-2509",NA,"08","125243527"
"RIL-2510",NA,"08","125262485"
"RIL-2511",NA,"08","125270769"
"RIL-2512",NA,"08","125321842"
"RIL-2513",NA,"08","125456418"
"RIL-2514",NA,"08","125497938"
"RIL-2515",NA,"08","125507971"
"RIL-2516",NA,"08","125555725"
"RIL-2517",NA,"08","125610443"
"RIL-2518",NA,"08","126002702"
"RIL-2519",NA,"08","126003674"
"RIL-2520",NA,"08","126012603"
"RIL-2521",NA,"08","126025165"
"RIL-2522",NA,"08","126204215"
"RIL-2523",NA,"08","126768807"
"RIL-2524",NA,"08","127632501"
"RIL-2525",NA,"08","127641594"
"RIL-2526",NA,"08","127686360"
"RIL-2527",NA,"08","127969337"
"RIL-2528",NA,"08","128255595"
"RIL-2529",NA,"08","128410219"
"RIL-2530",NA,"08","129198085"
"RIL-2531",NA,"08","129448543"
"RIL-2532",NA,"08","132884963"
"RIL-2533",NA,"08","135214626"
"RIL-2534",NA,"08","135228934"
"RIL-2535",NA,"08","135499489"
"RIL-2536",NA,"08","135945306"
"RIL-2537",NA,"08","135952554"
"RIL-2538",NA,"08","135952930"
"RIL-2539",NA,"08","135957505"
"RIL-2540",NA,"08","135958345"
"RIL-2541",NA,"08","136044213"
"RIL-2542",NA,"08","136045747"
"RIL-2543",NA,"08","136814041"
"RIL-2544",NA,"08","136937967"
"RIL-2545",NA,"08","137038015"
"RIL-2546",NA,"08","137073307"
"RIL-2547",NA,"08","137121718"
"RIL-2548",NA,"08","137122229"
"RIL-2549",NA,"08","137142923"
"RIL-2550",NA,"08","137232604"
"RIL-2551",NA,"08","137371395"
"RIL-2552",NA,"08","137374485"
"RIL-2553",NA,"08","137384363"
"RIL-2554",NA,"08","137760811"
"RIL-2555",NA,"08","137768315"
"RIL-2556",NA,"08","137772322"
"RIL-2557",NA,"08","137778560"
"RIL-2558",NA,"08","137783846"
"RIL-2559",NA,"08","137802933"
"RIL-2560",NA,"08","137823094"
"RIL-2561",NA,"08","137826112"
"RIL-2562",NA,"08","137831577"
"RIL-2563",NA,"08","137859373"
"RIL-2564",NA,"08","137862018"
"RIL-2565",NA,"08","137862759"
"RIL-2566",NA,"08","137868624"
"RIL-2567",NA,"08","137870783"
"RIL-2568",NA,"08","137902840"
"RIL-2569",NA,"08","137903202"
"RIL-2570",NA,"08","137904034"
"RIL-2571",NA,"08","137918585"
"RIL-2572",NA,"08","138019157"
"RIL-2573",NA,"08","138024379"
"RIL-2574",NA,"08","138184697"
"RIL-2575",NA,"08","138246006"
"RIL-2576",NA,"08","138297203"
"RIL-2577",NA,"08","138298144"
"RIL-2578",NA,"08","138417878"
"RIL-2579",NA,"08","138418127"
"RIL-2580",NA,"08","138418445"
"RIL-2581",NA,"08","138434181"
"RIL-2582",NA,"08","138499599"
"RIL-2583",NA,"08","138514211"
"RIL-2584",NA,"08","138698814"
"RIL-2585",NA,"08","138782144"
"RIL-2586",NA,"08","138805202"
"RIL-2587",NA,"08","138871973"
"RIL-2588",NA,"08","138873106"
"RIL-2589",NA,"08","139096237"
"RIL-2590",NA,"08","139336016"
"RIL-2591",NA,"08","139338769"
"RIL-2592",NA,"08","139352159"
"RIL-2593",NA,"08","139356209"
"RIL-2594",NA,"08","139356763"
"RIL-2595",NA,"08","139363578"
"RIL-2596",NA,"08","139371166"
"RIL-2597",NA,"08","139382597"
"RIL-2598",NA,"08","139382959"
"RIL-2599",NA,"08","139383496"
"RIL-2600",NA,"08","139385330"
"RIL-2601",NA,"08","139458061"
"RIL-2602",NA,"08","139504978"
"RIL-2603",NA,"08","139536749"
"RIL-2604",NA,"08","139540159"
"RIL-2605",NA,"08","139599502"
"RIL-2606",NA,"08","139605321"
"RIL-2607",NA,"08","139635402"
"RIL-2608",NA,"08","139924657"
"RIL-2609",NA,"08","139989768"
"RIL-2610",NA,"08","140131260"
"RIL-2611",NA,"08","140153172"
"RIL-2612",NA,"08","140423789"
"RIL-2613",NA,"08","140451353"
"RIL-2614",NA,"08","140472436"
"RIL-2615",NA,"08","140481355"
"RIL-2616",NA,"08","140537708"
"RIL-2617",NA,"08","140764837"
"RIL-2618",NA,"08","140787843"
"RIL-2619",NA,"08","141118051"
"RIL-2620",NA,"08","141118381"
"RIL-2621",NA,"08","141118664"
"RIL-2622",NA,"08","141126929"
"RIL-2623",NA,"08","141145669"
"RIL-2624",NA,"08","141147849"
"RIL-2625",NA,"08","141155370"
"RIL-2626",NA,"08","141272747"
"RIL-2627",NA,"08","141273653"
"RIL-2628",NA,"08","141274597"
"RIL-2629",NA,"08","141344053"
"RIL-2630",NA,"08","141800384"
"RIL-2631",NA,"08","141805018"
"RIL-2632",NA,"08","141876297"
"RIL-2633",NA,"08","142130545"
"RIL-2634",NA,"08","142308990"
"RIL-2635",NA,"08","142464142"
"RIL-2636",NA,"08","142698929"
"RIL-2637",NA,"08","142882933"
"RIL-2638",NA,"08","142988382"
"RIL-2639",NA,"08","142988600"
"RIL-2640",NA,"08","143080222"
"RIL-2641",NA,"08","143212879"
"RIL-2642",NA,"08","143376266"
"RIL-2643",NA,"08","143715768"
"RIL-2644",NA,"08","143753122"
"RIL-2645",NA,"08","143897988"
"RIL-2646",NA,"08","144058763"
"RIL-2647",NA,"08","144206961"
"RIL-2648",NA,"08","144550406"
"RIL-2649",NA,"08","144635822"
"RIL-2650",NA,"08","144716324"
"RIL-2651",NA,"08","144731733"
"RIL-2652",NA,"08","144734638"
"RIL-2653",NA,"08","144792844"
"RIL-1751",NA,"09","682732"
"RIL-1752",NA,"09","688141"
"RIL-1754",NA,"09","711782"
"RIL-1755",NA,"09","712842"
"RIL-1757",NA,"09","714765"
"RIL-1765",NA,"09","810679"
"RIL-1676",NA,"09","1719168"
"RIL-1683",NA,"09","1725288"
"RIL-1690",NA,"09","1813453"
"RIL-1691",NA,"09","1813852"
"RIL-1717",NA,"09","2390739"
"RIL-1718",NA,"09","2407781"
"RIL-1719",NA,"09","2427646"
"RIL-1720",NA,"09","2462082"
"RIL-1727",NA,"09","3012457"
"RIL-1731",NA,"09","3949076"
"RIL-1742",NA,"09","6047079"
"RIL-1743",NA,"09","6048764"
"RIL-1744",NA,"09","6065935"
"RIL-1773",NA,"09","8656881"
"RIL-1775",NA,"09","8902676"
"RIL-1777",NA,"09","8961230"
"RIL-1779",NA,"09","8983090"
"RIL-1780",NA,"09","8983927"
"RIL-1629",NA,"09","10201853"
"RIL-1630",NA,"09","10351777"
"RIL-1631",NA,"09","10356753"
"RIL-1632",NA,"09","10792888"
"RIL-1636",NA,"09","12065352"
"RIL-1671",NA,"09","16788628"
"RIL-1699",NA,"09","18666093"
"RIL-1707",NA,"09","20126356"
"RIL-1711",NA,"09","22229964"
"RIL-1714",NA,"09","22965625"
"RIL-1716",NA,"09","23792331"
"RIL-1725",NA,"09","25629120"
"RIL-1726",NA,"09","25955899"
"RIL-1728",NA,"09","30246487"
"RIL-1729",NA,"09","34266413"
"RIL-1730",NA,"09","37190266"
"RIL-1732",NA,"09","46880947"
"RIL-1733",NA,"09","49767291"
"RIL-1734",NA,"09","50098634"
"RIL-1735",NA,"09","50191157"
"RIL-1736",NA,"09","50193640"
"RIL-1737",NA,"09","50645197"
"RIL-1738",NA,"09","59533392"
"RIL-1739",NA,"09","59536647"
"RIL-1740",NA,"09","59541133"
"RIL-1741",NA,"09","59541399"
"RIL-1745",NA,"09","63137366"
"RIL-1746",NA,"09","64772405"
"RIL-1747",NA,"09","64873429"
"RIL-1748",NA,"09","64886119"
"RIL-1749",NA,"09","65273240"
"RIL-1750",NA,"09","66338807"
"RIL-1753",NA,"09","69791942"
"RIL-1756",NA,"09","71410027"
"RIL-1758",NA,"09","72788044"
"RIL-1759",NA,"09","74143725"
"RIL-1760",NA,"09","75183724"
"RIL-1761",NA,"09","75184054"
"RIL-1762",NA,"09","75781812"
"RIL-1763",NA,"09","77153688"
"RIL-1764",NA,"09","80984974"
"RIL-1766",NA,"09","82392358"
"RIL-1767",NA,"09","83571441"
"RIL-1768",NA,"09","83571694"
"RIL-1769",NA,"09","84607881"
"RIL-1770",NA,"09","84626058"
"RIL-1771",NA,"09","84628501"
"RIL-1772",NA,"09","84629910"
"RIL-1774",NA,"09","86952625"
"RIL-1776",NA,"09","89477858"
"RIL-1778",NA,"09","89628814"
"RIL-1633",NA,"09","110095583"
"RIL-1634",NA,"09","113496287"
"RIL-1635",NA,"09","113497099"
"RIL-1637",NA,"09","127701185"
"RIL-1638",NA,"09","127921710"
"RIL-1639",NA,"09","128210429"
"RIL-1640",NA,"09","128639999"
"RIL-1641",NA,"09","128855742"
"RIL-1642",NA,"09","131130535"
"RIL-1643",NA,"09","135493901"
"RIL-1644",NA,"09","136444681"
"RIL-1645",NA,"09","137658454"
"RIL-1646",NA,"09","144398301"
"RIL-1647",NA,"09","144403262"
"RIL-1648",NA,"09","144847715"
"RIL-1649",NA,"09","147972623"
"RIL-1650",NA,"09","149257865"
"RIL-1651",NA,"09","149592222"
"RIL-1652",NA,"09","150830675"
"RIL-1653",NA,"09","150842498"
"RIL-1654",NA,"09","151952839"
"RIL-1655",NA,"09","152299090"
"RIL-1656",NA,"09","153393907"
"RIL-1657",NA,"09","154174071"
"RIL-1658",NA,"09","154625998"
"RIL-1659",NA,"09","154717539"
"RIL-1660",NA,"09","154723602"
"RIL-1661",NA,"09","155103185"
"RIL-1662",NA,"09","155407537"
"RIL-1663",NA,"09","157707957"
"RIL-1664",NA,"09","157711044"
"RIL-1665",NA,"09","157713762"
"RIL-1666",NA,"09","158998162"
"RIL-1667",NA,"09","161850210"
"RIL-1668",NA,"09","162397218"
"RIL-1669",NA,"09","164514575"
"RIL-1670",NA,"09","167050244"
"RIL-1672",NA,"09","169434959"
"RIL-1673",NA,"09","169437197"
"RIL-1674",NA,"09","171228748"
"RIL-1675",NA,"09","171229626"
"RIL-1677",NA,"09","172121385"
"RIL-1678",NA,"09","172122274"
"RIL-1679",NA,"09","172129468"
"RIL-1680",NA,"09","172494680"
"RIL-1681",NA,"09","172496205"
"RIL-1682",NA,"09","172499026"
"RIL-1684",NA,"09","173449755"
"RIL-1685",NA,"09","173658744"
"RIL-1686",NA,"09","174850549"
"RIL-1687",NA,"09","175811962"
"RIL-1688",NA,"09","176453860"
"RIL-1689",NA,"09","176622808"
"RIL-1692",NA,"09","183410379"
"RIL-1693",NA,"09","183850878"
"RIL-1694",NA,"09","183853477"
"RIL-1695",NA,"09","183854123"
"RIL-1696",NA,"09","183876280"
"RIL-1697",NA,"09","184566082"
"RIL-1698",NA,"09","185833076"
"RIL-1700",NA,"09","188012580"
"RIL-1701",NA,"09","188016042"
"RIL-1702",NA,"09","191672020"
"RIL-1703",NA,"09","191672403"
"RIL-1704",NA,"09","191779334"
"RIL-1705",NA,"09","194607276"
"RIL-1706",NA,"09","195602040"
"RIL-1708",NA,"09","202394129"
"RIL-1709",NA,"09","220973805"
"RIL-1710",NA,"09","221355521"
"RIL-1712",NA,"09","223492976"
"RIL-1713",NA,"09","223988809"
"RIL-1715",NA,"09","235895759"
"RIL-1721",NA,"09","246553320"
"RIL-1722",NA,"09","248083014"
"RIL-1723",NA,"09","248678176"
"RIL-1724",NA,"09","249593536"
"RIL-1803",NA,"10","158066"
"RIL-1804",NA,"10","158315"
"RIL-1805",NA,"10","158866"
"RIL-1965",NA,"10","264957"
"RIL-2004",NA,"10","834709"
"RIL-2005",NA,"10","836656"
"RIL-1802",NA,"10","1526199"
"RIL-1806",NA,"10","1594244"
"RIL-1808",NA,"10","1658463"
"RIL-1811",NA,"10","1679832"
"RIL-1812",NA,"10","1683018"
"RIL-1823",NA,"10","1786227"
"RIL-1824",NA,"10","1795090"
"RIL-1825",NA,"10","1821598"
"RIL-1864",NA,"10","2135798"
"RIL-1865",NA,"10","2136164"
"RIL-1867",NA,"10","2149679"
"RIL-1871",NA,"10","2165983"
"RIL-1941",NA,"10","2302020"
"RIL-1966",NA,"10","3008603"
"RIL-1967",NA,"10","3041669"
"RIL-1968",NA,"10","3055584"
"RIL-1974",NA,"10","3315715"
"RIL-1976",NA,"10","3354565"
"RIL-1978",NA,"10","3831756"
"RIL-1979",NA,"10","3833578"
"RIL-1980",NA,"10","3879910"
"RIL-1981",NA,"10","3892301"
"RIL-1982",NA,"10","4089100"
"RIL-1990",NA,"10","5100788"
"RIL-1991",NA,"10","5116539"
"RIL-1993",NA,"10","5251428"
"RIL-1994",NA,"10","5251676"
"RIL-1995",NA,"10","5253468"
"RIL-1999",NA,"10","6718979"
"RIL-2000",NA,"10","6719490"
"RIL-2003",NA,"10","8069300"
"RIL-2006",NA,"10","9451096"
"RIL-2007",NA,"10","9451345"
"RIL-2008",NA,"10","9453418"
"RIL-1781",NA,"10","10749866"
"RIL-1788",NA,"10","11212887"
"RIL-1790",NA,"10","11363546"
"RIL-1791",NA,"10","11647616"
"RIL-1792",NA,"10","12322049"
"RIL-1793",NA,"10","12363726"
"RIL-1795",NA,"10","12836904"
"RIL-1799",NA,"10","14222430"
"RIL-1800",NA,"10","14223128"
"RIL-1816",NA,"10","17184811"
"RIL-1817",NA,"10","17189765"
"RIL-1835",NA,"10","19080197"
"RIL-1843",NA,"10","19950827"
"RIL-1848",NA,"10","20014445"
"RIL-1854",NA,"10","20245091"
"RIL-1907",NA,"10","22397736"
"RIL-1964",NA,"10","23784574"
"RIL-1969",NA,"10","31071693"
"RIL-1970",NA,"10","31073727"
"RIL-1971",NA,"10","31676315"
"RIL-1972",NA,"10","31971962"
"RIL-1973",NA,"10","32307679"
"RIL-1975",NA,"10","33192042"
"RIL-1977",NA,"10","34178053"
"RIL-1983",NA,"10","45782115"
"RIL-1984",NA,"10","45839821"
"RIL-1985",NA,"10","46112136"
"RIL-1986",NA,"10","46722016"
"RIL-1987",NA,"10","46956786"
"RIL-1988",NA,"10","48523253"
"RIL-1989",NA,"10","50743849"
"RIL-1992",NA,"10","52399822"
"RIL-1996",NA,"10","55042141"
"RIL-1997",NA,"10","59259408"
"RIL-1998",NA,"10","61013173"
"RIL-2001",NA,"10","68297074"
"RIL-2002",NA,"10","74032512"
"RIL-1782",NA,"10","109626331"
"RIL-1783",NA,"10","109626799"
"RIL-1784",NA,"10","109642495"
"RIL-1785",NA,"10","110750578"
"RIL-1786",NA,"10","110865842"
"RIL-1787",NA,"10","111258404"
"RIL-1789",NA,"10","112664072"
"RIL-1794",NA,"10","127038464"
"RIL-1796",NA,"10","129248869"
"RIL-1797",NA,"10","139543496"
"RIL-1798",NA,"10","141936471"
"RIL-1801",NA,"10","143601623"
"RIL-1807",NA,"10","164757153"
"RIL-1809",NA,"10","166167156"
"RIL-1810",NA,"10","167007657"
"RIL-1813",NA,"10","169805840"
"RIL-1814",NA,"10","170965820"
"RIL-1815",NA,"10","170979348"
"RIL-1818",NA,"10","172740873"
"RIL-1819",NA,"10","172742408"
"RIL-1820",NA,"10","173117134"
"RIL-1821",NA,"10","175554795"
"RIL-1822",NA,"10","176560160"
"RIL-1826",NA,"10","182216283"
"RIL-1827",NA,"10","182467652"
"RIL-1828",NA,"10","184978674"
"RIL-1829",NA,"10","186129880"
"RIL-1830",NA,"10","186328558"
"RIL-1831",NA,"10","187755577"
"RIL-1832",NA,"10","188174712"
"RIL-1833",NA,"10","188337162"
"RIL-1834",NA,"10","188567062"
"RIL-1836",NA,"10","191299498"
"RIL-1837",NA,"10","193727501"
"RIL-1838",NA,"10","193763288"
"RIL-1839",NA,"10","194892015"
"RIL-1840",NA,"10","194974588"
"RIL-1841",NA,"10","195586229"
"RIL-1842",NA,"10","196571402"
"RIL-1844",NA,"10","199685454"
"RIL-1845",NA,"10","199701638"
"RIL-1846",NA,"10","199702550"
"RIL-1847",NA,"10","200120414"
"RIL-1849",NA,"10","200313819"
"RIL-1850",NA,"10","200444548"
"RIL-1851",NA,"10","200560288"
"RIL-1852",NA,"10","201405199"
"RIL-1853",NA,"10","201405417"
"RIL-1855",NA,"10","202543028"
"RIL-1856",NA,"10","202643911"
"RIL-1857",NA,"10","204741866"
"RIL-1858",NA,"10","205839794"
"RIL-1859",NA,"10","207029427"
"RIL-1860",NA,"10","207399266"
"RIL-1861",NA,"10","207400098"
"RIL-1862",NA,"10","212064973"
"RIL-1863",NA,"10","212675144"
"RIL-1866",NA,"10","214814062"
"RIL-1868",NA,"10","214984838"
"RIL-1869",NA,"10","215935864"
"RIL-1870",NA,"10","215940061"
"RIL-1872",NA,"10","217429184"
"RIL-1873",NA,"10","217444848"
"RIL-1874",NA,"10","217523017"
"RIL-1875",NA,"10","218177953"
"RIL-1876",NA,"10","218196510"
"RIL-1877",NA,"10","218202798"
"RIL-1878",NA,"10","218268596"
"RIL-1879",NA,"10","218307758"
"RIL-1880",NA,"10","219916246"
"RIL-1881",NA,"10","219975369"
"RIL-1882",NA,"10","219979806"
"RIL-1883",NA,"10","219980202"
"RIL-1884",NA,"10","220039794"
"RIL-1885",NA,"10","220061247"
"RIL-1886",NA,"10","220061771"
"RIL-1887",NA,"10","220166520"
"RIL-1888",NA,"10","220493975"
"RIL-1889",NA,"10","220494452"
"RIL-1890",NA,"10","220525635"
"RIL-1891",NA,"10","220968808"
"RIL-1892",NA,"10","220983619"
"RIL-1893",NA,"10","220984749"
"RIL-1894",NA,"10","221022148"
"RIL-1895",NA,"10","221068600"
"RIL-1896",NA,"10","221069202"
"RIL-1897",NA,"10","221099751"
"RIL-1898",NA,"10","221100620"
"RIL-1899",NA,"10","221297948"
"RIL-1900",NA,"10","221955646"
"RIL-1901",NA,"10","221955957"
"RIL-1902",NA,"10","222132316"
"RIL-1903",NA,"10","222265468"
"RIL-1904",NA,"10","222522116"
"RIL-1905",NA,"10","223493507"
"RIL-1906",NA,"10","223675840"
"RIL-1908",NA,"10","223994194"
"RIL-1909",NA,"10","224091913"
"RIL-1910",NA,"10","224647387"
"RIL-1911",NA,"10","225290327"
"RIL-1912",NA,"10","225376118"
"RIL-1913",NA,"10","225534438"
"RIL-1914",NA,"10","225573824"
"RIL-1915",NA,"10","225599755"
"RIL-1916",NA,"10","225602557"
"RIL-1917",NA,"10","225604004"
"RIL-1918",NA,"10","226749323"
"RIL-1919",NA,"10","226760517"
"RIL-1920",NA,"10","226926778"
"RIL-1921",NA,"10","226945032"
"RIL-1922",NA,"10","226962999"
"RIL-1923",NA,"10","226971998"
"RIL-1924",NA,"10","226983731"
"RIL-1925",NA,"10","226985985"
"RIL-1926",NA,"10","227028883"
"RIL-1927",NA,"10","227215221"
"RIL-1928",NA,"10","227412444"
"RIL-1929",NA,"10","228040242"
"RIL-1930",NA,"10","228040485"
"RIL-1931",NA,"10","228068997"
"RIL-1932",NA,"10","228547692"
"RIL-1933",NA,"10","228819222"
"RIL-1934",NA,"10","229578256"
"RIL-1935",NA,"10","229626975"
"RIL-1936",NA,"10","229768648"
"RIL-1937",NA,"10","229843959"
"RIL-1938",NA,"10","229954248"
"RIL-1939",NA,"10","230100178"
"RIL-1940",NA,"10","230131669"
"RIL-1942",NA,"10","230218050"
"RIL-1943",NA,"10","230321740"
"RIL-1944",NA,"10","230670635"
"RIL-1945",NA,"10","230670983"
"RIL-1946",NA,"10","230915737"
"RIL-1947",NA,"10","231065870"
"RIL-1948",NA,"10","231076455"
"RIL-1949",NA,"10","231145824"
"RIL-1950",NA,"10","231272058"
"RIL-1951",NA,"10","231712155"
"RIL-1952",NA,"10","231812180"
"RIL-1953",NA,"10","231815287"
"RIL-1954",NA,"10","231946586"
"RIL-1955",NA,"10","232055640"
"RIL-1956",NA,"10","232244725"
"RIL-1957",NA,"10","232420963"
"RIL-1958",NA,"10","232703309"
"RIL-1959",NA,"10","233080443"
"RIL-1960",NA,"10","233090438"
"RIL-1961",NA,"10","233339914"
"RIL-1962",NA,"10","233356292"
"RIL-1963",NA,"10","233357242"
"RIL-2024",NA,"11","140521"
"RIL-2026",NA,"11","145261"
"RIL-2027",NA,"11","145507"
"RIL-2102",NA,"11","235505"
"RIL-2166",NA,"11","326919"
"RIL-2168",NA,"11","349851"
"RIL-2208",NA,"11","865875"
"RIL-2014",NA,"11","1091250"
"RIL-2016",NA,"11","1135811"
"RIL-2037",NA,"11","1589615"
"RIL-2038",NA,"11","1612415"
"RIL-2039",NA,"11","1612750"
"RIL-2061",NA,"11","1965855"
"RIL-2167",NA,"11","3434262"
"RIL-2171",NA,"11","3996298"
"RIL-2172",NA,"11","3997887"
"RIL-2178",NA,"11","5497024"
"RIL-2179",NA,"11","5498647"
"RIL-2183",NA,"11","6356637"
"RIL-2188",NA,"11","7651971"
"RIL-2189",NA,"11","7654258"
"RIL-2191",NA,"11","7721460"
"RIL-2192",NA,"11","7743887"
"RIL-2194",NA,"11","7890946"
"RIL-2195",NA,"11","7927006"
"RIL-2196",NA,"11","8008105"
"RIL-2197",NA,"11","8026598"
"RIL-2198",NA,"11","8026946"
"RIL-2199",NA,"11","8049433"
"RIL-2200",NA,"11","8049785"
"RIL-2201",NA,"11","8070319"
"RIL-2202",NA,"11","8096402"
"RIL-2209",NA,"11","9062782"
"RIL-2009",NA,"11","10090134"
"RIL-2010",NA,"11","10096776"
"RIL-2015",NA,"11","11287405"
"RIL-2017",NA,"11","12870683"
"RIL-2018",NA,"11","12871530"
"RIL-2019",NA,"11","12871798"
"RIL-2020",NA,"11","13003979"
"RIL-2025",NA,"11","14501439"
"RIL-2028",NA,"11","14664700"
"RIL-2029",NA,"11","14670307"
"RIL-2030",NA,"11","14690650"
"RIL-2031",NA,"11","14770216"
"RIL-2032",NA,"11","14896721"
"RIL-2033",NA,"11","14898325"
"RIL-2034",NA,"11","14912684"
"RIL-2035",NA,"11","15126263"
"RIL-2036",NA,"11","15231266"
"RIL-2040",NA,"11","16343738"
"RIL-2041",NA,"11","17704682"
"RIL-2044",NA,"11","18402600"
"RIL-2051",NA,"11","19017595"
"RIL-2064",NA,"11","19981447"
"RIL-2067",NA,"11","20102083"
"RIL-2068",NA,"11","20102377"
"RIL-2072",NA,"11","21310980"
"RIL-2073",NA,"11","21321798"
"RIL-2076",NA,"11","21547996"
"RIL-2078",NA,"11","21693299"
"RIL-2088",NA,"11","22576351"
"RIL-2093",NA,"11","22629538"
"RIL-2094",NA,"11","22763782"
"RIL-2095",NA,"11","22884145"
"RIL-2107",NA,"11","24376340"
"RIL-2162",NA,"11","28613967"
"RIL-2163",NA,"11","28836602"
"RIL-2164",NA,"11","28836885"
"RIL-2165",NA,"11","31334324"
"RIL-2169",NA,"11","37049881"
"RIL-2170",NA,"11","37698958"
"RIL-2173",NA,"11","43449127"
"RIL-2174",NA,"11","46519364"
"RIL-2175",NA,"11","48018883"
"RIL-2176",NA,"11","49033520"
"RIL-2177",NA,"11","53200747"
"RIL-2180",NA,"11","55525984"
"RIL-2181",NA,"11","55737225"
"RIL-2182",NA,"11","60556612"
"RIL-2184",NA,"11","65786196"
"RIL-2185",NA,"11","66071729"
"RIL-2186",NA,"11","66092626"
"RIL-2187",NA,"11","70114833"
"RIL-2190",NA,"11","76860099"
"RIL-2193",NA,"11","77970098"
"RIL-2203",NA,"11","83594574"
"RIL-2204",NA,"11","83934722"
"RIL-2205",NA,"11","83934956"
"RIL-2206",NA,"11","85916627"
"RIL-2207",NA,"11","85916887"
"RIL-2011",NA,"11","106309029"
"RIL-2012",NA,"11","107945546"
"RIL-2013",NA,"11","107951847"
"RIL-2021",NA,"11","132524740"
"RIL-2022",NA,"11","133032211"
"RIL-2023",NA,"11","134617203"
"RIL-2042",NA,"11","179809715"
"RIL-2043",NA,"11","180561412"
"RIL-2045",NA,"11","186475737"
"RIL-2046",NA,"11","187794461"
"RIL-2047",NA,"11","188302783"
"RIL-2048",NA,"11","188308783"
"RIL-2049",NA,"11","188415118"
"RIL-2050",NA,"11","188415798"
"RIL-2052",NA,"11","190361978"
"RIL-2053",NA,"11","191554750"
"RIL-2054",NA,"11","191873244"
"RIL-2055",NA,"11","191917170"
"RIL-2056",NA,"11","193301243"
"RIL-2057",NA,"11","193306413"
"RIL-2058",NA,"11","194219501"
"RIL-2059",NA,"11","195720968"
"RIL-2060",NA,"11","195734474"
"RIL-2062",NA,"11","197352240"
"RIL-2063",NA,"11","197355428"
"RIL-2065",NA,"11","200135390"
"RIL-2066",NA,"11","200872896"
"RIL-2069",NA,"11","201330690"
"RIL-2070",NA,"11","210646858"
"RIL-2071",NA,"11","213082467"
"RIL-2074",NA,"11","213372797"
"RIL-2075",NA,"11","215402977"
"RIL-2077",NA,"11","216575756"
"RIL-2079",NA,"11","217061817"
"RIL-2080",NA,"11","217708969"
"RIL-2081",NA,"11","220085406"
"RIL-2082",NA,"11","220215250"
"RIL-2083",NA,"11","223203597"
"RIL-2084",NA,"11","223307936"
"RIL-2085",NA,"11","223946438"
"RIL-2086",NA,"11","224348271"
"RIL-2087",NA,"11","224656978"
"RIL-2089",NA,"11","225957696"
"RIL-2090",NA,"11","226253082"
"RIL-2091",NA,"11","226273590"
"RIL-2092",NA,"11","226295032"
"RIL-2096",NA,"11","229037520"
"RIL-2097",NA,"11","229046525"
"RIL-2098",NA,"11","229520648"
"RIL-2099",NA,"11","229618295"
"RIL-2100",NA,"11","229668165"
"RIL-2101",NA,"11","234454782"
"RIL-2103",NA,"11","236684358"
"RIL-2104",NA,"11","236848028"
"RIL-2105",NA,"11","237635265"
"RIL-2106",NA,"11","239393133"
"RIL-2108",NA,"11","244242314"
"RIL-2109",NA,"11","244338974"
"RIL-2110",NA,"11","244343272"
"RIL-2111",NA,"11","244348604"
"RIL-2112",NA,"11","246162184"
"RIL-2113",NA,"11","246446783"
"RIL-2114",NA,"11","249145276"
"RIL-2115",NA,"11","249462723"
"RIL-2116",NA,"11","249907370"
"RIL-2117",NA,"11","249944681"
"RIL-2118",NA,"11","249970180"
"RIL-2119",NA,"11","250092873"
"RIL-2120",NA,"11","250146206"
"RIL-2121",NA,"11","251918036"
"RIL-2122",NA,"11","252944999"
"RIL-2123",NA,"11","253241209"
"RIL-2124",NA,"11","253275216"
"RIL-2125",NA,"11","253278150"
"RIL-2126",NA,"11","253366675"
"RIL-2127",NA,"11","254524121"
"RIL-2128",NA,"11","254564639"
"RIL-2129",NA,"11","254877872"
"RIL-2130",NA,"11","255413433"
"RIL-2131",NA,"11","255438945"
"RIL-2132",NA,"11","255675265"
"RIL-2133",NA,"11","255688748"
"RIL-2134",NA,"11","255704207"
"RIL-2135",NA,"11","255741718"
"RIL-2136",NA,"11","256802459"
"RIL-2137",NA,"11","257126260"
"RIL-2138",NA,"11","257140985"
"RIL-2139",NA,"11","257186315"
"RIL-2140",NA,"11","257198063"
"RIL-2141",NA,"11","257198659"
"RIL-2142",NA,"11","257481962"
"RIL-2143",NA,"11","257611781"
"RIL-2144",NA,"11","257622574"
"RIL-2145",NA,"11","257637270"
"RIL-2146",NA,"11","257688982"
"RIL-2147",NA,"11","257707264"
"RIL-2148",NA,"11","257709902"
"RIL-2149",NA,"11","257771692"
"RIL-2150",NA,"11","257867846"
"RIL-2151",NA,"11","257876334"
"RIL-2152",NA,"11","257898848"
"RIL-2153",NA,"11","257899153"
"RIL-2154",NA,"11","257901078"
"RIL-2155",NA,"11","257919491"
"RIL-2156",NA,"11","257926248"
"RIL-2157",NA,"11","258299482"
"RIL-2158",NA,"11","258318502"
"RIL-2159",NA,"11","258361068"
"RIL-2160",NA,"11","258926502"
"RIL-2161",NA,"11","259493080"
"RIL-2224",NA,"12","17260"
"RIL-2427",NA,"12","86993"
"RIL-2360",NA,"12","354479"
"RIL-2362",NA,"12","363821"
"RIL-2363",NA,"12","364905"
"RIL-2303",NA,"12","2303916"
"RIL-2340",NA,"12","2359130"
"RIL-2345",NA,"12","2581089"
"RIL-2346",NA,"12","2607491"
"RIL-2347",NA,"12","2708187"
"RIL-2348",NA,"12","2761962"
"RIL-2349",NA,"12","2764417"
"RIL-2354",NA,"12","3314076"
"RIL-2373",NA,"12","3939504"
"RIL-2374",NA,"12","3961147"
"RIL-2377",NA,"12","4108734"
"RIL-2378",NA,"12","4191753"
"RIL-2382",NA,"12","4319845"
"RIL-2383",NA,"12","4417450"
"RIL-2385",NA,"12","4550774"
"RIL-2386",NA,"12","4599129"
"RIL-2387",NA,"12","4661908"
"RIL-2390",NA,"12","4801279"
"RIL-2391",NA,"12","4858481"
"RIL-2392",NA,"12","4861503"
"RIL-2396",NA,"12","4997273"
"RIL-2397",NA,"12","5003687"
"RIL-2398",NA,"12","5279310"
"RIL-2399",NA,"12","5281020"
"RIL-2400",NA,"12","5307415"
"RIL-2402",NA,"12","5497059"
"RIL-2404",NA,"12","5761927"
"RIL-2405",NA,"12","5762179"
"RIL-2406",NA,"12","5960504"
"RIL-2407",NA,"12","6186867"
"RIL-2408",NA,"12","6190950"
"RIL-2409",NA,"12","6226307"
"RIL-2410",NA,"12","6229834"
"RIL-2411",NA,"12","6252817"
"RIL-2414",NA,"12","6603000"
"RIL-2415",NA,"12","6610459"
"RIL-2416",NA,"12","6909586"
"RIL-2417",NA,"12","6938036"
"RIL-2418",NA,"12","6969477"
"RIL-2419",NA,"12","7436411"
"RIL-2420",NA,"12","7436633"
"RIL-2421",NA,"12","7717138"
"RIL-2422",NA,"12","7807556"
"RIL-2423",NA,"12","7941005"
"RIL-2424",NA,"12","8026088"
"RIL-2425",NA,"12","8116056"
"RIL-2426",NA,"12","8409609"
"RIL-2430",NA,"12","9877399"
"RIL-2431",NA,"12","9938393"
"RIL-2210",NA,"12","10070737"
"RIL-2211",NA,"12","10075863"
"RIL-2212",NA,"12","11017645"
"RIL-2213",NA,"12","11021853"
"RIL-2214",NA,"12","11417243"
"RIL-2216",NA,"12","12800123"
"RIL-2217",NA,"12","13620237"
"RIL-2218",NA,"12","13689937"
"RIL-2220",NA,"12","15731091"
"RIL-2222",NA,"12","16833347"
"RIL-2223",NA,"12","17203050"
"RIL-2225",NA,"12","18021654"
"RIL-2227",NA,"12","18180135"
"RIL-2239",NA,"12","20067981"
"RIL-2240",NA,"12","20070788"
"RIL-2241",NA,"12","20098466"
"RIL-2244",NA,"12","20229987"
"RIL-2245",NA,"12","20231311"
"RIL-2246",NA,"12","20460156"
"RIL-2247",NA,"12","20469712"
"RIL-2262",NA,"12","22211427"
"RIL-2269",NA,"12","22366852"
"RIL-2270",NA,"12","22367636"
"RIL-2271",NA,"12","22445179"
"RIL-2272",NA,"12","22461130"
"RIL-2274",NA,"12","22480817"
"RIL-2275",NA,"12","22483153"
"RIL-2276",NA,"12","22483398"
"RIL-2279",NA,"12","22515261"
"RIL-2280",NA,"12","22533857"
"RIL-2281",NA,"12","22534733"
"RIL-2286",NA,"12","22644617"
"RIL-2296",NA,"12","22807106"
"RIL-2302",NA,"12","23007825"
"RIL-2314",NA,"12","23207254"
"RIL-2315",NA,"12","23295409"
"RIL-2317",NA,"12","23318206"
"RIL-2341",NA,"12","23817202"
"RIL-2342",NA,"12","24021667"
"RIL-2343",NA,"12","24076034"
"RIL-2344",NA,"12","24422306"
"RIL-2350",NA,"12","32189637"
"RIL-2351",NA,"12","32469023"
"RIL-2352",NA,"12","32632995"
"RIL-2353",NA,"12","32635115"
"RIL-2355",NA,"12","33461553"
"RIL-2356",NA,"12","33464021"
"RIL-2357",NA,"12","33498980"
"RIL-2358",NA,"12","34248679"
"RIL-2359",NA,"12","35413130"
"RIL-2361",NA,"12","35588779"
"RIL-2364",NA,"12","36860685"
"RIL-2365",NA,"12","37058511"
"RIL-2366",NA,"12","37060483"
"RIL-2367",NA,"12","37061252"
"RIL-2368",NA,"12","37067814"
"RIL-2369",NA,"12","37068751"
"RIL-2370",NA,"12","37106311"
"RIL-2371",NA,"12","37110531"
"RIL-2372",NA,"12","37208764"
"RIL-2375",NA,"12","40432353"
"RIL-2376",NA,"12","40498834"
"RIL-2379",NA,"12","42263667"
"RIL-2380",NA,"12","42271654"
"RIL-2381",NA,"12","42276902"
"RIL-2384",NA,"12","44300801"
"RIL-2388",NA,"12","47158241"
"RIL-2389",NA,"12","47681437"
"RIL-2393",NA,"12","48874148"
"RIL-2394",NA,"12","48874450"
"RIL-2395",NA,"12","48893457"
"RIL-2401",NA,"12","53142502"
"RIL-2403",NA,"12","55435376"
"RIL-2412",NA,"12","64140166"
"RIL-2413",NA,"12","64593149"
"RIL-2428",NA,"12","89920581"
"RIL-2429",NA,"12","94945788"
"RIL-2215",NA,"12","115523626"
"RIL-2219",NA,"12","138238269"
"RIL-2221",NA,"12","163528948"
"RIL-2226",NA,"12","180959803"
"RIL-2228",NA,"12","189790493"
"RIL-2229",NA,"12","190002175"
"RIL-2230",NA,"12","195824166"
"RIL-2231",NA,"12","196003688"
"RIL-2232",NA,"12","196010335"
"RIL-2233",NA,"12","196468013"
"RIL-2234",NA,"12","197692395"
"RIL-2235",NA,"12","198523468"
"RIL-2236",NA,"12","199181972"
"RIL-2237",NA,"12","199830374"
"RIL-2238",NA,"12","200383494"
"RIL-2242",NA,"12","201461654"
"RIL-2243",NA,"12","201791949"
"RIL-2248",NA,"12","208342721"
"RIL-2249",NA,"12","210675232"
"RIL-2250",NA,"12","210748007"
"RIL-2251",NA,"12","210769727"
"RIL-2252",NA,"12","215185317"
"RIL-2253",NA,"12","215997595"
"RIL-2254",NA,"12","216345477"
"RIL-2255",NA,"12","217621884"
"RIL-2256",NA,"12","217995415"
"RIL-2257",NA,"12","218122045"
"RIL-2258",NA,"12","218122588"
"RIL-2259",NA,"12","218254700"
"RIL-2260",NA,"12","220695357"
"RIL-2261",NA,"12","220903629"
"RIL-2263",NA,"12","222259058"
"RIL-2264",NA,"12","222259832"
"RIL-2265",NA,"12","222296410"
"RIL-2266",NA,"12","222327436"
"RIL-2267",NA,"12","222328210"
"RIL-2268",NA,"12","223058048"
"RIL-2273",NA,"12","224731584"
"RIL-2277",NA,"12","224957189"
"RIL-2278",NA,"12","225133151"
"RIL-2282",NA,"12","225934834"
"RIL-2283",NA,"12","226017412"
"RIL-2284",NA,"12","226039550"
"RIL-2285",NA,"12","226393618"
"RIL-2287",NA,"12","226511303"
"RIL-2288",NA,"12","226651775"
"RIL-2289",NA,"12","226660497"
"RIL-2290",NA,"12","226662244"
"RIL-2291",NA,"12","226804908"
"RIL-2292",NA,"12","227728874"
"RIL-2293",NA,"12","227950666"
"RIL-2294",NA,"12","228017328"
"RIL-2295",NA,"12","228018616"
"RIL-2297",NA,"12","228640677"
"RIL-2298",NA,"12","228838225"
"RIL-2299",NA,"12","229255535"
"RIL-2300",NA,"12","229280330"
"RIL-2301",NA,"12","229281969"
"RIL-2304",NA,"12","231284826"
"RIL-2305",NA,"12","231300769"
"RIL-2306",NA,"12","231320556"
"RIL-2307",NA,"12","231322429"
"RIL-2308",NA,"12","231327389"
"RIL-2309",NA,"12","231393783"
"RIL-2310",NA,"12","231799954"
"RIL-2311",NA,"12","231863214"
"RIL-2312",NA,"12","231873355"
"RIL-2313",NA,"12","232047582"
"RIL-2316",NA,"12","233170359"
"RIL-2318",NA,"12","233255331"
"RIL-2319",NA,"12","233446670"
"RIL-2320",NA,"12","233616659"
"RIL-2321",NA,"12","233741216"
"RIL-2322",NA,"12","233783851"
"RIL-2323",NA,"12","234324384"
"RIL-2324",NA,"12","234420840"
"RIL-2325",NA,"12","234453372"
"RIL-2326",NA,"12","234481775"
"RIL-2327",NA,"12","234556264"
"RIL-2328",NA,"12","234558215"
"RIL-2329",NA,"12","234723637"
"RIL-2330",NA,"12","235434935"
"RIL-2331",NA,"12","235543486"
"RIL-2332",NA,"12","235564343"
"RIL-2333",NA,"12","235564907"
"RIL-2334",NA,"12","235565366"
"RIL-2335",NA,"12","235565761"
"RIL-2336",NA,"12","235575984"
"RIL-2337",NA,"12","235576222"
"RIL-2338",NA,"12","235645830"
"RIL-2339",NA,"12","235674657"
