"rs","chr","pos","Y1"
"AX-90424813","11","8968994",0
"AX-90452805","5","33824325",0.1
"AX-90505481","3","44032490",0.15
"AX-90345409","14","6931964",0.35
"AX-90450740","17","8602676",0
"AX-90353279","17","12716310",0
"AX-90374078","8","37902760",0
"AX-90371389","11","33558610",0
"AX-90443120","19","27394060",0
"AX-90360803","11","1382766",0.05
"AX-90312218","2","307708",0.35
"AX-90448590","20","23747890",0
"AX-90315218","10","44235501",0
"AX-90326195","18","18008866",0.1
"AX-90474872","9","3821477",0
"AX-90474413","15","17604672",0
"AX-90466226","17","10182087",0.15
"AX-90490718","5","36635753",0
"AX-90424101","12","5575176",0
"AX-90491828","13","33979911",0.1
"AX-90333781","13","32400326",0.05
"AX-90457083","8","15787168",0.1
"AX-90503448","13","29895804",0.1
"AX-90403816","4","5175547",0
"AX-90509605","6","45034472",0
"AX-90444096","14","17125365",0
"AX-90357316","5","39049702",0
"AX-90367267","5","4927854",0
"AX-90377088","9","1028445",0
"AX-90352338","5","40357499",0.1
"AX-90336547","19","26192150",0.25
"AX-90423845","10","24513436",0
"AX-90395809","16","36083296",0.1
"AX-90457698","6","29331063",0
"AX-90388303","4","44815783",0
"AX-90320904","18","40859540",0
"AX-90371503","20","5861801",0
"AX-90502711","9","34489427",0
"AX-90478079","9","48048474",0.15
"AX-90308193","15","9923879",0
"AX-90438022","19","36801219",0.05
"AX-90324515","2","7051967",0
"AX-90449836","10","47235331",0.05
"AX-90477820","3","44340335",0.2
"AX-90508293","10","50808213",0
"AX-90525465","13","45226286",0
"AX-90457368","1","38027585",0
"AX-90444995","19","20011205",0
"AX-90327877","9","49094789",0
"AX-90357712","20","4663612",0
"AX-90442948","6","35340970",0
"AX-90393343","12","39225963",0.15
"AX-90432855","8","41338091",0
"AX-90364155","9","38859403",0.05
"AX-90362402","11","1619556",0
"AX-90506693","3","44323144",0.1
"AX-90380834","15","4245623",0.3
"AX-90498954","17","31567510",0
"AX-90429525","6","13514763",0
"AX-90481665","8","18292415",0
"AX-90332279","5","38584005",0
"AX-90436953","10","35542050",0
"AX-90521613","19","342010",0
"AX-90316823","19","42811081",0
"AX-90325070","7","3078401",0.2
"AX-90458626","16","3922518",0.1
"AX-90375464","7","4979222",0
"AX-90482848","13","6170896",0
"AX-90395283","18","685324",0.15
"AX-90506110","3","44600236",0
"AX-90336848","5","998684",0.1
"AX-90417435","5","31696483",0.1
"AX-90407883","3","36586564",0
"AX-90396585","3","44095910",0
"AX-90497342","13","32724216",0.1
"AX-90523402","9","7272819",0
"AX-90382311","13","44666200",0.2
"AX-90410541","2","6812596",0
"AX-90450835","11","10604827",0
"AX-90405698","16","1302200",0.15
"AX-90305156","5","41222623",0
"AX-90410633","5","924605",0
"AX-90375368","18","2090293",0
"AX-90489970","6","11301195",0
"AX-90460962","20","43808682",0
"AX-90379282","13","10682575",0
"AX-90493269","19","35469209",0
"AX-90453555","6","15180345",0
"AX-90370238","18","56279910",0
"AX-90395365","1","42836194",0
"AX-90504757","20","41869468",0
"AX-90332585","19","2007500",0.1
"AX-90374556","3","1782946",0
"AX-90472019","16","32080327",0.05
"AX-90408518","6","7706448",0
"AX-90468359","9","41636857",0
"AX-90392572","4","45687122",0
"AX-90523120","13","32622050",0
"AX-90397900","5","284500",0
"AX-90459618","10","3854530",0
"AX-90367765","7","18769713",0
"AX-90318376","19","4149841",0.05
"AX-90394600","11","24986658",0
"AX-90472537","6","16337268",0.05
"AX-90364827","18","47371517",0
"AX-90391932","6","917490",0
"AX-90473993","5","28037076",0
"AX-90412239","4","38342285",0.05
"AX-90396971","3","20052999",0
"AX-90349980","17","17935136",0
"AX-90320091","11","12096953",0
"AX-90475760","19","45087390",0
"AX-90496079","8","40254626",0
"AX-90351231","20","27163995",0
"AX-90316052","5","799232",0
"AX-90493280","18","55643993",0
"AX-90315320","6","14849233",0
"AX-90355387","18","9282053",0
"AX-90468987","5","32383032",0.05
"AX-90314122","13","10229893",0.1
"AX-90386971","3","31931029",0
"AX-90473454","14","43535411",0.35
"AX-90406384","10","2171861",0
"AX-90367192","8","17725203",0
"AX-90356940","5","8022759",0
"AX-90495318","12","8178611",0
"AX-90385378","8","17154987",0.15
"AX-90465218","13","25625173",0
"AX-90440521","2","934321",0.1
"AX-90415914","15","24761351",0
"AX-90388152","10","3258810",0
"AX-90329054","6","9213481",0
"AX-90374366","5","28820560",0
"AX-90449815","12","34413990",0.2
"AX-90381229","13","14725186",0.15
"AX-90325344","6","4575088",0
"AX-90518600","10","2415825",0
"AX-90335013","4","27038221",0
"AX-90341217","15","35372368",0.05
"AX-90363586","9","5982415",0.05
"AX-90475156","3","42277810",0
"AX-90447290","3","759447",0.1
"AX-90492606","11","32685104",0.25
"AX-90330808","13","21050243",0
"AX-90308503","16","7092588",0
"AX-90316948","8","17544379",0.15
"AX-90399696","2","4714699",0.05
"AX-90386283","20","42449062",0
"AX-90434910","6","12431981",0
"AX-90345874","2","3981278",0
"AX-90356303","7","35743685",0.1
"AX-90424901","15","25071911",0.05
"AX-90416240","19","35760196",0.05
"AX-90462170","13","35534461",0
"AX-90379300","8","15274329",0
"AX-90499454","19","177536",0.05
"AX-90445605","15","15413940",0
"AX-90344133","1","6949992",0
"AX-90386686","11","4764069",0
"AX-90421335","2","46142010",0
"AX-90443362","4","1722657",0
"AX-90423828","6","9554937",0
"AX-90484763","13","15399013",0.05
"AX-90516971","18","22252851",0
"AX-90339144","9","25176841",0
"AX-90419489","10","5187199",0
"AX-90516328","14","18863817",0.05
"AX-90410858","4","49071025",0
"AX-90347541","13","41590143",0
"AX-90350127","4","11280523",0
"AX-90433562","4","7347579",0.1
"AX-90398435","3","33176402",0
"AX-90342614","4","17703726",0
"AX-90404564","2","5092793",0.05
"AX-90342682","8","14187170",0
"AX-90522998","13","28974979",0.05
"AX-90458328","18","1514759",0.2
"AX-90445954","9","4470659",0
"AX-90403119","13","45582132",0
"AX-90325300","18","29409761",0
"AX-90442185","7","15533920",0.05
"AX-90325862","14","47651159",0.05
"AX-90388957","13","18745654",0
"AX-90305686","20","34152457",0.15
"AX-90460035","14","25309873",0.05
"AX-90491679","10","23566096",0
"AX-90469514","19","46536642",0
"AX-90411948","7","2319034",0
"AX-90451554","15","24207804",0
"AX-90493607","7","484723",0.05
"AX-90477313","14","17412980",0
"AX-90467112","3","42909763",0
"AX-90418883","17","2799388",0.5
"AX-90424956","12","37440758",0
"AX-90328332","2","498706",0.1
"AX-90464267","12","36463039",0
"AX-90434080","16","4128726",0
"AX-90462151","5","1060616",0.2
"AX-90476353","4","48185986",0
"AX-90446344","15","21784275",0
"AX-90356987","6","958675",0
"AX-90374951","19","50380529",0
"AX-90361848","16","26148072",0
"AX-90472455","16","36008895",0.1
"AX-90313649","1","49467142",0
"AX-90360251","1","6635947",0
"AX-90421613","8","4855744",0
"AX-90394210","1","52872046",0
"AX-90410866","11","25982293",0
"AX-90431050","8","19369189",0.05
"AX-90492331","19","188950",0
"AX-90505272","9","45969516",0
"AX-90425475","17","9370829",0.05
"AX-90387595","9","9313704",0
"AX-90401826","8","6431808",0
"AX-90370124","13","10093603",0
"AX-90394179","14","715689",0
"AX-90413912","20","1387686",0
"AX-90319559","1","26854171",0.35
"AX-90308859","11","8039117",0.1
"AX-90441556","8","41447721",0
"AX-90307264","6","3914844",0
"AX-90351605","3","32119713",0
"AX-90513530","12","38395462",0
"AX-90464051","6","12487816",0.25
"AX-90360482","3","43170070",0
"AX-90339742","19","33720854",0
"AX-90414948","17","9461007",0.1
"AX-90378885","5","1875232",0
"AX-90521215","8","11856321",0
"AX-90458243","17","13170138",0
"AX-90416429","14","46911178",0.15
"AX-90369775","10","18998564",0.05
"AX-90454762","20","3846375",0
"AX-90515865","6","46144321",0.35
"AX-90399006","8","2783542",0
"AX-90434728","1","46385232",0
"AX-90465773","7","10235553",0
"AX-90390008","8","32448652",0
"AX-90305380","20","27764468",0
"AX-90438346","3","23775391",0
"AX-90468204","12","24112679",0
"AX-90421414","11","32790074",0
"AX-90394077","7","37620540",0
"AX-90403438","16","4875686",0.05
"AX-90391304","2","24627377",0.05
"AX-90389913","15","48822247",0.45
"AX-90428070","19","41511373",0
"AX-90406111","5","1974265",0
"AX-90377569","4","37264276",0
"AX-90327076","9","7321355",0.05
"AX-90418583","17","14607602",0
"AX-90469418","9","47511149",0.05
"AX-90393176","13","41270863",0
"AX-90416582","18","55011206",0
"AX-90400581","14","2494755",0.05
"AX-90496847","6","48733172",0
"AX-90421004","14","45503125",0
"AX-90351852","15","6834365",0.05
"AX-90321477","6","11138339",0
"AX-90500380","5","41136212",0
"AX-90473928","20","47768496",0
"AX-90312922","17","3004456",0
"AX-90427647","2","7397066",0
"AX-90419738","15","2218968",0
"AX-90411743","19","39380191",0.05
"AX-90450478","16","2030127",0
"AX-90413079","18","7236598",0
"AX-90472442","13","38977597",0
"AX-90333910","10","722800",0
"AX-90443417","10","43664516",0
"AX-90353524","11","7537997",0
"AX-90353205","19","10892466",0
"AX-90402538","15","4840169",0
"AX-90327077","8","8719125",0
"AX-90499750","20","11957267",0
"AX-90323264","18","50326303",0
"AX-90451901","14","34285981",0
"AX-90413021","1","4996456",0
"AX-90476334","19","7303516",0
"AX-90344936","2","38772295",0
"AX-90321368","14","3122441",0
"AX-90339319","5","41356702",0
"AX-90430843","9","194550",0
"AX-90375778","20","47455004",0.05
"AX-90422967","8","46221039",0.05
"AX-90334142","18","12775230",0
"AX-90393783","11","11779812",0.05
"AX-90472374","3","41033951",0
"AX-90509857","9","46649227",0
"AX-90326651","16","18914761",0
"AX-90511247","8","45557404",0.05
"AX-90459012","18","20979304",0.2
"AX-90335575","4","6396889",0.15
"AX-90346089","1","25680531",0
"AX-90392516","5","39185394",0
"AX-90316827","14","27499651",0
"AX-90311527","3","366478",0.1
"AX-90421965","4","1583812",0
"AX-90482742","13","7824820",0.05
"AX-90367208","13","30060322",0.05
"AX-90350211","20","844750",0.3
"AX-90408314","12","36203222",0.1
"AX-90355938","20","34382833",0
"AX-90441905","11","6553595",0
"AX-90371606","14","45617628",0.15
"AX-90404607","8","39428408",0
"AX-90460613","5","19245059",0
"AX-90311451","1","3038229",0
"AX-90396595","16","29035896",0.05
"AX-90395088","9","48751100",0.1
"AX-90433184","19","45656650",0
"AX-90506067","9","39207634",0
"AX-90420321","8","46409454",0
"AX-90492914","4","4195743",0.1
"AX-90309582","9","15779086",0
"AX-90499918","2","4472179",0
"AX-90393255","20","27598236",0
"AX-90474906","17","10620320",0
"AX-90329951","15","10775121",0
"AX-90414462","6","42475723",0
"AX-90333234","15","2351946",0
"AX-90371731","8","42694452",0
"AX-90374011","19","43104938",0
"AX-90508235","9","44266215",0
"AX-90368323","17","8811580",0.05
"AX-90492356","13","22254409",0.1
"AX-90352505","4","17904138",0
"AX-90413546","1","656564",0
"AX-90411362","9","845213",0
"AX-90418097","7","28895171",0.1
"AX-90369743","20","45043650",0
"AX-90373467","4","11005636",0
"AX-90419725","19","48950549",0.05
"AX-90312912","14","45538676",0
"AX-90323648","2","4523839",0
"AX-90369753","2","9807734",0.15
"AX-90390598","20","17282272",0
"AX-90453167","12","21762037",0
"AX-90341635","19","3214281",0
"AX-90358191","8","15498978",0
"AX-90423632","8","12503572",0
"AX-90342153","20","3187072",0
"AX-90440422","5","6403060",0
"AX-90444503","16","9836791",0
"AX-90388822","9","34293342",0
"AX-90488216","18","51149081",0.05
"AX-90437998","4","31478056",0
"AX-90360431","4","3914873",0.05
"AX-90524336","3","13876578",0
"AX-90462882","11","33877767",0
"AX-90406295","5","36283712",0
"AX-90348866","4","19443092",0
"AX-90376215","13","35932514",0
"AX-90438299","19","44210362",0
"AX-90311469","12","15727539",0
"AX-90413917","1","56615151",0.05
"AX-90451772","6","49471877",0
"AX-90466637","9","45905471",0
"AX-90475234","2","12440301",0.15
"AX-90525291","3","22343254",0
"AX-90381566","5","4669984",0.15
"AX-90523967","12","3567791",0
"AX-90320295","10","51100861",0
"AX-90471251","13","36164646",0.15
"AX-90429164","9","41213717",0
"AX-90476983","19","43968175",0
"AX-90472253","1","44390706",0.05
"AX-90524908","6","1831073",0
"AX-90321581","7","38374233",0
"AX-90328414","17","4208795",0
"AX-90402391","19","1609199",0
"AX-90376250","2","35922250",0.05
"AX-90523389","6","16249266",0
"AX-90482061","1","54295079",0
"AX-90352799","12","35290255",0
"AX-90508137","16","28929593",0
"AX-90494988","6","5074382",0
"AX-90516335","3","39933571",0
"AX-90459541","2","3708775",0
"AX-90431187","17","37862374",0
"AX-90409215","15","8559641",0
"AX-90316655","16","22839050",0
"AX-90459544","11","10921833",0.1
"AX-90318723","13","22655164",0
"AX-90336878","13","32167743",0.25
"AX-90459224","17","9386699",0
"AX-90324737","5","170422",0
"AX-90453170","15","44300460",0.05
"AX-90411637","6","36474658",0
"AX-90455817","12","11614715",0
"AX-90499693","16","37140052",0.1
"AX-90396378","19","31922807",0
"AX-90479340","16","36652330",0
"AX-90343701","2","2699044",0
"AX-90490932","5","41525586",0
"AX-90486676","10","15691870",0
"AX-90432005","15","1919099",0.65
"AX-90418196","20","43685004",0
"AX-90401757","8","46611996",0.15
"AX-90477999","5","7075094",0
"AX-90493538","8","20341767",0.05
"AX-90349918","13","7105914",0
"AX-90521115","2","6876207",0
"AX-90429033","2","7080073",0.2
"AX-90338645","16","1130592",0.3
"AX-90523038","15","10605847",0
"AX-90484266","12","2284790",0
"AX-90381195","9","96738",0
"AX-90511992","3","33608790",0
"AX-90480220","15","17718109",0
"AX-90339118","3","25359789",0
"AX-90384760","17","10458680",0
"AX-90431091","16","16947252",0.05
"AX-90320655","4","5264229",0.1
"AX-90350546","2","35679563",0
"AX-90406637","7","17221262",0
"AX-90378459","20","33990684",0.2
"AX-90349422","11","8741826",0
"AX-90510886","3","40825558",0
"AX-90434267","14","3790490",0.1
"AX-90406738","16","23558373",0
"AX-90350752","4","3685778",0
"AX-90482935","17","11634507",0
"AX-90507686","13","34567071",0
"AX-90382820","7","42204906",0
"AX-90379438","19","475129",0
"AX-90515464","20","38512985",0
"AX-90431898","1","8442500",0.25
"AX-90446848","4","1448267",0.1
"AX-90522840","11","32234890",0.05
"AX-90393610","9","42479928",0.1
"AX-90510108","15","39930385",0
"AX-90322024","6","9641864",0
"AX-90498907","15","3367324",0.65
"AX-90503065","18","10350817",0
"AX-90371722","7","9462514",0
"AX-90356324","7","25155922",0
"AX-90322283","17","7394648",0
"AX-90416875","18","57398363",0
"AX-90416532","4","3071289",0.05
"AX-90510927","7","3395587",0.5
"AX-90454030","4","51239156",0
"AX-90306283","8","40755497",0
"AX-90415910","1","48620902",0
"AX-90349026","18","4204989",0
"AX-90342957","12","35601652",0
"AX-90500231","8","30595940",0
"AX-90459635","16","12914457",0
"AX-90398356","12","12357778",0
"AX-90494524","15","48858190",0
"AX-90423693","19","40579959",0
"AX-90399360","3","27897605",0
"AX-90326528","19","12797125",0
"AX-90512218","20","41136523",0
"AX-90453763","8","44472234",0
"AX-90378328","13","17290018",0.3
"AX-90443061","12","39587859",0
"AX-90453965","14","4945358",0.05
"AX-90333425","15","4528945",0
"AX-90427278","15","13761617",0
"AX-90335140","6","751998",0
"AX-90368882","13","24033278",0
"AX-90349020","3","34377175",0
"AX-90457355","16","5496288",0
"AX-90371944","20","36867472",0.05
"AX-90479698","16","21510444",0
"AX-90439799","3","8071485",0.05
"AX-90391241","19","205913",0
"AX-90331840","12","35085373",0.05
"AX-90318552","3","380711",0.2
"AX-90472732","10","5595289",0.15
"AX-90482039","12","9943662",0
"AX-90431267","2","48219280",0
"AX-90438258","12","34202025",0
"AX-90372978","19","5027023",0
"AX-90432422","13","18432866",0
"AX-90308047","8","33941582",0.05
"AX-90425573","11","4791342",0
"AX-90317760","4","1962555",0.1
"AX-90482503","4","47016244",0
"AX-90407862","9","34281929",0
"AX-90366238","20","7912846",0
"AX-90440065","15","2845371",0.15
"AX-90340357","2","26249292",0.1
"AX-90465063","10","41587896",0.1
"AX-90378608","3","32220858",0
"AX-90503100","20","36695741",0.3
"AX-90500898","1","54476004",0.05
"AX-90508094","7","40747940",0
"AX-90451714","17","9144887",0
"AX-90455382","2","444126",0
"AX-90403928","13","27914729",0.15
"AX-90375848","12","38650925",0.05
"AX-90439370","13","26215825",0
"AX-90318079","8","15760927",0
"AX-90335412","6","9135981",0.05
"AX-90430167","7","21606492",0
"AX-90321970","4","51065358",0.15
"AX-90414330","13","11505008",0.1
"AX-90328461","14","34753404",0.05
"AX-90305636","7","1280630",0.05
"AX-90328545","20","32202511",0.25
"AX-90509481","19","48389317",0
"AX-90311488","19","19791045",0.15
"AX-90308987","20","37157243",0
"AX-90516391","15","48026351",0.05
"AX-90505803","2","41695785",0
"AX-90417918","20","37571873",0
"AX-90335107","1","50524528",0.25
"AX-90368992","17","14571773",0
"AX-90345575","2","16823909",0
"AX-90402294","1","53945717",0
"AX-90338936","14","3995843",0.2
"AX-90383176","8","15431863",0
"AX-90424151","19","35015972",0.05
"AX-90479685","13","44438370",0.05
"AX-90342966","13","28433621",0
"AX-90428843","16","29550449",0.35
"AX-90376192","3","3358279",0.1
"AX-90393882","8","3561586",0.05
"AX-90372979","17","16619211",0
"AX-90404520","15","13640642",0
"AX-90392001","17","22704417",0
"AX-90508833","18","55577773",0.05
"AX-90411456","4","19409791",0
"AX-90468454","4","49852855",0
"AX-90422106","19","2326773",0
"AX-90474646","5","6063107",0
"AX-90392733","13","39001279",0
"AX-90351352","16","433749",0.5
"AX-90431365","3","35704426",0
"AX-90391423","16","10335623",0
"AX-90467402","10","2436158",0.05
"AX-90360427","3","33267619",0
"AX-90409894","18","53943477",0.05
"AX-90524570","6","6117931",0
"AX-90431697","17","34999114",0
"AX-90408957","11","34118649",0.05
"AX-90336873","15","21993541",0
"AX-90308935","11","10342221",0.1
"AX-90405948","8","40321091",0.05
"AX-90430758","12","13182789",0
"AX-90367366","3","19213620",0.2
"AX-90324393","1","40817906",0
"AX-90308042","16","32343278",0
"AX-90374244","4","48435707",0.1
"AX-90328035","13","40484282",0
"AX-90448414","6","15850477",0
"AX-90430108","7","43814956",0
"AX-90417721","1","4301032",0.05
"AX-90453413","4","47346248",0.05
"AX-90397046","11","7766626",0
"AX-90482683","7","4198569",0
"AX-90402040","13","32731041",0.05
"AX-90463837","12","24310296",0
"AX-90334344","4","49006889",0
"AX-90445429","9","39006428",0.05
"AX-90523795","3","35170930",0
"AX-90424414","13","30355440",0
"AX-90469445","10","50930632",0
"AX-90441986","5","4019286",0
"AX-90391458","19","31934834",0
"AX-90507051","8","693445",0
"AX-90443697","19","951101",0
"AX-90434138","13","26081099",0.15
"AX-90345102","17","33059225",0.05
"AX-90500086","18","20506937",0.3
"AX-90367015","8","22440185",0
"AX-90465664","6","16410633",0
"AX-90454672","18","1496725",0
"AX-90522945","17","20472815",0
"AX-90329679","7","11407589",0.05
"AX-90487335","9","38255509",0
"AX-90495589","2","44379704",0
"AX-90326734","5","5985239",0
"AX-90423823","14","33058213",0.05
"AX-90516603","1","43489471",0
"AX-90490247","11","4131794",0.05
"AX-90465601","18","2678291",0.1
"AX-90525581","12","5319733",0
"AX-90465291","7","377849",0
"AX-90392892","12","10310143",0.2
"AX-90498136","10","10130060",0
"AX-90475153","1","2383209",0.05
"AX-90515044","16","16729752",0
"AX-90415975","2","41097611",0.15
"AX-90522539","10","48557992",0.05
"AX-90393298","8","5966524",0
"AX-90506785","1","36113651",0
"AX-90518481","11","15504121",0
"AX-90470792","7","8378937",0.1
"AX-90384353","17","40332475",0
"AX-90457007","2","44405175",0.1
"AX-90523373","4","8601013",0.3
"AX-90478506","16","3132502",0
"AX-90411519","15","35278031",0.05
"AX-90322443","10","44856151",0.1
"AX-90501398","13","38178291",0
"AX-90368197","8","40323586",0.05
"AX-90307436","12","1654397",0.05
"AX-90480458","15","50971976",0.1
"AX-90482122","10","44147719",0
"AX-90342923","11","12141413",0.1
"AX-90446526","15","26065340",0
"AX-90474379","10","48879242",0.05
"AX-90461880","9","3299167",0
"AX-90473302","13","44083918",0
"AX-90438629","18","56002112",0.05
"AX-90479622","15","15188130",0.05
"AX-90524174","4","9282257",0.05
"AX-90336139","18","7099716",0
"AX-90318560","6","47778928",0.05
"AX-90462087","3","40770403",0
"AX-90424067","10","3513400",0.05
"AX-90525479","14","42954254",0.15
"AX-90385063","5","26450781",0
"AX-90453410","17","18665091",0
"AX-90432201","19","39218998",0
"AX-90337044","20","43941844",0.05
"AX-90476049","17","31737433",0
"AX-90522702","19","47872317",0.05
"AX-90485109","14","10100518",0.1
"AX-90496290","6","6856371",0
"AX-90450508","1","7020580",0
"AX-90417701","17","8151127",0.05
"AX-90444463","6","38207418",0
"AX-90360608","19","24300124",0
"AX-90354575","8","20464413",0
"AX-90469749","8","4126018",0
"AX-90373397","16","1321737",0.15
"AX-90497422","18","5683392",0
"AX-90477660","5","40671273",0
"AX-90458774","19","46342578",0.05
"AX-90379122","18","1108543",0
"AX-90429969","10","50861763",0
"AX-90344551","12","37020556",0.15
"AX-90337091","13","20561599",0
"AX-90522811","11","3582384",0
"AX-90443441","19","46684920",0
"AX-90315692","12","35231936",0
"AX-90325504","18","20547044",0.15
"AX-90501638","9","39156124",0.05
"AX-90311819","1","24231864",0
"AX-90397730","7","8588758",0.45
"AX-90327389","2","43754751",0
"AX-90347509","1","7654201",0
"AX-90431037","13","39717835",0
"AX-90466814","1","519808",0.05
"AX-90454173","3","617756",0.4
"AX-90524399","15","8978904",0
"AX-90311162","11","34258946",0
"AX-90375973","12","20083596",0
"AX-90425562","5","42070067",0.35
"AX-90375934","9","1528210",0.05
"AX-90474478","20","38567508",0.05
"AX-90372192","1","49585790",0
"AX-90322777","3","269013",0
"AX-90403626","16","2089673",0
"AX-90418870","8","47126654",0.05
"AX-90508486","9","46257880",0.15
"AX-90419389","9","2404775",0
"AX-90497135","3","2006176",0
"AX-90502168","13","43878300",0
"AX-90490207","10","3123397",0.05
"AX-90333435","20","38262334",0
"AX-90316187","9","2711437",0.4
"AX-90510172","5","39128581",0.05
"AX-90308162","17","9043967",0.05
"AX-90344162","16","22911606",0.05
"AX-90388515","11","5546962",0
"AX-90394780","13","29719923",0
"AX-90392139","11","5252761",0
"AX-90448575","10","26600180",0
"AX-90330785","11","10245925",0
"AX-90380130","5","710054",0
"AX-90428792","19","449579",0
"AX-90497262","17","2736373",0
"AX-90322762","7","19524649",0.1
"AX-90505425","10","6422859",0
"AX-90423874","8","24904355",0
"AX-90426672","16","30369837",0.05
"AX-90486366","15","591897",0
"AX-90406253","16","6573082",0.05
"AX-90317561","2","12426429",0.15
"AX-90500433","9","40735044",0
"AX-90477652","9","45136798",0
"AX-90422049","1","7230055",0
"AX-90430327","15","4303625",0
"AX-90319459","3","3347757",0.05
"AX-90369488","14","6935440",0.15
"AX-90383415","6","48080713",0.05
"AX-90422572","15","41826216",0.2
"AX-90344481","15","11994142",0
"AX-90490128","5","38012004",0
"AX-90511377","15","4479676",0.25
"AX-90444623","17","7022146",0
"AX-90404414","1","36555122",0
"AX-90453747","6","49651663",0.05
"AX-90455645","7","37751638",0
"AX-90463436","9","6745315",0.25
"AX-90338970","13","36403475",0
"AX-90308362","20","25862782",0
"AX-90508667","6","15978561",0.1
"AX-90481011","12","2669722",0
"AX-90311706","10","40157483",0
"AX-90355025","13","40260915",0
"AX-90305279","17","2612795",0
"AX-90521956","7","8146785",0.05
"AX-90377581","10","12472674",0
"AX-90388904","5","41904115",0
"AX-90314223","6","47342977",0
"AX-90453582","15","16597249",0.15
"AX-90441377","18","12112144",0
"AX-90324934","19","9764650",0
"AX-90476514","17","3516774",0.05
"AX-90466848","3","40449660",0.1
"AX-90329582","6","9684122",0.1
"AX-90465498","12","8245015",0.05
"AX-90452997","7","17138493",0
"AX-90472672","9","39938460",0.05
"AX-90372476","16","30593739",0
"AX-90340406","15","11439321",0.05
"AX-90349285","9","19305719",0
"AX-90341723","19","47116629",0
"AX-90388626","6","3834980",0
"AX-90466246","11","4822712",0
"AX-90467437","17","38937126",0
"AX-90486656","16","35844332",0
"AX-90457720","8","4919747",0
"AX-90509903","8","17230825",0.05
"AX-90489173","17","20745932",0
"AX-90498587","17","27926312",0
"AX-90351209","10","30274201",0
"AX-90447275","16","33136433",0
"AX-90433193","15","23231143",0.45
"AX-90519069","20","11623845",0.45
"AX-90511759","16","646525",0
"AX-90306262","16","35206543",0
"AX-90344053","19","38058083",0
"AX-90340066","19","43780041",0
"AX-90489127","15","4241773",0
"AX-90434287","10","48215707",0
"AX-90455937","6","3439084",0
"AX-90432387","12","3114909",0
"AX-90325911","10","16686848",0.05
"AX-90414830","6","6093002",0.1
"AX-90496181","19","7841430",0
"AX-90364726","4","45948271",0
"AX-90460425","14","14357547",0
"AX-90379083","4","51156874",0.35
"AX-90525577","1","43593201",0
"AX-90430581","19","30864089",0.05
"AX-90347460","12","36936862",0.15
"AX-90391793","8","8268648",0
"AX-90481861","16","15107251",0
"AX-90482029","13","42299547",0
"AX-90369937","10","48068887",0
"AX-90505371","5","40459638",0
"AX-90489811","11","693825",0
"AX-90484600","4","23268661",0
"AX-90333250","15","51195473",0.05
"AX-90490751","10","46203793",0
"AX-90446617","2","21583931",0
"AX-90389342","20","43973977",0.4
"AX-90458462","16","9576273",0.25
"AX-90309619","13","28647332",0
"AX-90457467","2","22202775",0.05
"AX-90362743","12","39062711",0.05
"AX-90440142","19","41936498",0.05
"AX-90347510","16","36751127",0.05
"AX-90454567","13","23501073",0.05
"AX-90395943","16","543052",0
"AX-90485229","19","27213768",0.05
"AX-90359269","1","56448243",0
"AX-90414193","2","39010420",0.15
"AX-90495838","6","1338971",0.05
"AX-90501055","1","28524442",0
"AX-90436349","11","7392732",0.05
"AX-90504302","3","33424838",0
"AX-90519462","12","18478944",0
"AX-90338882","6","6960291",0.05
"AX-90418348","19","36030218",0.05
"AX-90403036","13","13711717",0.2
"AX-90317402","1","49011199",0.05
"AX-90395152","10","1492552",0.55
"AX-90410591","3","18031373",0
"AX-90360379","17","3312986",0
"AX-90451673","6","9213105",0
"AX-90421406","6","49757539",0
"AX-90357441","6","50053137",0
"AX-90523774","8","41337512",0
"AX-90357453","8","4697453",0
"AX-90403725","3","43846008",0.05
"AX-90479435","15","10540203",0.05
"AX-90521015","6","49621825",0.1
"AX-90450212","5","2242029",0
"AX-90521281","6","41672853",0
"AX-90454314","9","3056195",0
"AX-90470295","2","39452890",0
"AX-90517831","6","2212050",0
"AX-90518827","17","13528315",0
"AX-90439699","4","6374258",0
"AX-90405491","10","31184380",0
"AX-90384354","8","34858457",0
"AX-90357373","16","32837617",0
"AX-90360416","19","44704817",0
"AX-90471394","3","32396202",0
"AX-90320412","12","4132071",0
"AX-90434210","17","39113518",0
"AX-90469621","6","10897198",0.05
"AX-90420196","10","10449354",0
"AX-90494428","13","17561926",0
"AX-90311177","13","18889382",0
"AX-90319280","13","24698035",0
"AX-90330081","2","45059095",0
"AX-90476844","7","44384941",0
"AX-90421171","17","18585211",0.1
"AX-90312263","12","20739241",0
"AX-90493931","5","40925359",0
"AX-90481168","6","2931200",0.25
"AX-90429715","6","7981121",0.1
"AX-90312942","5","3434682",0
"AX-90398508","4","10014514",0
"AX-90498681","1","49364929",0
"AX-90317429","7","2692293",0.05
"AX-90501008","9","2448558",0
"AX-90309241","17","15316929",0.05
"AX-90490473","1","48459141",0.05
"AX-90508121","11","2438239",0.05
"AX-90324313","19","37296252",0
"AX-90351526","20","38438295",0.15
"AX-90411780","3","28211639",0
"AX-90510218","10","38218163",0
"AX-90325426","12","37848286",0.05
"AX-90452639","6","43492490",0
"AX-90466166","12","38562587",0.2
"AX-90320300","12","34165128",0.1
"AX-90462559","10","9738457",0
"AX-90360648","17","7846052",0
"AX-90420503","4","5264510",0.05
"AX-90503385","13","42566233",0
"AX-90456438","2","5597435",0.5
"AX-90403663","9","40639586",0
"AX-90421479","1","52371355",0
"AX-90333825","8","9319265",0.05
"AX-90494381","9","2952003",0
"AX-90384321","12","33978936",0
"AX-90523883","18","571313",0
"AX-90504543","10","49119800",0.05
"AX-90413603","4","9962531",0
"AX-90416765","13","41351917",0
"AX-90524549","16","4344120",0.35
"AX-90342096","4","3309261",0.1
"AX-90503148","7","1077644",0.1
"AX-90477887","11","1098621",0.05
"AX-90500139","11","9246569",0
"AX-90337077","8","12148408",0
"AX-90372834","15","13281026",0.05
"AX-90305534","9","42280799",0.05
"AX-90409017","10","2042661",0.05
"AX-90514086","2","3969150",0.05
"AX-90367880","7","44387000",0
"AX-90371149","8","15415245",0.15
"AX-90319601","20","16803275",0
"AX-90433742","20","6130042",0.05
"AX-90385823","4","38549468",0
"AX-90387866","19","3985566",0.05
"AX-90449240","9","1290432",0.25
"AX-90353370","20","36484208",0.3
"AX-90468730","4","17760613",0
"AX-90374167","1","40966577",0.05
"AX-90327786","14","41355841",0
"AX-90321007","10","42036022",0
"AX-90474193","2","2173379",0
"AX-90418640","3","33733657",0.05
"AX-90446701","13","20796941",0.1
"AX-90445585","1","51967750",0.05
"AX-90357986","7","6529680",0.05
"AX-90413583","18","4623949",0.1
"AX-90369761","12","24176415",0
"AX-90498948","6","10930004",0
"AX-90524008","4","47160692",0.1
"AX-90376885","13","21450796",0
"AX-90453455","18","52919565",0.2
"AX-90343545","14","23052348",0
"AX-90307935","20","45204661",0.05
"AX-90392335","17","41505656",0.05
"AX-90500671","1","51953726",0
"AX-90435378","11","34344664",0.1
"AX-90522749","3","40107190",0
"AX-90364054","19","37765579",0
"AX-90443875","9","6958735",0.05
"AX-90475536","11","7671846",0.25
"AX-90491235","2","6180885",0
"AX-90446351","3","5897766",0.15
"AX-90464056","5","1609887",0
"AX-90372377","14","8542835",0
"AX-90392248","16","34119776",0
"AX-90342333","19","43916646",0
"AX-90305498","7","36445404",0
"AX-90384275","15","5587992",0.05
"AX-90492849","3","36792667",0.05
"AX-90465696","10","47171383",0
"AX-90458795","15","33219470",0.2
"AX-90429694","13","44094014",0
"AX-90496048","2","42791954",0
"AX-90448528","19","1306659",0.05
"AX-90372264","13","8092554",0
"AX-90487955","1","30493829",0
"AX-90417184","16","30793848",0
"AX-90517206","16","6034873",0
"AX-90430534","3","1005911",0
"AX-90306872","17","2137181",0
"AX-90449019","11","3638684",0
"AX-90427662","12","3617319",0.05
"AX-90372752","6","17278736",0
"AX-90513092","20","42555904",0
"AX-90369726","7","18745370",0
"AX-90493279","7","485334",0
"AX-90375221","12","38913166",0
"AX-90505675","14","1439682",0.05
"AX-90482716","13","36880852",0
"AX-90363676","11","6710865",0
"AX-90342706","6","10515028",0
"AX-90471564","3","13124696",0.05
"AX-90316044","14","2214497",0.45
"AX-90477779","16","6215610",0
"AX-90339162","10","2901083",0
"AX-90473766","10","39671178",0
"AX-90460145","18","50186817",0
"AX-90339997","9","33356342",0
"AX-90515494","19","46375724",0
"AX-90438845","12","28469452",0
"AX-90474278","5","31365816",0
"AX-90388391","19","38714259",0.1
"AX-90433305","15","5472747",0
"AX-90460545","19","40215535",0
"AX-90473166","10","51430601",0
"AX-90306802","3","36573437",0
"AX-90413641","6","5085422",0
"AX-90420312","20","23546035",0
"AX-90450725","14","6824862",0
"AX-90380450","7","17833139",0
"AX-90503744","20","36461483",0
"AX-90447322","20","41793498",0
"AX-90324760","10","24193211",0.1
"AX-90454536","9","7925617",0
"AX-90416830","18","48344034",0.15
"AX-90474577","15","19818871",0.1
"AX-90512333","4","12232227",0.2
"AX-90373196","15","51501890",0
"AX-90382948","18","12060496",0.1
"AX-90416301","14","39869667",0
"AX-90383735","13","45651551",0
"AX-90396126","14","22631271",0.05
"AX-90370157","17","36096843",0.15
"AX-90429731","8","7594",0
"AX-90425563","16","27792825",0
"AX-90457886","1","3037893",0
"AX-90476214","11","2749700",0
"AX-90351677","5","37477721",0
"AX-90394636","15","38167605",0.2
"AX-90445263","20","35151893",0
"AX-90361264","13","31247098",0.05
"AX-90319650","20","22638196",0.05
"AX-90434548","11","13878227",0
"AX-90495236","9","5493440",0
"AX-90379859","19","48008257",0
"AX-90319467","20","17857277",0
"AX-90426044","19","6159079",0.75
"AX-90388408","12","37823083",0
"AX-90382876","3","37098583",0
"AX-90318416","4","22894207",0
"AX-90443393","7","44267941",0
"AX-90490179","19","169610",0
"AX-90506097","20","2049591",0.05
"AX-90354112","5","3627782",0.15
"AX-90424476","2","45587501",0
"AX-90331391","7","44290472",0
"AX-90518596","11","8054133",0
"AX-90364503","14","43663998",0
"AX-90365563","5","2204039",0
"AX-90413775","17","29376535",0
"AX-90435985","12","32386342",0.3
"AX-90449873","17","15358665",0
"AX-90427612","19","49190746",0.05
"AX-90345870","10","21517577",0
"AX-90507457","13","38321507",0.3
"AX-90522184","5","1972125",0
"AX-90457427","17","40757108",0.15
"AX-90437091","18","20881671",0
"AX-90511055","7","4966257",0.05
"AX-90513424","11","8665535",0
"AX-90362934","17","7333733",0
"AX-90407230","1","52848657",0
"AX-90469165","11","26935350",0
"AX-90416456","11","2380712",0
"AX-90522145","3","39436293",0.05
"AX-90512931","6","35125946",0
